{"Version":"0.0.0","Data":{"GameState":"{\"Version\":\"0.0.0\",\"GameName\":\"Custom 4 Days 18:14:04\",\"SaveTime\":\"2024-02-12T16:36:53.4048272-08:00\",\"GameType\":\"Custom\",\"GameId\":\"4613be30-5483-4984-807a-338f9264a731\",\"GameDays\":4,\"GameHours\":18,\"GameMinutes\":14,\"GameSeconds\":25,\"GameMilliseconds\":355,\"CrashSite\":\"snow\",\"NamedIntDatas\":[{\"SaveObjectNameId\":\"None\"},{\"SaveObjectNameId\":\"LuxuryBunker.HellDoorCaveEntrance\"},{\"SaveObjectNameId\":\"HangingTacticalGpsPickedUp\"},{\"SaveObjectNameId\":\"BuriedTacticalGpsPickedUp\"},{\"SaveObjectNameId\":\"RaftTacticalGpsPickeUp\"},{\"SaveObjectNameId\":\"BunkerA.EntranceHatch\"},{\"SaveObjectNameId\":\"BunkerB.EntranceHatch\"},{\"SaveObjectNameId\":\"BunkerC.EntranceHatch\"}]}"}}