{"Version":"0.0.0","Data":{"GameState":"{\"Version\":\"0.0.0\",\"GameName\":\"Custom 32 Days 14:35:43\",\"SaveTime\":\"2024-02-16T14:45:32.6178031-08:00\",\"GameType\":\"Custom\",\"GameId\":\"4613be30-5483-4984-807a-338f9264a731\",\"GameDays\":32,\"GameHours\":14,\"GameMinutes\":36,\"GameSeconds\":1,\"GameMilliseconds\":912,\"CrashSite\":\"snow\",\"NamedIntDatas\":[{\"SaveObjectNameId\":\"None\"},{\"SaveObjectNameId\":\"LuxuryBunker.HellDoorCaveEntrance\"},{\"SaveObjectNameId\":\"HangingTacticalGpsPickedUp\",\"SaveValue\":1},{\"SaveObjectNameId\":\"BuriedTacticalGpsPickedUp\",\"SaveValue\":1},{\"SaveObjectNameId\":\"RaftTacticalGpsPickeUp\",\"SaveValue\":1},{\"SaveObjectNameId\":\"BunkerA.EntranceHatch\"},{\"SaveObjectNameId\":\"BunkerB.EntranceHatch\"},{\"SaveObjectNameId\":\"BunkerC.EntranceHatch\"},{\"SaveObjectNameId\":\"HangingTactical\",\"SaveValue\":1},{\"SaveObjectNameId\":\"HangingTacticalCutDown\",\"SaveValue\":1},{\"SaveObjectNameId\":\"CaveC.Sluggy\",\"SaveValue\":3},{\"SaveObjectNameId\":\"CaveA.BoardsA\"},{\"SaveObjectNameId\":\"CaveA.BoardsB\"},{\"SaveObjectNameId\":\"CaveB.BoardsB\"},{\"SaveObjectNameId\":\"CaveB.Sluggy\",\"SaveValue\":3},{\"SaveObjectNameId\":\"CaveB.BoardsA\"}]}"}}