{"Version":"0.0.0","Data":{"FreeFormStructureLinkerManager":"{\"_nodeLinkersData\":[{\"_typeId\":4,\"_instanceId\":8},{\"_typeId\":22,\"_instanceId\":2},{\"_typeId\":4,\"_instanceId\":9}],\"_builtLinkersData\":[{\"_typeId\":2,\"_instanceId\":1},null,null,null,null,{\"_typeId\":4,\"_instanceId\":3},{\"_typeId\":8,\"_instanceId\":1},{\"_typeId\":22,\"_instanceId\":3},{\"_typeId\":22,\"_instanceId\":3},{\"_typeId\":22,\"_instanceId\":3},{\"_typeId\":4,\"_instanceId\":8},null,{\"_typeId\":22,\"_instanceId\":6},{\"_typeId\":4,\"_instanceId\":1},{\"_typeId\":22,\"_instanceId\":2},{\"_typeId\":22,\"_instanceId\":4}]}"}}