{"Version":"0.0.0","Data":{"FreeFormStructureLinkerManager":"{\"_nodeLinkersData\":[],\"_builtLinkersData\":[{\"_typeId\":2,\"_instanceId\":1},null,null,{\"_typeId\":8,\"_instanceId\":1},null,{\"_typeId\":22,\"_instanceId\":2},{\"_typeId\":4,\"_instanceId\":24},null,{\"_typeId\":4,\"_instanceId\":33},null,null,{\"_typeId\":22,\"_instanceId\":8},{\"_typeId\":22,\"_instanceId\":8},{\"_typeId\":22,\"_instanceId\":6},{\"_typeId\":22,\"_instanceId\":9},{\"_typeId\":22,\"_instanceId\":7},{\"_typeId\":22,\"_instanceId\":9},null,null,{\"_typeId\":8,\"_instanceId\":10},{\"_typeId\":8,\"_instanceId\":10},{\"_typeId\":4,\"_instanceId\":7},null,null,null,{\"_typeId\":4,\"_instanceId\":52},{\"_typeId\":3,\"_instanceId\":87},{\"_typeId\":4,\"_instanceId\":26},{\"_typeId\":4,\"_instanceId\":26},{\"_typeId\":22,\"_instanceId\":3},{\"_typeId\":3,\"_instanceId\":102},{\"_typeId\":3,\"_instanceId\":60},{\"_typeId\":3,\"_instanceId\":74},{\"_typeId\":4,\"_instanceId\":3},{\"_typeId\":4,\"_instanceId\":27},{\"_typeId\":4,\"_instanceId\":21},null,null,null,null,{\"_typeId\":3,\"_instanceId\":310},{\"_typeId\":3,\"_instanceId\":241},{\"_typeId\":3,\"_instanceId\":237},{\"_typeId\":3,\"_instanceId\":292}]}"}}