{"Version":"0.0.0","Data":{"ScrewStructureNodeInstances":"{\"_structures\":[{\"Id\":38,\"Pos\":{\"x\":-190.157928,\"y\":373.969727,\"z\":64.4698639},\"Rot\":{\"y\":0.757991433,\"w\":0.6522646},\"Added\":10},{\"Id\":29,\"Pos\":{\"x\":-203.881943,\"y\":376.160919,\"z\":23.9279633},\"Rot\":{\"y\":-0.15639,\"w\":-0.9876954},\"Added\":3},{\"Id\":60,\"Pos\":{\"x\":-202.841858,\"y\":376.160919,\"z\":29.7647667},\"Rot\":{\"y\":0.613457859,\"w\":-0.789727449},\"Added\":2},{\"Id\":20,\"Pos\":{\"x\":-206.839813,\"y\":376.160919,\"z\":26.4735756},\"Rot\":{\"y\":-0.625878632,\"w\":-0.7799205}}]}"}}