{"Version":"0.0.0","Data":{"StructureDestruction":"{\"Version\":\"0.0.0\",\"Data\":[{\"TypeID\":9,\"InstanceID\":15,\"Info\":{\"Health\":375.0,\"MaxHealth\":1200.0,\"ElementCount\":2,\"MaxElements\":5,\"BreakCount\":3.75}},{\"TypeID\":9,\"InstanceID\":16,\"Info\":{\"Health\":225.0,\"MaxHealth\":1200.0,\"ElementCount\":1,\"MaxElements\":5,\"BreakCount\":3.75}},{\"TypeID\":9,\"InstanceID\":12,\"Info\":{\"Health\":1170.0,\"MaxHealth\":1200.0,\"ElementCount\":5,\"MaxElements\":5,\"BreakCount\":3.75,\"CanBreakTopElement\":true}},{\"TypeID\":21,\"InstanceID\":1,\"Info\":{\"Health\":1554.0,\"MaxHealth\":1584.0,\"ElementCount\":2,\"MaxElements\":2,\"BreakCount\":1.5,\"CanBreakTopElement\":true}},{\"TypeID\":21,\"InstanceID\":2,\"Info\":{\"Health\":2148.0,\"MaxHealth\":2208.0,\"ElementCount\":2,\"MaxElements\":2,\"BreakCount\":1.5,\"CanBreakTopElement\":true}},{\"TypeID\":20,\"InstanceID\":30,\"Info\":{\"Health\":472.5,\"MaxHealth\":480.0,\"ElementCount\":1,\"MaxElements\":1,\"BreakCount\":0.75,\"CanBreakTopElement\":true}},{\"TypeID\":21,\"InstanceID\":3,\"Info\":{\"Health\":2203.0,\"MaxHealth\":2208.0,\"ElementCount\":2,\"MaxElements\":2,\"BreakCount\":1.5,\"CanBreakTopElement\":true}},{\"TypeID\":2,\"InstanceID\":186,\"Info\":{\"Health\":98.0,\"MaxHealth\":138.0,\"ElementCount\":1,\"MaxElements\":1,\"BreakCount\":0.75,\"CanBreakTopElement\":true}},{\"TypeID\":3,\"InstanceID\":353,\"Info\":{\"Health\":60.0,\"MaxHealth\":90.0,\"ElementCount\":1,\"MaxElements\":1,\"BreakCount\":0.75,\"CanBreakTopElement\":true}},{\"TypeID\":2,\"InstanceID\":206,\"Info\":{\"Health\":10.5,\"MaxHealth\":138.0,\"ElementCount\":1,\"MaxElements\":1,\"BreakCount\":0.75,\"CanBreakTopElement\":true}},{\"TypeID\":2,\"InstanceID\":134,\"Info\":{\"Health\":174.499985,\"MaxHealth\":176.999985,\"ElementCount\":1,\"MaxElements\":1,\"BreakCount\":0.75,\"CanBreakTopElement\":true}},{\"TypeID\":2,\"InstanceID\":101,\"Info\":{\"Health\":79.0,\"MaxHealth\":99.0,\"ElementCount\":1,\"MaxElements\":1,\"BreakCount\":0.75,\"CanBreakTopElement\":true}},{\"TypeID\":2,\"InstanceID\":93,\"Info\":{\"Health\":58.0,\"MaxHealth\":138.0,\"ElementCount\":1,\"MaxElements\":1,\"BreakCount\":0.75,\"CanBreakTopElement\":true}},{\"TypeID\":3,\"InstanceID\":220,\"Info\":{\"Health\":40.0,\"MaxHealth\":60.0,\"ElementCount\":1,\"MaxElements\":1,\"BreakCount\":0.75,\"CanBreakTopElement\":true}},{\"TypeID\":2,\"InstanceID\":94,\"Info\":{\"Health\":15.5,\"MaxHealth\":138.0,\"ElementCount\":1,\"MaxElements\":1,\"BreakCount\":0.75,\"CanBreakTopElement\":true}},{\"TypeID\":2,\"InstanceID\":220,\"Info\":{\"Health\":253.374969,\"MaxHealth\":318.374969,\"ElementCount\":1,\"MaxElements\":1,\"BreakCount\":0.75,\"CanBreakTopElement\":true}},{\"TypeID\":2,\"InstanceID\":132,\"Info\":{\"Health\":134.5,\"MaxHealth\":138.0,\"ElementCount\":1,\"MaxElements\":1,\"BreakCount\":0.75,\"CanBreakTopElement\":true}},{\"TypeID\":3,\"InstanceID\":369,\"Info\":{\"Health\":87.5,\"MaxHealth\":90.0,\"ElementCount\":1,\"MaxElements\":1,\"BreakCount\":0.75,\"CanBreakTopElement\":true}},{\"TypeID\":3,\"InstanceID\":375,\"Info\":{\"Health\":85.0,\"MaxHealth\":90.0,\"ElementCount\":1,\"MaxElements\":1,\"BreakCount\":0.75,\"CanBreakTopElement\":true}},{\"TypeID\":2,\"InstanceID\":165,\"Info\":{\"Health\":347.2215,\"MaxHealth\":427.2215,\"ElementCount\":1,\"MaxElements\":1,\"BreakCount\":0.75,\"CanBreakTopElement\":true}},{\"TypeID\":3,\"InstanceID\":318,\"Info\":{\"Health\":418.754639,\"MaxHealth\":538.754639,\"ElementCount\":1,\"MaxElements\":1,\"BreakCount\":0.75,\"CanBreakTopElement\":true}}]}"}}