{"Version":"0.0.0","Data":{"PlayerInventory":"{\"Version\":\"0.0.0\",\"QuickSelect\":{\"Version\":\"0.0.0\",\"Slots\":[{\"ItemId\":379,\"Age\":71.04084},{\"ItemId\":474,\"Age\":71.04084},{\"ItemId\":393,\"Age\":71.04084},{\"ItemId\":355,\"Age\":71.04084},{\"ItemId\":451,\"Age\":1869.23315},{\"ItemId\":454,\"Age\":71.04084},{\"ItemId\":425,\"Age\":71.04084},{\"ItemId\":476,\"Age\":71.04084},{\"ItemId\":589,\"Age\":71.04084}]},\"EquippedItems\":[],\"ItemInstanceManagerData\":{\"Version\":\"0.0.0\",\"ItemBlocks\":[{\"ItemId\":402,\"TotalCount\":1,\"UniqueItems\":[{\"Modules\":[{\"Version\":\"0.0.0\"},{\"AmmoType\":-1,\"CurrentAmmo\":-1,\"WeaponModIds\":[],\"Version\":\"0.0.0\",\"ModuleId\":4}]}]},{\"ItemId\":380,\"TotalCount\":1,\"UniqueItems\":[{\"Modules\":[{\"Version\":\"0.0.0\"}]}]},{\"ItemId\":351,\"TotalCount\":1,\"UniqueItems\":[]},{\"ItemId\":552,\"TotalCount\":1,\"UniqueItems\":[]},{\"ItemId\":690,\"TotalCount\":1,\"UniqueItems\":[]},{\"ItemId\":486,\"TotalCount\":1,\"UniqueItems\":[]},{\"ItemId\":589,\"TotalCount\":1,\"UniqueItems\":[]},{\"ItemId\":413,\"TotalCount\":1,\"UniqueItems\":[]},{\"ItemId\":419,\"TotalCount\":27,\"UniqueItems\":[]},{\"ItemId\":504,\"TotalCount\":5,\"UniqueItems\":[]},{\"ItemId\":387,\"TotalCount\":5,\"UniqueItems\":[]},{\"ItemId\":523,\"TotalCount\":10,\"UniqueItems\":[]},{\"ItemId\":362,\"TotalCount\":13,\"UniqueItems\":[]},{\"ItemId\":476,\"TotalCount\":30,\"UniqueItems\":[]},{\"ItemId\":446,\"TotalCount\":20,\"UniqueItems\":[]},{\"ItemId\":452,\"TotalCount\":20,\"UniqueItems\":[]},{\"ItemId\":474,\"TotalCount\":5,\"UniqueItems\":[{\"Modules\":[{\"Version\":\"0.0.0\"},{\"AmmoType\":474,\"CurrentAmmo\":1,\"WeaponModIds\":[],\"Version\":\"0.0.0\",\"ModuleId\":4}]},{\"Modules\":[{\"Version\":\"0.0.0\"},{\"AmmoType\":474,\"CurrentAmmo\":1,\"WeaponModIds\":[],\"Version\":\"0.0.0\",\"ModuleId\":4}]},{\"Modules\":[{\"Version\":\"0.0.0\"},{\"AmmoType\":474,\"CurrentAmmo\":1,\"WeaponModIds\":[],\"Version\":\"0.0.0\",\"ModuleId\":4}]},{\"Modules\":[{\"ChannelWeights\":{\"x\":0.00723152654},\"Version\":\"0.0.0\"},{\"AmmoType\":474,\"CurrentAmmo\":1,\"WeaponModIds\":[],\"Version\":\"0.0.0\",\"ModuleId\":4}]},{\"Modules\":[{\"ChannelWeights\":{\"x\":0.382382721},\"Version\":\"0.0.0\"},{\"AmmoType\":474,\"CurrentAmmo\":1,\"WeaponModIds\":[],\"Version\":\"0.0.0\",\"ModuleId\":4}]}]},{\"ItemId\":465,\"TotalCount\":9,\"UniqueItems\":[]},{\"ItemId\":410,\"TotalCount\":29,\"UniqueItems\":[]},{\"ItemId\":445,\"TotalCount\":20,\"UniqueItems\":[]},{\"ItemId\":449,\"TotalCount\":13,\"UniqueItems\":[]},{\"ItemId\":453,\"TotalCount\":4,\"UniqueItems\":[]},{\"ItemId\":448,\"TotalCount\":13,\"UniqueItems\":[]},{\"ItemId\":484,\"TotalCount\":1000,\"UniqueItems\":[]},{\"ItemId\":601,\"TotalCount\":2,\"UniqueItems\":[]},{\"ItemId\":403,\"TotalCount\":9,\"UniqueItems\":[]},{\"ItemId\":605,\"TotalCount\":3,\"UniqueItems\":[]},{\"ItemId\":420,\"TotalCount\":8,\"UniqueItems\":[]},{\"ItemId\":590,\"TotalCount\":1,\"UniqueItems\":[]},{\"ItemId\":600,\"TotalCount\":3,\"UniqueItems\":[]},{\"ItemId\":432,\"TotalCount\":1,\"UniqueItems\":[]},{\"ItemId\":534,\"TotalCount\":1,\"UniqueItems\":[]},{\"ItemId\":524,\"TotalCount\":13,\"UniqueItems\":[]},{\"ItemId\":414,\"TotalCount\":4,\"UniqueItems\":[]},{\"ItemId\":454,\"TotalCount\":10,\"UniqueItems\":[]},{\"ItemId\":597,\"TotalCount\":6,\"UniqueItems\":[]},{\"ItemId\":397,\"TotalCount\":4,\"UniqueItems\":[]},{\"ItemId\":603,\"TotalCount\":6,\"UniqueItems\":[]},{\"ItemId\":606,\"TotalCount\":4,\"UniqueItems\":[]},{\"ItemId\":373,\"TotalCount\":7,\"UniqueItems\":[{\"Modules\":[{\"Version\":\"0.0.0\",\"ModuleId\":9}]},{\"Modules\":[{\"Version\":\"0.0.0\",\"ModuleId\":9}]},{\"Modules\":[{\"Version\":\"0.0.0\",\"ModuleId\":9}]},{\"Modules\":[{\"Version\":\"0.0.0\",\"ModuleId\":9}]},{\"Modules\":[{\"Version\":\"0.0.0\",\"ModuleId\":9}]},{\"Modules\":[{\"Version\":\"0.0.0\",\"ModuleId\":9}]},{\"Modules\":[{\"Version\":\"0.0.0\",\"ModuleId\":9}]}]},{\"ItemId\":479,\"TotalCount\":27,\"UniqueItems\":[]},{\"ItemId\":443,\"TotalCount\":1,\"UniqueItems\":[{\"Modules\":[{\"AmmoType\":373,\"CurrentAmmo\":1,\"WeaponModIds\":[],\"Version\":\"0.0.0\",\"ModuleId\":4}]}]},{\"ItemId\":496,\"TotalCount\":372,\"UniqueItems\":[]},{\"ItemId\":599,\"TotalCount\":20,\"UniqueItems\":[]},{\"ItemId\":529,\"TotalCount\":2,\"UniqueItems\":[{\"Modules\":[{\"ShowBreadcrumbs\":true,\"Version\":\"0.0.0\",\"ModuleId\":2}]},{\"Modules\":[{\"IconIndex\":7,\"Version\":\"0.0.0\",\"ModuleId\":2}]}]},{\"ItemId\":450,\"TotalCount\":6,\"UniqueItems\":[]},{\"ItemId\":694,\"TotalCount\":1,\"UniqueItems\":[]},{\"ItemId\":400,\"TotalCount\":3,\"UniqueItems\":[]},{\"ItemId\":447,\"TotalCount\":16,\"UniqueItems\":[]},{\"ItemId\":604,\"TotalCount\":8,\"UniqueItems\":[]},{\"ItemId\":506,\"TotalCount\":1,\"UniqueItems\":[]},{\"ItemId\":466,\"TotalCount\":4,\"UniqueItems\":[]},{\"ItemId\":451,\"TotalCount\":13,\"UniqueItems\":[]},{\"ItemId\":503,\"TotalCount\":1,\"UniqueItems\":[{\"Modules\":[{\"Version\":\"0.0.0\"}]}]},{\"ItemId\":596,\"TotalCount\":14,\"UniqueItems\":[]},{\"ItemId\":393,\"TotalCount\":10,\"UniqueItems\":[]},{\"ItemId\":422,\"TotalCount\":1,\"UniqueItems\":[{\"Modules\":[{\"Version\":\"0.0.0\"}]}]},{\"ItemId\":418,\"TotalCount\":4,\"UniqueItems\":[]},{\"ItemId\":416,\"TotalCount\":2,\"UniqueItems\":[]},{\"ItemId\":368,\"TotalCount\":6,\"UniqueItems\":[]},{\"ItemId\":415,\"TotalCount\":21,\"UniqueItems\":[]},{\"ItemId\":491,\"TotalCount\":1,\"UniqueItems\":[]},{\"ItemId\":502,\"TotalCount\":40,\"UniqueItems\":[]},{\"ItemId\":430,\"TotalCount\":3,\"UniqueItems\":[]},{\"ItemId\":613,\"TotalCount\":1,\"UniqueItems\":[]},{\"ItemId\":469,\"TotalCount\":4,\"UniqueItems\":[]},{\"ItemId\":353,\"TotalCount\":1,\"UniqueItems\":[{\"Modules\":[{\"AmmoType\":369,\"CurrentAmmo\":1,\"WeaponModIds\":[],\"Version\":\"0.0.0\",\"ModuleId\":4}]}]},{\"ItemId\":471,\"TotalCount\":1,\"UniqueItems\":[{\"Modules\":[{\"RecipeId\":-1,\"CurrentVolume\":52,\"Version\":\"0.0.0\",\"ModuleId\":7}]}]},{\"ItemId\":355,\"TotalCount\":1,\"UniqueItems\":[{\"Modules\":[{\"ChannelWeights\":{\"x\":1.401298E-45},\"Version\":\"0.0.0\"},{\"Version\":\"0.0.0\",\"ModuleId\":8},{\"AmmoType\":362,\"CurrentAmmo\":9,\"WeaponModIds\":[608885360],\"Version\":\"0.0.0\",\"ModuleId\":4}]}]},{\"ItemId\":437,\"TotalCount\":2,\"UniqueItems\":[]},{\"ItemId\":459,\"TotalCount\":1,\"UniqueItems\":[{\"Modules\":[{\"AmmoType\":476,\"CurrentAmmo\":1,\"WeaponModIds\":[],\"Version\":\"0.0.0\",\"ModuleId\":4}]}]},{\"ItemId\":396,\"TotalCount\":1,\"UniqueItems\":[{\"Modules\":[{\"RecipeId\":-1,\"CurrentVolume\":100,\"Version\":\"0.0.0\",\"ModuleId\":7},{\"Version\":\"0.0.0\"}]}]},{\"ItemId\":545,\"TotalCount\":1,\"UniqueItems\":[]},{\"ItemId\":522,\"TotalCount\":1,\"UniqueItems\":[{\"Modules\":[{\"AmmoType\":523,\"CurrentAmmo\":1,\"WeaponModIds\":[],\"Version\":\"0.0.0\",\"ModuleId\":4}]}]},{\"ItemId\":499,\"TotalCount\":1,\"UniqueItems\":[]},{\"ItemId\":485,\"TotalCount\":1,\"UniqueItems\":[{\"Modules\":[{\"Version\":\"0.0.0\"}]}]},{\"ItemId\":358,\"TotalCount\":1,\"UniqueItems\":[{\"Modules\":[{\"Version\":\"0.0.0\",\"ModuleId\":8},{\"AmmoType\":364,\"CurrentAmmo\":2,\"WeaponModIds\":[],\"Version\":\"0.0.0\",\"ModuleId\":4}]}]},{\"ItemId\":369,\"TotalCount\":14,\"UniqueItems\":[]},{\"ItemId\":379,\"TotalCount\":1,\"UniqueItems\":[{\"Modules\":[{\"ChannelWeights\":{\"x\":8.407791E-45},\"Version\":\"0.0.0\"},{\"Version\":\"0.0.0\",\"ModuleId\":8}]}]},{\"ItemId\":495,\"TotalCount\":2,\"UniqueItems\":[]},{\"ItemId\":444,\"TotalCount\":1,\"UniqueItems\":[{\"Modules\":[{\"RecipeId\":-1,\"CurrentVolume\":577,\"Version\":\"0.0.0\",\"ModuleId\":7}]}]},{\"ItemId\":619,\"TotalCount\":1,\"UniqueItems\":[]},{\"ItemId\":392,\"TotalCount\":16,\"UniqueItems\":[]},{\"ItemId\":439,\"TotalCount\":3,\"UniqueItems\":[]},{\"ItemId\":557,\"TotalCount\":1,\"UniqueItems\":[]},{\"ItemId\":651,\"TotalCount\":1,\"UniqueItems\":[]},{\"ItemId\":602,\"TotalCount\":2,\"UniqueItems\":[]},{\"ItemId\":481,\"TotalCount\":2,\"UniqueItems\":[{\"Modules\":[{\"SourceActorType\":29,\"Version\":\"0.0.0\",\"ModuleId\":1},{\"CurrentState\":3,\"TimeRemainingInState\":-3889.865,\"Version\":\"0.0.0\",\"ModuleId\":3},{\"Version\":\"0.0.0\"}]},{\"Modules\":[{\"SourceActorType\":29,\"Version\":\"0.0.0\",\"ModuleId\":1},{\"CurrentState\":3,\"TimeRemainingInState\":-3889.865,\"Version\":\"0.0.0\",\"ModuleId\":3},{\"Version\":\"0.0.0\"}]}]},{\"ItemId\":441,\"TotalCount\":5,\"UniqueItems\":[]},{\"ItemId\":434,\"TotalCount\":5,\"UniqueItems\":[]},{\"ItemId\":425,\"TotalCount\":3,\"UniqueItems\":[]},{\"ItemId\":569,\"TotalCount\":1,\"UniqueItems\":[]},{\"ItemId\":571,\"TotalCount\":2,\"UniqueItems\":[]},{\"ItemId\":542,\"TotalCount\":1,\"UniqueItems\":[]},{\"ItemId\":518,\"TotalCount\":2,\"UniqueItems\":[]},{\"ItemId\":594,\"TotalCount\":1,\"UniqueItems\":[]},{\"ItemId\":467,\"TotalCount\":1,\"UniqueItems\":[]},{\"ItemId\":566,\"TotalCount\":1,\"UniqueItems\":[]},{\"ItemId\":618,\"TotalCount\":3,\"UniqueItems\":[{\"Modules\":[{\"Version\":\"0.0.0\",\"ModuleId\":9}]},{\"Modules\":[{\"Version\":\"0.0.0\",\"ModuleId\":9}]},{\"Modules\":[{\"Version\":\"0.0.0\",\"ModuleId\":9}]}]},{\"ItemId\":375,\"TotalCount\":1,\"UniqueItems\":[]},{\"ItemId\":538,\"TotalCount\":1,\"UniqueItems\":[]},{\"ItemId\":426,\"TotalCount\":1,\"UniqueItems\":[{\"Modules\":[{\"RecipeId\":-1,\"Version\":\"0.0.0\",\"ModuleId\":7}]}]},{\"ItemId\":423,\"TotalCount\":1,\"UniqueItems\":[]},{\"ItemId\":492,\"TotalCount\":1,\"UniqueItems\":[]},{\"ItemId\":391,\"TotalCount\":1,\"UniqueItems\":[]},{\"ItemId\":553,\"TotalCount\":1,\"UniqueItems\":[]},{\"ItemId\":431,\"TotalCount\":1,\"UniqueItems\":[{\"Modules\":[{\"Version\":\"0.0.0\"},{\"Version\":\"0.0.0\",\"ModuleId\":8}]}]},{\"ItemId\":517,\"TotalCount\":1,\"UniqueItems\":[{\"Modules\":[{\"RecipeId\":-1,\"Version\":\"0.0.0\",\"ModuleId\":7}]}]},{\"ItemId\":480,\"TotalCount\":2,\"UniqueItems\":[{\"Modules\":[{\"SourceActorType\":29,\"Version\":\"0.0.0\",\"ModuleId\":1},{\"CurrentState\":3,\"TimeRemainingInState\":-3889.865,\"Version\":\"0.0.0\",\"ModuleId\":3},{\"Version\":\"0.0.0\"}]},{\"Modules\":[{\"SourceActorType\":29,\"Version\":\"0.0.0\",\"ModuleId\":1},{\"CurrentState\":3,\"TimeRemainingInState\":-3889.865,\"Version\":\"0.0.0\",\"ModuleId\":3},{\"Version\":\"0.0.0\"}]}]},{\"ItemId\":527,\"TotalCount\":3,\"UniqueItems\":[]},{\"ItemId\":390,\"TotalCount\":200,\"UniqueItems\":[]},{\"ItemId\":468,\"TotalCount\":1,\"UniqueItems\":[{\"Modules\":[{\"Version\":\"0.0.0\",\"ModuleId\":8}]}]},{\"ItemId\":521,\"TotalCount\":1,\"UniqueItems\":[]},{\"ItemId\":412,\"TotalCount\":1,\"UniqueItems\":[]},{\"ItemId\":482,\"TotalCount\":1,\"UniqueItems\":[{\"Modules\":[{\"SourceActorType\":55,\"Version\":\"0.0.0\",\"ModuleId\":1},{\"CurrentState\":3,\"TimeRemainingInState\":-3888.96167,\"Version\":\"0.0.0\",\"ModuleId\":3}]}]},{\"ItemId\":356,\"TotalCount\":1,\"UniqueItems\":[{\"Modules\":[{\"ChannelWeights\":{\"x\":1.53193581E-34},\"Version\":\"0.0.0\"},{\"Version\":\"0.0.0\",\"ModuleId\":8}]}]}]}}"}}