{"Version":"0.0.0","Data":{"WorldItemManager":"{\"Version\":\"0.0.0\",\"WorldItemStates\":[{\"ObjectNameId\":\"\",\"ItemId\":590,\"Position\":{\"x\":1549.77966,\"y\":138.415,\"z\":-278.405579},\"Rotation\":{\"x\":0.3454943,\"y\":118.832779,\"z\":3.14218426},\"Unnamed\":true},{\"ObjectNameId\":\"\",\"ItemId\":590,\"Position\":{\"x\":1187.866,\"y\":128.795,\"z\":806.264},\"Rotation\":{\"x\":6.956867,\"y\":91.84704,\"z\":4.64985466},\"Unnamed\":true},{\"ObjectNameId\":\"World.GolfCart.01\",\"Position\":{\"x\":735.561462,\"y\":92.11,\"z\":1492.85645},\"Rotation\":{\"y\":59.3326035}},{\"ObjectNameId\":\"World.GolfCart.02\",\"Position\":{\"x\":1030.9928,\"y\":83.629,\"z\":1523.309},\"Rotation\":{\"y\":310.235138}},{\"ObjectNameId\":\"World.GolfCart.03\",\"Position\":{\"x\":1582.8606,\"y\":98.373,\"z\":1340.59045},\"Rotation\":{\"y\":146.876465}},{\"ObjectNameId\":\"World.GolfCart.04\",\"Position\":{\"x\":1014.11,\"y\":140.11,\"z\":1223.06},\"Rotation\":{\"y\":146.876465}},{\"ObjectNameId\":\"World.GolfCart.05\",\"Position\":{\"x\":1903.9,\"y\":15.253,\"z\":461.64},\"Rotation\":{\"y\":146.876465}},{\"ObjectNameId\":\"World.GolfCart.06\",\"Position\":{\"x\":1839.567,\"y\":15.09,\"z\":355.608978},\"Rotation\":{\"y\":97.15335}},{\"ObjectNameId\":\"World.GolfCart.07\",\"Position\":{\"x\":1707.07,\"y\":45.61,\"z\":561.72},\"Rotation\":{\"x\":356.325043,\"y\":229.34375,\"z\":1.9684552}},{\"ObjectNameId\":\"World.GolfCart.08\",\"Position\":{\"x\":897.75,\"y\":154.85,\"z\":927.72},\"Rotation\":{\"x\":1.01497149,\"y\":72.85578,\"z\":3.286398}},{\"ObjectNameId\":\"World.GolfCart.09\",\"Position\":{\"x\":1184.64734,\"y\":130.15,\"z\":800.166},\"Rotation\":{\"y\":304.951}},{\"ObjectNameId\":\"World.GolfCart.10\",\"Position\":{\"x\":-847.99,\"y\":138.363,\"z\":-1337.79},\"Rotation\":{\"y\":219.315521}},{\"ObjectNameId\":\"World.GolfCart.11\",\"Position\":{\"x\":-928.487061,\"y\":251.064,\"z\":-995.3917},\"Rotation\":{\"y\":185.738235}},{\"ObjectNameId\":\"World.GolfCart.12\",\"Position\":{\"x\":-891.3007,\"y\":251.091,\"z\":-918.248535},\"Rotation\":{\"y\":229.305862}},{\"ObjectNameId\":\"World.GolfCart.13\",\"Position\":{\"x\":1044.47864,\"y\":16.305,\"z\":1825.028},\"Rotation\":{\"x\":7.10553932}},{\"ObjectNameId\":\"World.GolfCart.14\",\"Position\":{\"x\":-716.72,\"y\":141.351,\"z\":-1227.72},\"Rotation\":{\"x\":13.4699831,\"y\":193.8168,\"z\":358.864166}},{\"ObjectNameId\":\"World.GolfCart.15\",\"Position\":{\"x\":-623.91,\"y\":214.313,\"z\":-1044.92},\"Rotation\":{\"x\":0.4103876,\"y\":195.45192,\"z\":359.991516}},{\"ObjectNameId\":\"World.HangGlider.01\",\"ItemId\":626,\"Position\":{\"x\":-504.4314,\"y\":322.9,\"z\":-307.391937},\"Rotation\":{\"x\":347.33783,\"y\":304.745667,\"z\":6.05460072}},{\"ObjectNameId\":\"World.HangGlider.02\",\"ItemId\":626,\"Position\":{\"x\":-129.59,\"y\":409.49,\"z\":-1028.08},\"Rotation\":{\"x\":345.409454,\"y\":329.2675,\"z\":0.93207866}},{\"ObjectNameId\":\"World.HangGlider.03\",\"ItemId\":626,\"Position\":{\"x\":366.28,\"y\":528.44,\"z\":-160.22},\"Rotation\":{\"x\":345.409454,\"y\":329.2675,\"z\":0.93207866}},{\"ObjectNameId\":\"World.HangGlider.04\",\"ItemId\":626,\"Position\":{\"x\":-1184.1,\"y\":221.613,\"z\":-1728.82288},\"Rotation\":{\"x\":334.249817,\"y\":201.601212,\"z\":0.28331387}},{\"ObjectNameId\":\"World.HangGlider.05\",\"ItemId\":626,\"Position\":{\"x\":730.2074,\"y\":369.476257,\"z\":737.528931},\"Rotation\":{\"x\":347.887054,\"y\":74.54709,\"z\":6.092104}},{\"ObjectNameId\":\"World.HangGlider.06\",\"ItemId\":626,\"Position\":{\"x\":1083.82,\"y\":276.317383,\"z\":-108.445892},\"Rotation\":{\"x\":344.984741,\"y\":55.88374,\"z\":1.21760261}},{\"ObjectNameId\":\"World.HangGlider.07\",\"ItemId\":626,\"Position\":{\"x\":797.909,\"y\":227.65,\"z\":974.662},\"Rotation\":{\"x\":344.984772,\"y\":85.53987,\"z\":1.21760166}},{\"ObjectNameId\":\"World.HangGlider.08\",\"ItemId\":626,\"Position\":{\"x\":-30.42196,\"y\":250.851,\"z\":665.780762},\"Rotation\":{\"x\":345.7998,\"y\":29.4513283,\"z\":359.714478},\"State\":1},{\"ObjectNameId\":\"World.HangGlider.09\",\"ItemId\":626,\"Position\":{\"x\":1297.53906,\"y\":193.973,\"z\":-30.139},\"Rotation\":{\"x\":344.984741,\"y\":92.78199,\"z\":1.217601}},{\"ObjectNameId\":\"World.HangGlider.10\",\"ItemId\":626,\"Position\":{\"x\":789.7307,\"y\":400.973053,\"z\":273.9027},\"Rotation\":{\"x\":347.482727,\"y\":134.715927,\"z\":6.64512062}},{\"ObjectNameId\":\"World.HangGlider.11\",\"ItemId\":626,\"Position\":{\"x\":-1772.03,\"y\":83.56678,\"z\":1171.02441},\"Rotation\":{\"x\":347.06366,\"y\":258.640076,\"z\":4.550671}},{\"ObjectNameId\":\"World.HangGlider.12\",\"ItemId\":626,\"Position\":{\"x\":-1297.054,\"y\":79.975,\"z\":1740.63477},\"Rotation\":{\"x\":345.6263,\"y\":51.9747849,\"z\":2.88373137}},{\"ObjectNameId\":\"World.HangGlider.13\",\"ItemId\":626,\"Position\":{\"x\":-799.537,\"y\":189.46,\"z\":-281.768},\"Rotation\":{\"x\":345.6263,\"y\":325.6798,\"z\":2.883733}},{\"ObjectNameId\":\"World.HangGlider.14\",\"ItemId\":626,\"Position\":{\"x\":846.108,\"y\":208.549,\"z\":1105.33716},\"Rotation\":{\"x\":345.6263,\"y\":41.03186,\"z\":2.88373685}},{\"ObjectNameId\":\"World.KnightV.01\",\"ItemId\":630,\"Position\":{\"x\":-1271.26,\"y\":103.854,\"z\":-14.9114027},\"Rotation\":{\"z\":326.879028},\"State\":1},{\"ObjectNameId\":\"World.KnightV.02\",\"ItemId\":630,\"Position\":{\"x\":-1121.4198,\"y\":37.108,\"z\":1628.24243},\"Rotation\":{\"x\":352.2902,\"y\":49.62521,\"z\":311.589752}},{\"ObjectNameId\":\"World.KnightV.03\",\"ItemId\":630,\"Position\":{\"x\":-238.128,\"y\":97.089,\"z\":950.960266},\"Rotation\":{\"x\":356.628723,\"y\":69.52765,\"z\":37.52209}},{\"ObjectNameId\":\"World.KnightV.04\",\"ItemId\":630,\"Position\":{\"x\":-1031.791,\"y\":226.86,\"z\":-625.11},\"Rotation\":{\"x\":351.3573,\"y\":158.840546,\"z\":335.1593},\"State\":1},{\"ObjectNameId\":\"World.KnightV.05\",\"ItemId\":630,\"Position\":{\"x\":1285.29871,\"y\":228.157,\"z\":-725.347},\"Rotation\":{\"x\":354.536316,\"y\":258.733917,\"z\":33.54773}},{\"ObjectNameId\":\"World.KnightV.06\",\"ItemId\":630,\"Position\":{\"x\":1106.58667,\"y\":87.5037155,\"z\":1622.528},\"Rotation\":{\"x\":353.512939,\"y\":186.727982,\"z\":59.38967}},{\"ObjectNameId\":\"World.KnightV.07\",\"ItemId\":630,\"Position\":{\"x\":1454.986,\"y\":192.25,\"z\":-417.372},\"Rotation\":{\"x\":355.17334,\"y\":306.921173,\"z\":323.681152}},{\"ObjectNameId\":\"World.KnightV.08\",\"ItemId\":630,\"Position\":{\"x\":-1092.74023,\"y\":93.476,\"z\":1277.42529},\"Rotation\":{\"x\":353.6405,\"y\":269.1214,\"z\":53.79985}},{\"ObjectNameId\":\"World.KnightV.09\",\"ItemId\":630,\"Position\":{\"x\":-1177.635,\"y\":227.554,\"z\":-1697.917},\"Rotation\":{\"x\":0.430921555,\"y\":210.561981,\"z\":312.084717}},{\"ObjectNameId\":\"World.KnightV.10\",\"ItemId\":630,\"Position\":{\"x\":-973.578,\"y\":272.885,\"z\":-783.283},\"Rotation\":{\"x\":359.134064,\"y\":148.511169,\"z\":308.603241}},{\"ObjectNameId\":\"World.KnightV.11\",\"ItemId\":630,\"Position\":{\"x\":-734.531,\"y\":134.001541,\"z\":28.555},\"Rotation\":{\"x\":359.134064,\"y\":275.3971,\"z\":308.603241}},{\"ObjectNameId\":\"World.KnightV.12\",\"ItemId\":630,\"Position\":{\"x\":-973.578,\"y\":272.885,\"z\":-783.283},\"Rotation\":{\"x\":359.134064,\"y\":148.511169,\"z\":308.603241}},{\"ObjectNameId\":\"World.KnightV.13\",\"ItemId\":630,\"Position\":{\"x\":-1132.82556,\"y\":278.821,\"z\":-1086.89417},\"Rotation\":{\"x\":356.135834,\"y\":114.3761,\"z\":40.2333832}},{\"ObjectNameId\":\"cb26e8f9-60aa-41e0-a5f6-5384aac70bea\",\"ItemId\":626,\"Position\":{\"x\":-841.6702,\"y\":163.276932,\"z\":-253.93927},\"Rotation\":{\"x\":355.101624,\"y\":339.0172,\"z\":180.368652},\"RuntimeCreated\":true},{\"ObjectNameId\":\"6913aee0-5b51-4826-bf7b-1920e6a2762f\",\"ItemId\":626,\"Position\":{\"x\":-449.940033,\"y\":243.753357,\"z\":-71.0183},\"Rotation\":{\"x\":357.2313,\"y\":138.140564,\"z\":7.09771872},\"RuntimeCreated\":true},{\"ObjectNameId\":\"c4d5365f-3ab4-4675-a399-e6cd724050fa\",\"ItemId\":630,\"Position\":{\"x\":-199.122055,\"y\":377.096222,\"z\":22.5947247},\"Rotation\":{\"x\":59.5075874,\"y\":121.580482,\"z\":90.0222},\"RuntimeCreated\":true},{\"ObjectNameId\":\"8746203b-2999-4a6e-95ca-8ad65b2ae0fd\",\"ItemId\":630,\"Position\":{\"x\":-198.750778,\"y\":377.0965,\"z\":22.22331},\"Rotation\":{\"x\":59.40849,\"y\":197.380249,\"z\":90.46394},\"RuntimeCreated\":true},{\"ObjectNameId\":\"c9dea893-302f-484a-b769-26fad112f024\",\"ItemId\":630,\"Position\":{\"x\":-198.434631,\"y\":377.12735,\"z\":21.7793579},\"Rotation\":{\"x\":340.96936,\"y\":338.2803,\"z\":250.499954},\"RuntimeCreated\":true},{\"ObjectNameId\":\"43360540-b3f8-4bbc-958b-0c6041c0aac9\",\"ItemId\":626,\"Position\":{\"x\":-930.007446,\"y\":88.5807343,\"z\":915.918762},\"Rotation\":{\"x\":346.967957,\"y\":175.32254,\"z\":343.69693},\"RuntimeCreated\":true},{\"ObjectNameId\":\"3e93d79c-5256-44ef-9561-5112f7bbcbf8\",\"ItemId\":630,\"Position\":{\"x\":-1147.39111,\"y\":62.6168671,\"z\":430.869171},\"Rotation\":{\"x\":0.3889447,\"y\":203.6261,\"z\":355.7545},\"RuntimeCreated\":true},{\"ObjectNameId\":\"aba8586a-4dcc-44f9-b75f-b19cdf3deeaa\",\"ItemId\":630,\"Position\":{\"x\":-921.784668,\"y\":88.5468445,\"z\":913.2376},\"Rotation\":{\"x\":0.008213302,\"y\":48.9250526,\"z\":109.692665},\"RuntimeCreated\":true},{\"ObjectNameId\":\"50091ab1-f1f0-4bda-b699-75c616feb896\",\"ItemId\":626,\"Position\":{\"x\":-942.7305,\"y\":90.2514343,\"z\":917.4648},\"Rotation\":{\"x\":354.142151,\"y\":313.882843,\"z\":173.714859},\"State\":1,\"RuntimeCreated\":true},{\"ObjectNameId\":\"de75a8ba-b5c5-4e46-8055-4904c33aa025\",\"ItemId\":626,\"State\":1,\"RuntimeCreated\":true},{\"ObjectNameId\":\"8ff1e979-288c-47de-b602-d578b9394805\",\"ItemId\":626,\"Position\":{\"x\":-931.8168,\"y\":89.78644,\"z\":918.668457},\"Rotation\":{\"x\":16.3449974,\"y\":345.790741,\"z\":194.671082},\"RuntimeCreated\":true}]}"}}