{"Version":"0.0.0","Data":{"Constructions":"{\"Version\":\"0.0.16\",\"Structures\":[[],[{\"TypeID\":1,\"Position\":{\"x\":-202.892975,\"y\":376.13974,\"z\":19.3637085},\"Rotation\":{\"y\":0.120438091,\"w\":0.992720842},\"LinkedStructures\":[{\"TypeID\":3,\"InstanceID\":2},{\"TypeID\":3,\"InstanceID\":22},{\"TypeID\":3},null,null,null,null],\"Elements\":[{\"ProfileID\":66,\"Position\":{\"x\":-202.892975,\"y\":376.13974,\"z\":19.3637085},\"Rotation\":{\"x\":0.0851625949,\"y\":0.70195967,\"z\":0.70195967,\"w\":-0.0851625949},\"LengthScale\":1.0}],\"Storages\":[]},{\"TypeID\":1,\"Position\":{\"x\":-205.087448,\"y\":376.13974,\"z\":19.9041119},\"Rotation\":{\"y\":-0.61679703,\"w\":0.78712225},\"LinkedStructures\":[{\"TypeID\":3},{\"TypeID\":3,\"InstanceID\":1},null,{\"TypeID\":3,\"InstanceID\":24},null,null,null],\"Elements\":[{\"ProfileID\":66,\"Position\":{\"x\":-205.087448,\"y\":376.13974,\"z\":19.9041119},\"Rotation\":{\"x\":-0.4361414,\"y\":0.556579351,\"z\":0.55657953,\"w\":0.436141372},\"LengthScale\":1.0}],\"Storages\":[]},{\"TypeID\":1,\"Position\":{\"x\":-207.2819,\"y\":376.13974,\"z\":20.44453},\"Rotation\":{\"y\":0.120437972,\"w\":0.992720842},\"LinkedStructures\":[{\"TypeID\":3,\"InstanceID\":3},{\"TypeID\":3,\"InstanceID\":25},{\"TypeID\":3,\"InstanceID\":14},{\"TypeID\":3,\"InstanceID\":1},null,null,null],\"Elements\":[{\"ProfileID\":66,\"Position\":{\"x\":-207.2819,\"y\":376.13974,\"z\":20.44453},\"Rotation\":{\"x\":0.08516254,\"y\":0.70195967,\"z\":0.70195967,\"w\":-0.08516254},\"LengthScale\":1.0}],\"Storages\":[]},{\"TypeID\":1,\"Position\":{\"x\":-203.433456,\"y\":376.13974,\"z\":17.1692448},\"Rotation\":{\"y\":0.7871222,\"w\":0.6167971},\"LinkedStructures\":[{\"TypeID\":3,\"InstanceID\":4},null,{\"TypeID\":3,\"InstanceID\":2},null,null,null,null],\"Elements\":[{\"ProfileID\":66,\"Position\":{\"x\":-203.433456,\"y\":376.13974,\"z\":17.1692448},\"Rotation\":{\"x\":-0.5565795,\"y\":-0.436141431,\"z\":-0.436141461,\"w\":0.556579351},\"LengthScale\":1.0}],\"Storages\":[]},{\"TypeID\":1,\"Position\":{\"x\":-207.822266,\"y\":376.13974,\"z\":18.2500954},\"Rotation\":{\"y\":0.120437972,\"w\":0.992720842},\"LinkedStructures\":[null,{\"TypeID\":3,\"InstanceID\":3},{\"TypeID\":3,\"InstanceID\":26},{\"TypeID\":3,\"InstanceID\":5},null,null,null],\"Elements\":[{\"ProfileID\":66,\"Position\":{\"x\":-207.822266,\"y\":376.13974,\"z\":18.2500954},\"Rotation\":{\"x\":0.08516254,\"y\":0.70195967,\"z\":0.70195967,\"w\":-0.08516254},\"LengthScale\":1.0}],\"Storages\":[]},{\"TypeID\":1,\"Position\":{\"x\":-205.6278,\"y\":376.13974,\"z\":17.709692},\"Rotation\":{\"y\":0.7871222,\"w\":0.6167971},\"LinkedStructures\":[{\"TypeID\":3,\"InstanceID\":5},{\"TypeID\":3,\"InstanceID\":4},null,null,null,null,null],\"Elements\":[{\"ProfileID\":66,\"Position\":{\"x\":-205.6278,\"y\":376.13974,\"z\":17.709692},\"Rotation\":{\"x\":-0.5565795,\"y\":-0.436141431,\"z\":-0.436141461,\"w\":0.556579351},\"LengthScale\":1.0}],\"Storages\":[]},{\"TypeID\":1,\"Position\":{\"x\":-205.6149,\"y\":375.885681,\"z\":26.1017933},\"Rotation\":{\"y\":0.833680153,\"w\":0.552247643},\"LinkedStructures\":[null,{\"TypeID\":20},{\"TypeID\":20,\"InstanceID\":2},null,null,null,null],\"Elements\":[{\"ProfileID\":226,\"Position\":{\"x\":-205.6149,\"y\":375.885681,\"z\":26.1017933},\"Rotation\":{\"x\":-0.5895009,\"y\":-0.390498042,\"z\":-0.390498042,\"w\":0.5895009},\"LengthScale\":1.0}],\"Storages\":[]},{\"TypeID\":1,\"Position\":{\"x\":-203.5339,\"y\":375.885681,\"z\":25.2202911},\"Rotation\":{\"y\":0.833680153,\"w\":0.552247643},\"LinkedStructures\":[{\"TypeID\":20},null,{\"TypeID\":20,\"InstanceID\":1},null,null,null,null],\"Elements\":[{\"ProfileID\":226,\"Position\":{\"x\":-203.5339,\"y\":375.885681,\"z\":25.2202911},\"Rotation\":{\"x\":-0.5895009,\"y\":-0.390498042,\"z\":-0.390498042,\"w\":0.5895009},\"LengthScale\":1.0}],\"Storages\":[]},{\"TypeID\":1,\"Position\":{\"x\":-202.6524,\"y\":375.885681,\"z\":27.3012886},\"Rotation\":{\"y\":0.199002862,\"w\":0.9799989},\"LinkedStructures\":[{\"TypeID\":20,\"InstanceID\":1},{\"TypeID\":20,\"InstanceID\":7},null,null,null,null,null],\"Elements\":[{\"ProfileID\":226,\"Position\":{\"x\":-202.6524,\"y\":375.885681,\"z\":27.3012886},\"Rotation\":{\"x\":0.14071627,\"y\":0.692963839,\"z\":0.6929639,\"w\":-0.14071627},\"LengthScale\":1.0}],\"Storages\":[]},{\"TypeID\":1,\"Position\":{\"x\":-204.7334,\"y\":375.885681,\"z\":28.1827927},\"Rotation\":{\"y\":0.199002862,\"w\":0.9799989},\"LinkedStructures\":[{\"TypeID\":20,\"InstanceID\":2},{\"TypeID\":20,\"InstanceID\":6},null,{\"TypeID\":20,\"InstanceID\":3},null,null,null],\"Elements\":[{\"ProfileID\":226,\"Position\":{\"x\":-204.7334,\"y\":375.885681,\"z\":28.1827927},\"Rotation\":{\"x\":0.14071627,\"y\":0.692963839,\"z\":0.6929639,\"w\":-0.14071627},\"LengthScale\":1.0}],\"Storages\":[]},{\"TypeID\":1,\"Position\":{\"x\":-202.6524,\"y\":375.885681,\"z\":27.30129},\"Rotation\":{\"y\":0.8336802,\"w\":0.5522475},\"LinkedStructures\":[{\"TypeID\":20,\"InstanceID\":3},null,null,null,null,null,null],\"Elements\":[{\"ProfileID\":226,\"Position\":{\"x\":-202.6524,\"y\":375.885681,\"z\":27.30129},\"Rotation\":{\"x\":-0.5895009,\"y\":-0.390497953,\"z\":-0.390497953,\"w\":0.589500964},\"LengthScale\":1.0}],\"Storages\":[]},{\"TypeID\":1,\"Position\":{\"x\":-212.211151,\"y\":376.090546,\"z\":19.3309288},\"Rotation\":{\"y\":-0.616797268,\"w\":0.7871221},\"LinkedStructures\":[{\"TypeID\":3,\"InstanceID\":20},null,null,null,null,null,null],\"Elements\":[],\"Storages\":[]},{\"TypeID\":1,\"Position\":{\"x\":-202.352554,\"y\":375.526337,\"z\":21.5581436},\"Rotation\":{\"y\":0.120438106,\"w\":0.992720842},\"LinkedStructures\":[{\"TypeID\":3,\"InstanceID\":22},null,null,null,null,null,null],\"Elements\":[],\"Storages\":[]},{\"TypeID\":1,\"Position\":{\"x\":-211.13031,\"y\":375.408569,\"z\":23.7198029},\"Rotation\":{\"y\":-0.616797268,\"w\":0.7871221},\"LinkedStructures\":[{\"TypeID\":3,\"InstanceID\":23},null,null,null,null,null,null],\"Elements\":[],\"Storages\":[]},{\"TypeID\":1,\"Position\":{\"x\":-208.935867,\"y\":376.13974,\"z\":23.1793861},\"Rotation\":{\"y\":0.120437831,\"w\":0.9927209},\"LinkedStructures\":[null,{\"TypeID\":3,\"InstanceID\":30},{\"TypeID\":3,\"InstanceID\":23},{\"TypeID\":3,\"InstanceID\":21},null,null,null],\"Elements\":[{\"ProfileID\":66,\"Position\":{\"x\":-208.935867,\"y\":376.13974,\"z\":23.1793861},\"Rotation\":{\"x\":0.08516242,\"y\":0.7019597,\"z\":0.7019597,\"w\":-0.08516242},\"LengthScale\":1.0}],\"Storages\":[]},{\"TypeID\":1,\"Position\":{\"x\":-204.547028,\"y\":375.683319,\"z\":22.098547},\"Rotation\":{\"y\":0.120438129,\"w\":0.9927209},\"LinkedStructures\":[{\"TypeID\":3,\"InstanceID\":24},null,null,null,null,null,null],\"Elements\":[],\"Storages\":[]},{\"TypeID\":1,\"Position\":{\"x\":-206.741486,\"y\":375.9692,\"z\":22.6389656},\"Rotation\":{\"y\":0.120437965,\"w\":0.9927209},\"LinkedStructures\":[{\"TypeID\":3,\"InstanceID\":25},null,null,null,null,null,null],\"Elements\":[],\"Storages\":[]},{\"TypeID\":1,\"Position\":{\"x\":-211.670731,\"y\":375.838379,\"z\":21.5253658},\"Rotation\":{\"y\":-0.616797268,\"w\":0.7871221},\"LinkedStructures\":[{\"TypeID\":3,\"InstanceID\":13},null,null,null,null,null,null],\"Elements\":[],\"Storages\":[]},{\"TypeID\":1,\"Position\":{\"x\":-203.8519,\"y\":375.885681,\"z\":30.26379},\"Rotation\":{\"y\":0.199002862,\"w\":0.9799989},\"LinkedStructures\":[{\"TypeID\":20,\"InstanceID\":6},null,null,null,null,null,null],\"Elements\":[{\"ProfileID\":226,\"Position\":{\"x\":-203.8519,\"y\":375.885681,\"z\":30.26379},\"Rotation\":{\"x\":0.14071627,\"y\":0.692963839,\"z\":0.6929639,\"w\":-0.14071627},\"LengthScale\":1.0}],\"Storages\":[]},{\"TypeID\":1,\"Position\":{\"x\":-201.7709,\"y\":375.885681,\"z\":29.3822861},\"Rotation\":{\"y\":0.199002862,\"w\":0.9799989},\"LinkedStructures\":[{\"TypeID\":20,\"InstanceID\":7},null,{\"TypeID\":20,\"InstanceID\":5},{\"TypeID\":20,\"InstanceID\":8},null,null,null],\"Elements\":[{\"ProfileID\":226,\"Position\":{\"x\":-201.7709,\"y\":375.885681,\"z\":29.3822861},\"Rotation\":{\"x\":0.14071627,\"y\":0.692963839,\"z\":0.6929639,\"w\":-0.14071627},\"LengthScale\":1.0}],\"Storages\":[]},{\"TypeID\":1,\"Position\":{\"x\":-203.8519,\"y\":375.885681,\"z\":30.2637882},\"Rotation\":{\"y\":-0.5522476,\"w\":0.833680153},\"LinkedStructures\":[{\"TypeID\":20,\"InstanceID\":5},null,null,null,null,null,null],\"Elements\":[{\"ProfileID\":226,\"Position\":{\"x\":-203.8519,\"y\":375.885681,\"z\":30.2637882},\"Rotation\":{\"x\":-0.390498,\"y\":0.589500964,\"z\":0.5895009,\"w\":0.390497983},\"LengthScale\":1.0}],\"Storages\":[]},{\"TypeID\":1,\"Position\":{\"x\":-210.016708,\"y\":376.13974,\"z\":18.7905121},\"Rotation\":{\"y\":-0.6167972,\"w\":0.7871222},\"LinkedStructures\":[{\"TypeID\":3,\"InstanceID\":26},{\"TypeID\":3,\"InstanceID\":20},null,null,null,null,null],\"Elements\":[{\"ProfileID\":66,\"Position\":{\"x\":-210.016708,\"y\":376.13974,\"z\":18.7905121},\"Rotation\":{\"x\":-0.436141551,\"y\":0.5565794,\"z\":0.5565795,\"w\":0.43614158},\"LengthScale\":1.0}],\"Storages\":[]},{\"TypeID\":1,\"Position\":{\"x\":-209.476288,\"y\":376.13974,\"z\":20.98495},\"Rotation\":{\"y\":0.120437846,\"w\":0.9927209},\"LinkedStructures\":[null,null,{\"TypeID\":3,\"InstanceID\":13},{\"TypeID\":3,\"InstanceID\":14},null,null,null],\"Elements\":[{\"ProfileID\":66,\"Position\":{\"x\":-209.476288,\"y\":376.13974,\"z\":20.98495},\"Rotation\":{\"x\":0.08516243,\"y\":0.7019597,\"z\":0.7019597,\"w\":-0.08516243},\"LengthScale\":1.0}],\"Storages\":[]},{\"TypeID\":1,\"Position\":{\"x\":-199.689911,\"y\":375.885681,\"z\":28.5007839},\"Rotation\":{\"y\":0.8336802,\"w\":0.5522475},\"LinkedStructures\":[{\"TypeID\":20,\"InstanceID\":8},null,null,{\"TypeID\":20,\"InstanceID\":4},null,null,null],\"Elements\":[{\"ProfileID\":226,\"Position\":{\"x\":-199.689911,\"y\":375.885681,\"z\":28.5007839},\"Rotation\":{\"x\":-0.5895009,\"y\":-0.390497953,\"z\":-0.390497953,\"w\":0.589500964},\"LengthScale\":1.0}],\"Storages\":[]},{\"TypeID\":1,\"Position\":{\"x\":-200.571411,\"y\":375.885681,\"z\":26.4197865},\"Rotation\":{\"y\":0.9799989,\"w\":-0.199002981},\"LinkedStructures\":[{\"TypeID\":20,\"InstanceID\":4},null,null,null,null,null,null],\"Elements\":[{\"ProfileID\":226,\"Position\":{\"x\":-200.571411,\"y\":375.885681,\"z\":26.4197865},\"Rotation\":{\"x\":-0.6929639,\"y\":0.140716359,\"z\":0.140716359,\"w\":0.692963839},\"LengthScale\":1.0}],\"Storages\":[]},{\"TypeID\":1,\"Position\":{\"x\":-208.395447,\"y\":375.75766,\"z\":25.3738213},\"Rotation\":{\"y\":0.120437816,\"w\":0.9927209},\"LinkedStructures\":[{\"TypeID\":3,\"InstanceID\":30},null,null,null,null,null,null],\"Elements\":[],\"Storages\":[]}],[{\"TypeID\":2,\"Position\":{\"x\":-205.908035,\"y\":374.215637,\"z\":52.37451},\"Rotation\":{\"x\":-2.780298E-08,\"y\":-0.456747442,\"z\":-1.42749439E-08,\"w\":0.8895964},\"LinkedStructures\":[null,null,null,null,null,null,null],\"Elements\":[{\"ProfileID\":2,\"Position\":{\"x\":-205.908035,\"y\":375.565643,\"z\":52.37451},\"Rotation\":{\"x\":-0.322969228,\"y\":0.6290397,\"z\":0.6290397,\"w\":0.322969228},\"LengthScale\":1.0}],\"Storages\":[]},{\"TypeID\":2,\"Position\":{\"x\":-211.670731,\"y\":375.838379,\"z\":21.5253658},\"Rotation\":{\"y\":-0.616797268,\"w\":0.7871221},\"LinkedStructures\":[null,null,null,null,null,{\"TypeID\":3,\"InstanceID\":13},null],\"Elements\":[{\"ProfileID\":42,\"Position\":{\"x\":-211.670731,\"y\":376.175873,\"z\":21.5253658},\"Rotation\":{\"x\":-0.436141551,\"y\":0.5565794,\"z\":0.5565794,\"w\":0.436141551},\"LengthScale\":1.0}],\"Storages\":[]},{\"TypeID\":2,\"Position\":{\"x\":-212.210632,\"y\":376.090546,\"z\":19.3308},\"Rotation\":{\"y\":-0.616797268,\"w\":0.7871221},\"LinkedStructures\":[null,null,null,null,null,{\"TypeID\":3,\"InstanceID\":20},null],\"Elements\":[{\"ProfileID\":42,\"Position\":{\"x\":-212.210632,\"y\":376.42804,\"z\":19.3308},\"Rotation\":{\"x\":-0.436141551,\"y\":0.5565794,\"z\":0.5565794,\"w\":0.436141551},\"LengthScale\":1.0}],\"Storages\":[]}],[{\"TypeID\":3,\"Position\":{\"x\":-202.892975,\"y\":376.13974,\"z\":19.3637085},\"Rotation\":{\"y\":-0.6167971,\"w\":0.7871222},\"LinkedStructures\":[{\"TypeID\":1},{\"TypeID\":1,\"InstanceID\":1},null,{\"TypeID\":4},null,{\"TypeID\":8},null,{\"TypeID\":3,\"InstanceID\":24},{\"TypeID\":3,\"InstanceID\":1},{\"TypeID\":3,\"InstanceID\":2},{\"TypeID\":3,\"InstanceID\":22},null,null,null,null,null],\"Elements\":[{\"ProfileID\":1,\"Position\":{\"x\":-203.9902,\"y\":376.13974,\"z\":19.6339035},\"Rotation\":{\"y\":-0.616797149,\"w\":0.78712213},\"LengthScale\":1.0}],\"Storages\":[]},{\"TypeID\":3,\"Position\":{\"x\":-205.087448,\"y\":376.13974,\"z\":19.9041119},\"Rotation\":{\"y\":-0.61679703,\"w\":0.78712225},\"LinkedStructures\":[{\"TypeID\":1,\"InstanceID\":1},{\"TypeID\":1,\"InstanceID\":2},null,{\"TypeID\":4,\"InstanceID\":1},null,{\"TypeID\":8,\"InstanceID\":1},{\"TypeID\":3,\"InstanceID\":3},{\"TypeID\":3,\"InstanceID\":25},{\"TypeID\":3,\"InstanceID\":14},null,{\"TypeID\":3,\"InstanceID\":24},{\"TypeID\":3},null,null,null,null],\"Elements\":[{\"ProfileID\":1,\"Position\":{\"x\":-206.184677,\"y\":376.13974,\"z\":20.17432},\"Rotation\":{\"y\":-0.616797149,\"w\":0.78712213},\"LengthScale\":1.0}],\"Storages\":[]},{\"TypeID\":3,\"Position\":{\"x\":-203.433456,\"y\":376.13974,\"z\":17.1692448},\"Rotation\":{\"y\":0.120438091,\"w\":0.992720842},\"LinkedStructures\":[{\"TypeID\":1,\"InstanceID\":3},{\"TypeID\":1},null,null,null,{\"TypeID\":8,\"InstanceID\":2},{\"TypeID\":3},null,{\"TypeID\":3,\"InstanceID\":22},{\"TypeID\":3,\"InstanceID\":4},null,null,null,null,null,null],\"Elements\":[{\"ProfileID\":1,\"Position\":{\"x\":-203.163208,\"y\":376.13974,\"z\":18.26647},\"Rotation\":{\"y\":0.120438,\"w\":0.992720842},\"LengthScale\":1.0}],\"Storages\":[]},{\"TypeID\":3,\"Position\":{\"x\":-207.822266,\"y\":376.13974,\"z\":18.2500954},\"Rotation\":{\"y\":0.120437972,\"w\":0.992720842},\"LinkedStructures\":[{\"TypeID\":1,\"InstanceID\":4},{\"TypeID\":1,\"InstanceID\":2},null,null,null,{\"TypeID\":8,\"InstanceID\":3},{\"TypeID\":3,\"InstanceID\":14},{\"TypeID\":3,\"InstanceID\":1},{\"TypeID\":3,\"InstanceID\":25},{\"TypeID\":3,\"InstanceID\":26},{\"TypeID\":3,\"InstanceID\":5},null,null,null,null,null],\"Elements\":[{\"ProfileID\":1,\"Position\":{\"x\":-207.552017,\"y\":376.13974,\"z\":19.34732},\"Rotation\":{\"y\":0.120437972,\"w\":0.992720842},\"LengthScale\":1.0}],\"Storages\":[]},{\"TypeID\":3,\"Position\":{\"x\":-205.6278,\"y\":376.13974,\"z\":17.709692},\"Rotation\":{\"y\":0.7871222,\"w\":0.6167971},\"LinkedStructures\":[{\"TypeID\":1,\"InstanceID\":5},{\"TypeID\":1,\"InstanceID\":3},null,{\"TypeID\":4},null,{\"TypeID\":8,\"InstanceID\":4},{\"TypeID\":3,\"InstanceID\":2},null,null,null,null,{\"TypeID\":3,\"InstanceID\":5},null,null,null,null],\"Elements\":[{\"ProfileID\":1,\"Position\":{\"x\":-204.530579,\"y\":376.13974,\"z\":17.4394836},\"Rotation\":{\"y\":0.78712213,\"w\":0.616797149},\"LengthScale\":1.0}],\"Storages\":[]},{\"TypeID\":3,\"Position\":{\"x\":-207.822266,\"y\":376.13974,\"z\":18.2500954},\"Rotation\":{\"y\":0.78712213,\"w\":0.616797149},\"LinkedStructures\":[{\"TypeID\":1,\"InstanceID\":4},{\"TypeID\":1,\"InstanceID\":5},null,{\"TypeID\":4,\"InstanceID\":1},null,{\"TypeID\":8,\"InstanceID\":5},null,null,{\"TypeID\":3,\"InstanceID\":4},{\"TypeID\":3,\"InstanceID\":3},null,{\"TypeID\":3,\"InstanceID\":26},null,null,null,null],\"Elements\":[{\"ProfileID\":1,\"Position\":{\"x\":-206.725037,\"y\":376.13974,\"z\":17.9799},\"Rotation\":{\"y\":0.78712213,\"w\":0.616797149},\"LengthScale\":1.0}],\"Storages\":[]},{\"TypeID\":3,\"Position\":{\"x\":-207.2819,\"y\":378.839722,\"z\":20.44453},\"Rotation\":{\"y\":0.992720842,\"w\":-0.120437972},\"LinkedStructures\":[{\"TypeID\":8,\"InstanceID\":3},{\"TypeID\":8,\"InstanceID\":3},null,null,null,{\"TypeID\":7,\"InstanceID\":2},{\"TypeID\":3,\"InstanceID\":9},null,null,{\"TypeID\":3,\"InstanceID\":11},null,null,null,null,{\"TypeID\":8,\"InstanceID\":3},null],\"Elements\":[{\"ProfileID\":1,\"Position\":{\"x\":-207.552155,\"y\":378.839722,\"z\":19.3473053},\"Rotation\":{\"y\":0.992720842,\"w\":-0.120437972},\"LengthScale\":1.0}],\"Storages\":[]},{\"TypeID\":3,\"Position\":{\"x\":-202.892975,\"y\":378.839722,\"z\":19.3637085},\"Rotation\":{\"y\":-0.61679703,\"w\":0.78712225},\"LinkedStructures\":[{\"TypeID\":8},{\"TypeID\":8},null,null,null,null,{\"TypeID\":3,\"InstanceID\":10},null,{\"TypeID\":3,\"InstanceID\":11},{\"TypeID\":3,\"InstanceID\":12},null,null,null,null,{\"TypeID\":8},null],\"Elements\":[{\"ProfileID\":1,\"Position\":{\"x\":-203.9902,\"y\":378.839722,\"z\":19.6339169},\"Rotation\":{\"y\":-0.61679703,\"w\":0.78712225},\"LengthScale\":1.0}],\"Storages\":[]},{\"TypeID\":3,\"Position\":{\"x\":-205.6278,\"y\":378.839722,\"z\":17.709692},\"Rotation\":{\"y\":0.7871221,\"w\":0.6167973},\"LinkedStructures\":[{\"TypeID\":8,\"InstanceID\":4},{\"TypeID\":8,\"InstanceID\":4},null,null,null,null,{\"TypeID\":3,\"InstanceID\":12},null,null,{\"TypeID\":3,\"InstanceID\":10},null,{\"TypeID\":3,\"InstanceID\":9},null,null,{\"TypeID\":8,\"InstanceID\":4},null],\"Elements\":[{\"ProfileID\":1,\"Position\":{\"x\":-204.530579,\"y\":378.839722,\"z\":17.4394836},\"Rotation\":{\"y\":0.7871221,\"w\":0.6167973},\"LengthScale\":1.0}],\"Storages\":[]},{\"TypeID\":3,\"Position\":{\"x\":-207.822281,\"y\":378.839722,\"z\":18.25011},\"Rotation\":{\"y\":0.7871222,\"w\":0.6167971},\"LinkedStructures\":[{\"TypeID\":8,\"InstanceID\":5},{\"TypeID\":8,\"InstanceID\":5},null,null,null,null,{\"TypeID\":3,\"InstanceID\":10},null,{\"TypeID\":3,\"InstanceID\":8},{\"TypeID\":3,\"InstanceID\":6},null,null,null,null,{\"TypeID\":8,\"InstanceID\":5},null],\"Elements\":[{\"ProfileID\":1,\"Position\":{\"x\":-206.725052,\"y\":378.839722,\"z\":17.9799023},\"Rotation\":{\"y\":0.7871222,\"w\":0.6167971},\"LengthScale\":1.0}],\"Storages\":[]},{\"TypeID\":3,\"Position\":{\"x\":-205.087448,\"y\":378.839722,\"z\":19.9041119},\"Rotation\":{\"y\":0.992720842,\"w\":-0.120438151},\"LinkedStructures\":[{\"TypeID\":3,\"InstanceID\":11},{\"TypeID\":3,\"InstanceID\":8},null,null,null,{\"TypeID\":7},{\"TypeID\":3,\"InstanceID\":8},{\"TypeID\":3,\"InstanceID\":9},null,{\"TypeID\":3,\"InstanceID\":7},{\"TypeID\":3,\"InstanceID\":11},null,null,null,null,null],\"Elements\":[{\"ProfileID\":1,\"Position\":{\"x\":-205.3577,\"y\":378.839722,\"z\":18.8068867},\"Rotation\":{\"y\":0.992720842,\"w\":-0.120437913},\"LengthScale\":1.0}],\"Storages\":[]},{\"TypeID\":3,\"Position\":{\"x\":-205.087448,\"y\":378.839722,\"z\":19.9041119},\"Rotation\":{\"y\":-0.61679703,\"w\":0.78712225},\"LinkedStructures\":[{\"TypeID\":8,\"InstanceID\":1},{\"TypeID\":8,\"InstanceID\":1},null,null,null,null,{\"TypeID\":3,\"InstanceID\":6},null,null,{\"TypeID\":3,\"InstanceID\":10},null,{\"TypeID\":3,\"InstanceID\":7},null,null,{\"TypeID\":8,\"InstanceID\":1},null],\"Elements\":[{\"ProfileID\":1,\"Position\":{\"x\":-206.184677,\"y\":378.839722,\"z\":20.17432},\"Rotation\":{\"y\":-0.61679703,\"w\":0.78712225},\"LengthScale\":1.0}],\"Storages\":[]},{\"TypeID\":3,\"Position\":{\"x\":-203.433456,\"y\":378.839722,\"z\":17.1692448},\"Rotation\":{\"y\":0.120437972,\"w\":0.992720842},\"LinkedStructures\":[{\"TypeID\":8,\"InstanceID\":2},{\"TypeID\":8,\"InstanceID\":2},null,null,null,{\"TypeID\":7,\"InstanceID\":1},{\"TypeID\":3,\"InstanceID\":7},null,null,{\"TypeID\":3,\"InstanceID\":8},null,null,null,null,{\"TypeID\":8,\"InstanceID\":2},null],\"Elements\":[{\"ProfileID\":1,\"Position\":{\"x\":-203.163208,\"y\":378.839722,\"z\":18.26647},\"Rotation\":{\"y\":0.120437972,\"w\":0.992720842},\"LengthScale\":1.0}],\"Storages\":[]},{\"TypeID\":3,\"Position\":{\"x\":-209.476288,\"y\":376.13974,\"z\":20.98495},\"Rotation\":{\"y\":-0.616797268,\"w\":0.7871221},\"LinkedStructures\":[{\"TypeID\":1,\"InstanceID\":22},{\"TypeID\":1,\"InstanceID\":17},null,{\"TypeID\":4,\"InstanceID\":3},{\"TypeID\":5,\"InstanceID\":4},null,null,null,null,null,null,{\"TypeID\":3,\"InstanceID\":14},null,{\"TypeID\":2,\"InstanceID\":1},null,null],\"Elements\":[{\"ProfileID\":1,\"Position\":{\"x\":-210.573517,\"y\":375.989075,\"z\":21.2551575},\"Rotation\":{\"x\":0.05213351,\"y\":-0.615443051,\"z\":0.0408524,\"w\":0.785393536},\"LengthScale\":1.00885415}],\"Storages\":[]},{\"TypeID\":3,\"Position\":{\"x\":-207.2819,\"y\":376.13974,\"z\":20.44453},\"Rotation\":{\"y\":-0.616797149,\"w\":0.7871222},\"LinkedStructures\":[{\"TypeID\":1,\"InstanceID\":2},{\"TypeID\":1,\"InstanceID\":22},null,{\"TypeID\":4,\"InstanceID\":2},{\"TypeID\":4,\"InstanceID\":4},null,null,null,{\"TypeID\":3,\"InstanceID\":13},{\"TypeID\":3,\"InstanceID\":3},{\"TypeID\":3,\"InstanceID\":25},{\"TypeID\":3,\"InstanceID\":1},null,null,null,null],\"Elements\":[{\"ProfileID\":1,\"Position\":{\"x\":-208.379089,\"y\":376.13974,\"z\":20.71474},\"Rotation\":{\"y\":-0.616794646,\"w\":0.787124157},\"LengthScale\":1.0}],\"Storages\":[]},{\"TypeID\":3,\"Position\":{\"x\":-205.357681,\"y\":380.63974,\"z\":18.8068867},\"Rotation\":{\"x\":0.450319082,\"y\":0.10733372,\"z\":-0.0546332,\"w\":0.8847076},\"LinkedStructures\":[{\"TypeID\":7},{\"TypeID\":7},null,{\"TypeID\":5,\"InstanceID\":6},{\"TypeID\":5,\"InstanceID\":1},null,null,null,null,null,null,null,null,null,null,null],\"Elements\":[{\"ProfileID\":1,\"Position\":{\"x\":-205.198654,\"y\":379.7261,\"z\":19.4525242},\"Rotation\":{\"x\":0.450319082,\"y\":0.10733372,\"z\":-0.0546332,\"w\":0.8847076},\"LengthScale\":1.0}],\"Storages\":[]},{\"TypeID\":3,\"Position\":{\"x\":-205.357681,\"y\":380.63974,\"z\":18.8068867},\"Rotation\":{\"x\":-0.0546332,\"y\":0.8847076,\"z\":-0.450319082,\"w\":-0.10733372},\"LinkedStructures\":[{\"TypeID\":7},{\"TypeID\":7},null,{\"TypeID\":5,\"InstanceID\":2},{\"TypeID\":5,\"InstanceID\":5},null,null,null,null,null,null,null,null,null,null,null],\"Elements\":[{\"ProfileID\":1,\"Position\":{\"x\":-205.516708,\"y\":379.7261,\"z\":18.16125},\"Rotation\":{\"x\":-0.0546332,\"y\":0.8847076,\"z\":-0.450319082,\"w\":-0.10733372},\"LengthScale\":1.0}],\"Storages\":[]},{\"TypeID\":3,\"Position\":{\"x\":-203.163223,\"y\":380.63974,\"z\":18.2664833},\"Rotation\":{\"x\":-0.0546332,\"y\":0.8847076,\"z\":-0.450319082,\"w\":-0.10733372},\"LinkedStructures\":[{\"TypeID\":7,\"InstanceID\":1},{\"TypeID\":7,\"InstanceID\":1},null,null,{\"TypeID\":5,\"InstanceID\":2},null,null,null,null,null,null,null,null,null,null,null],\"Elements\":[{\"ProfileID\":1,\"Position\":{\"x\":-203.32225,\"y\":379.7261,\"z\":17.6208458},\"Rotation\":{\"x\":-0.0546332,\"y\":0.8847076,\"z\":-0.450319082,\"w\":-0.10733372},\"LengthScale\":1.0}],\"Storages\":[]},{\"TypeID\":3,\"Position\":{\"x\":-203.163223,\"y\":380.63974,\"z\":18.2664833},\"Rotation\":{\"x\":0.450319082,\"y\":0.10733372,\"z\":-0.0546332,\"w\":0.8847076},\"LinkedStructures\":[{\"TypeID\":7,\"InstanceID\":1},{\"TypeID\":7,\"InstanceID\":1},null,{\"TypeID\":5,\"InstanceID\":1},null,null,null,null,null,null,null,null,null,null,null,null],\"Elements\":[{\"ProfileID\":1,\"Position\":{\"x\":-203.0042,\"y\":379.7261,\"z\":18.91212},\"Rotation\":{\"x\":0.450319082,\"y\":0.10733372,\"z\":-0.0546332,\"w\":0.8847076},\"LengthScale\":1.0}],\"Storages\":[]},{\"TypeID\":3,\"Position\":{\"x\":-205.357681,\"y\":380.63974,\"z\":18.8068867},\"Rotation\":{\"y\":0.78712213,\"w\":0.616797149},\"LinkedStructures\":[{\"TypeID\":7},{\"TypeID\":7,\"InstanceID\":1},null,null,null,null,null,null,null,null,null,{\"TypeID\":3,\"InstanceID\":27},null,null,null,null],\"Elements\":[{\"ProfileID\":1,\"Position\":{\"x\":-204.260452,\"y\":380.63974,\"z\":18.5366783},\"Rotation\":{\"y\":0.78712213,\"w\":0.616797149},\"LengthScale\":1.0}],\"Storages\":[]},{\"TypeID\":3,\"Position\":{\"x\":-210.016708,\"y\":376.13974,\"z\":18.7905121},\"Rotation\":{\"y\":-0.616797268,\"w\":0.7871221},\"LinkedStructures\":[{\"TypeID\":1,\"InstanceID\":21},{\"TypeID\":1,\"InstanceID\":11},null,null,{\"TypeID\":4,\"InstanceID\":3},null,null,null,null,null,null,{\"TypeID\":3,\"InstanceID\":26},null,{\"TypeID\":2,\"InstanceID\":2},null,null],\"Elements\":[{\"ProfileID\":1,\"Position\":{\"x\":-211.113922,\"y\":376.115143,\"z\":19.06072},\"Rotation\":{\"x\":0.008565255,\"y\":-0.616761,\"z\":0.00671182945,\"w\":0.7870753},\"LengthScale\":1.0}],\"Storages\":[]},{\"TypeID\":3,\"Position\":{\"x\":-208.935867,\"y\":376.13974,\"z\":23.1793861},\"Rotation\":{\"y\":0.7871221,\"w\":0.616797268},\"LinkedStructures\":[{\"TypeID\":1,\"InstanceID\":14},{\"TypeID\":3,\"InstanceID\":25},null,null,{\"TypeID\":4,\"InstanceID\":4},null,null,null,null,{\"TypeID\":3,\"InstanceID\":30},null,{\"TypeID\":3,\"InstanceID\":23},null,null,null,null],\"Elements\":[{\"ProfileID\":1,\"Position\":{\"x\":-207.838684,\"y\":376.054474,\"z\":22.9091759},\"Rotation\":{\"x\":0.0232216716,\"y\":0.7865664,\"z\":-0.0296344236,\"w\":0.616357},\"LengthScale\":1.0028199}],\"Storages\":[]},{\"TypeID\":3,\"Position\":{\"x\":-202.892975,\"y\":376.13974,\"z\":19.3637085},\"Rotation\":{\"y\":0.1204381,\"w\":0.992720842},\"LinkedStructures\":[{\"TypeID\":1},{\"TypeID\":1,\"InstanceID\":12},null,{\"TypeID\":5,\"InstanceID\":3},null,null,null,null,null,{\"TypeID\":3},null,{\"TypeID\":3,\"InstanceID\":2},null,null,null,null],\"Elements\":[{\"ProfileID\":1,\"Position\":{\"x\":-202.622772,\"y\":375.833038,\"z\":20.4609261},\"Rotation\":{\"x\":0.13116695,\"y\":0.119382836,\"z\":-0.015913425,\"w\":0.984017253},\"LengthScale\":1.03617918}],\"Storages\":[]},{\"TypeID\":3,\"Position\":{\"x\":-208.935867,\"y\":376.13974,\"z\":23.1793861},\"Rotation\":{\"y\":-0.616797268,\"w\":0.7871221},\"LinkedStructures\":[{\"TypeID\":1,\"InstanceID\":14},{\"TypeID\":1,\"InstanceID\":13},null,{\"TypeID\":5,\"InstanceID\":4},null,null,null,null,null,null,{\"TypeID\":3,\"InstanceID\":30},{\"TypeID\":3,\"InstanceID\":21},null,null,null,null],\"Elements\":[{\"ProfileID\":1,\"Position\":{\"x\":-210.033081,\"y\":375.77417,\"z\":23.4495945},\"Rotation\":{\"x\":0.122642711,\"y\":-0.6092645,\"z\":0.0961042047,\"w\":0.7775087},\"LengthScale\":1.0510354}],\"Storages\":[]},{\"TypeID\":3,\"Position\":{\"x\":-205.087448,\"y\":376.13974,\"z\":19.9041119},\"Rotation\":{\"y\":0.120438129,\"w\":0.992720842},\"LinkedStructures\":[{\"TypeID\":1,\"InstanceID\":1},{\"TypeID\":1,\"InstanceID\":15},null,{\"TypeID\":5},{\"TypeID\":5,\"InstanceID\":3},null,null,null,null,{\"TypeID\":3,\"InstanceID\":1},{\"TypeID\":3},null,null,null,null,null],\"Elements\":[{\"ProfileID\":1,\"Position\":{\"x\":-204.81723,\"y\":375.91153,\"z\":21.00133},\"Rotation\":{\"x\":0.09874902,\"y\":0.119841419,\"z\":-0.011980419,\"w\":0.987797141},\"LengthScale\":1.02018929}],\"Storages\":[]},{\"TypeID\":3,\"Position\":{\"x\":-207.2819,\"y\":376.13974,\"z\":20.44453},\"Rotation\":{\"y\":0.120437965,\"w\":0.9927209},\"LinkedStructures\":[{\"TypeID\":1,\"InstanceID\":2},{\"TypeID\":1,\"InstanceID\":16},null,null,{\"TypeID\":5},null,null,null,null,{\"TypeID\":3,\"InstanceID\":14},{\"TypeID\":3,\"InstanceID\":1},{\"TypeID\":3,\"InstanceID\":3},null,{\"TypeID\":3,\"InstanceID\":21},null,null],\"Elements\":[{\"ProfileID\":1,\"Position\":{\"x\":-207.011688,\"y\":376.054474,\"z\":21.541748},\"Rotation\":{\"x\":0.03737406,\"y\":0.1203534,\"z\":-0.0045342925,\"w\":0.9920171},\"LengthScale\":1.00284278}],\"Storages\":[]},{\"TypeID\":3,\"Position\":{\"x\":-207.822266,\"y\":376.13974,\"z\":18.2500954},\"Rotation\":{\"y\":-0.616797149,\"w\":0.7871222},\"LinkedStructures\":[{\"TypeID\":1,\"InstanceID\":4},{\"TypeID\":1,\"InstanceID\":21},null,null,{\"TypeID\":4,\"InstanceID\":2},null,null,null,{\"TypeID\":3,\"InstanceID\":20},null,{\"TypeID\":3,\"InstanceID\":3},{\"TypeID\":3,\"InstanceID\":5},null,null,null,null],\"Elements\":[{\"ProfileID\":1,\"Position\":{\"x\":-208.9195,\"y\":376.13974,\"z\":18.5203037},\"Rotation\":{\"y\":-0.6167975,\"w\":0.7871219},\"LengthScale\":1.0}],\"Storages\":[]},{\"TypeID\":3,\"Position\":{\"x\":-207.552155,\"y\":380.63974,\"z\":19.3473053},\"Rotation\":{\"y\":0.7871222,\"w\":0.616797149},\"LinkedStructures\":[{\"TypeID\":7,\"InstanceID\":2},{\"TypeID\":7},null,null,null,null,null,null,{\"TypeID\":3,\"InstanceID\":19},null,null,null,null,null,null,null],\"Elements\":[{\"ProfileID\":1,\"Position\":{\"x\":-206.454926,\"y\":380.63974,\"z\":19.077095},\"Rotation\":{\"y\":0.7871212,\"w\":0.6167984},\"LengthScale\":1.0}],\"Storages\":[]},{\"TypeID\":3,\"Position\":{\"x\":-207.552155,\"y\":380.63974,\"z\":19.3473053},\"Rotation\":{\"x\":0.450328976,\"y\":0.107333623,\"z\":-0.05463469,\"w\":0.884702444},\"LinkedStructures\":[{\"TypeID\":7,\"InstanceID\":2},{\"TypeID\":7,\"InstanceID\":2},null,null,{\"TypeID\":5,\"InstanceID\":6},null,null,null,null,null,null,null,null,null,null,null],\"Elements\":[{\"ProfileID\":1,\"Position\":{\"x\":-207.393158,\"y\":379.726074,\"z\":19.99295},\"Rotation\":{\"x\":0.450328976,\"y\":0.107333623,\"z\":-0.05463469,\"w\":0.884702444},\"LengthScale\":1.0}],\"Storages\":[]},{\"TypeID\":3,\"Position\":{\"x\":-207.552155,\"y\":380.63974,\"z\":19.3473053},\"Rotation\":{\"x\":-0.05463469,\"y\":0.884702444,\"z\":-0.450328976,\"w\":-0.107333623},\"LinkedStructures\":[{\"TypeID\":7,\"InstanceID\":2},{\"TypeID\":7,\"InstanceID\":2},null,{\"TypeID\":5,\"InstanceID\":5},null,null,null,null,null,null,null,null,null,null,null,null],\"Elements\":[{\"ProfileID\":1,\"Position\":{\"x\":-207.711151,\"y\":379.726074,\"z\":18.70166},\"Rotation\":{\"x\":-0.05463469,\"y\":0.884702444,\"z\":-0.450328976,\"w\":-0.107333623},\"LengthScale\":1.0}],\"Storages\":[]},{\"TypeID\":3,\"Position\":{\"x\":-208.935867,\"y\":376.13974,\"z\":23.1793861},\"Rotation\":{\"y\":0.120437823,\"w\":0.9927209},\"LinkedStructures\":[{\"TypeID\":1,\"InstanceID\":14},{\"TypeID\":1,\"InstanceID\":25},null,null,null,null,null,null,null,{\"TypeID\":3,\"InstanceID\":23},{\"TypeID\":3,\"InstanceID\":21},null,null,null,null,null],\"Elements\":[{\"ProfileID\":1,\"Position\":{\"x\":-208.665649,\"y\":375.9487,\"z\":24.2766037},\"Rotation\":{\"x\":0.08303251,\"y\":0.120016754,\"z\":-0.01007366,\"w\":0.989242256},\"LengthScale\":1.0141902}],\"Storages\":[]}],[{\"TypeID\":4,\"Position\":{\"x\":-204.260452,\"y\":376.302246,\"z\":18.5366783},\"Rotation\":{\"y\":0.992720842,\"w\":-0.120437972},\"LinkedStructures\":[{\"TypeID\":3},{\"TypeID\":3,\"InstanceID\":4},{\"TypeID\":8,\"InstanceID\":2},null,{\"TypeID\":8,\"InstanceID\":4},{\"TypeID\":8},null,null,null,null,null],\"Elements\":[{\"ProfileID\":314,\"Position\":{\"x\":-205.138916,\"y\":376.302246,\"z\":18.7530289},\"Rotation\":{\"y\":0.992720842,\"w\":-0.120437972},\"LengthScale\":1.0},{\"ProfileID\":315,\"Position\":{\"x\":-204.699738,\"y\":376.302246,\"z\":18.64483},\"Rotation\":{\"y\":0.992720842,\"w\":-0.120437972},\"LengthScale\":1.0},{\"ProfileID\":315,\"Position\":{\"x\":-204.260452,\"y\":376.302246,\"z\":18.5366783},\"Rotation\":{\"y\":0.992720842,\"w\":-0.120437972},\"LengthScale\":1.0},{\"ProfileID\":315,\"Position\":{\"x\":-203.821167,\"y\":376.302246,\"z\":18.4285259},\"Rotation\":{\"y\":0.120437853,\"w\":0.992720842},\"LengthScale\":1.0},{\"ProfileID\":315,\"Position\":{\"x\":-203.381989,\"y\":376.302246,\"z\":18.3203278},\"Rotation\":{\"y\":0.120437853,\"w\":0.992720842},\"LengthScale\":1.0}],\"Storages\":[]},{\"TypeID\":4,\"Position\":{\"x\":-206.4548,\"y\":376.302246,\"z\":19.0771255},\"Rotation\":{\"y\":0.992720842,\"w\":-0.120437972},\"LinkedStructures\":[{\"TypeID\":3,\"InstanceID\":1},{\"TypeID\":3,\"InstanceID\":5},null,{\"TypeID\":8,\"InstanceID\":3},{\"TypeID\":8,\"InstanceID\":5},{\"TypeID\":8,\"InstanceID\":1},null,null,null,null,null],\"Elements\":[{\"ProfileID\":314,\"Position\":{\"x\":-207.333267,\"y\":376.302246,\"z\":19.2934761},\"Rotation\":{\"y\":0.992720842,\"w\":-0.120437972},\"LengthScale\":1.0},{\"ProfileID\":315,\"Position\":{\"x\":-206.894089,\"y\":376.302246,\"z\":19.1852779},\"Rotation\":{\"y\":0.992720842,\"w\":-0.120437972},\"LengthScale\":1.0},{\"ProfileID\":315,\"Position\":{\"x\":-206.4548,\"y\":376.302246,\"z\":19.0771255},\"Rotation\":{\"y\":0.992720842,\"w\":-0.120437972},\"LengthScale\":1.0},{\"ProfileID\":315,\"Position\":{\"x\":-206.015518,\"y\":376.302246,\"z\":18.9689732},\"Rotation\":{\"y\":0.120437853,\"w\":0.992720842},\"LengthScale\":1.0},{\"ProfileID\":315,\"Position\":{\"x\":-205.57634,\"y\":376.302246,\"z\":18.860775},\"Rotation\":{\"y\":0.120437853,\"w\":0.992720842},\"LengthScale\":1.0}],\"Storages\":[]},{\"TypeID\":4,\"Position\":{\"x\":-208.649292,\"y\":376.302246,\"z\":19.6175232},\"Rotation\":{\"y\":0.120435916,\"w\":0.99272114},\"LinkedStructures\":[{\"TypeID\":3,\"InstanceID\":26},{\"TypeID\":3,\"InstanceID\":14},null,{\"TypeID\":8,\"InstanceID\":3},null,null,null,null,null,null,null],\"Elements\":[{\"ProfileID\":314,\"Position\":{\"x\":-207.7708,\"y\":376.302246,\"z\":19.4011745},\"Rotation\":{\"y\":0.120435916,\"w\":0.99272114},\"LengthScale\":1.0},{\"ProfileID\":315,\"Position\":{\"x\":-208.210052,\"y\":376.302246,\"z\":19.50935},\"Rotation\":{\"y\":0.120435916,\"w\":0.99272114},\"LengthScale\":1.0},{\"ProfileID\":315,\"Position\":{\"x\":-208.649292,\"y\":376.302246,\"z\":19.6175232},\"Rotation\":{\"y\":0.120435916,\"w\":0.99272114},\"LengthScale\":1.0},{\"ProfileID\":315,\"Position\":{\"x\":-209.088531,\"y\":376.302246,\"z\":19.7256966},\"Rotation\":{\"y\":-0.99272114,\"w\":0.1204358},\"LengthScale\":1.0},{\"ProfileID\":315,\"Position\":{\"x\":-209.527786,\"y\":376.302246,\"z\":19.83387},\"Rotation\":{\"y\":-0.99272114,\"w\":0.1204358},\"LengthScale\":1.0}],\"Storages\":[]},{\"TypeID\":4,\"Position\":{\"x\":-210.843719,\"y\":376.21463,\"z\":20.157938},\"Rotation\":{\"x\":-0.00327756256,\"y\":0.120241411,\"z\":0.000396981166,\"w\":0.9927392},\"LinkedStructures\":[{\"TypeID\":3,\"InstanceID\":20},{\"TypeID\":3,\"InstanceID\":13},null,null,null,null,null,null,null,null,null],\"Elements\":[{\"ProfileID\":6,\"Position\":{\"x\":-209.980118,\"y\":376.2837,\"z\":19.9452629},\"Rotation\":{\"x\":0.000662955747,\"y\":0.9933081,\"z\":0.005992137,\"w\":-0.115337618},\"LengthScale\":0.9875294},{\"ProfileID\":6,\"Position\":{\"x\":-210.418,\"y\":376.248779,\"z\":20.0530968},\"Rotation\":{\"x\":0.0170020033,\"y\":0.115898974,\"z\":-0.001955209,\"w\":0.993113637},\"LengthScale\":0.988026142},{\"ProfileID\":6,\"Position\":{\"x\":-210.855865,\"y\":376.213867,\"z\":20.16093},\"Rotation\":{\"x\":0.00325649651,\"y\":0.9927976,\"z\":0.0279784426,\"w\":-0.11644619},\"LengthScale\":0.9890069},{\"ProfileID\":6,\"Position\":{\"x\":-211.293732,\"y\":376.179,\"z\":20.2687626},\"Rotation\":{\"x\":0.038922824,\"y\":0.116978914,\"z\":-0.0045669293,\"w\":0.99236095},\"LengthScale\":0.9904716},{\"ProfileID\":6,\"Position\":{\"x\":-211.731613,\"y\":376.1441,\"z\":20.3765965},\"Rotation\":{\"x\":0.00588660967,\"y\":0.9918045,\"z\":0.0498365164,\"w\":-0.1174971},\"LengthScale\":0.9924214}],\"Storages\":[]},{\"TypeID\":4,\"Position\":{\"x\":-208.108887,\"y\":376.2596,\"z\":21.8119583},\"Rotation\":{\"x\":0.004799549,\"y\":0.9919423,\"z\":0.03959146,\"w\":-0.120250076},\"LinkedStructures\":[{\"TypeID\":3,\"InstanceID\":21},{\"TypeID\":3,\"InstanceID\":14},null,null,null,null,null,null,null,null,null],\"Elements\":[{\"ProfileID\":6,\"Position\":{\"x\":-208.980591,\"y\":376.293457,\"z\":22.0266361},\"Rotation\":{\"x\":-0.003890468,\"y\":-0.123504832,\"z\":0.000227772165,\"w\":-0.992336452},\"LengthScale\":0.987453759},{\"ProfileID\":6,\"Position\":{\"x\":-208.541763,\"y\":376.276428,\"z\":21.9185677},\"Rotation\":{\"x\":0.0011715747,\"y\":0.992303431,\"z\":0.0113636861,\"w\":-0.123302683},\"LengthScale\":0.987679839},{\"ProfileID\":6,\"Position\":{\"x\":-208.102951,\"y\":376.2594,\"z\":21.8104973},\"Rotation\":{\"x\":-0.0188382324,\"y\":-0.123093992,\"z\":0.00211250642,\"w\":-0.992213964},\"LengthScale\":0.9881298},{\"ProfileID\":6,\"Position\":{\"x\":-207.664139,\"y\":376.24234,\"z\":21.7024269},\"Rotation\":{\"x\":-0.0263035744,\"y\":-0.122878581,\"z\":0.00304928282,\"w\":-0.9920685},\"LengthScale\":0.9888041},{\"ProfileID\":6,\"Position\":{\"x\":-207.225311,\"y\":376.2253,\"z\":21.5943565},\"Rotation\":{\"x\":0.00398062542,\"y\":0.991867363,\"z\":0.03374925,\"w\":-0.122656457},\"LengthScale\":0.989702}],\"Storages\":[]}],[{\"TypeID\":5,\"Position\":{\"x\":-205.914459,\"y\":376.1455,\"z\":21.2715378},\"Rotation\":{\"x\":0.02611919,\"y\":-0.616646349,\"z\":-0.0273614023,\"w\":0.786331},\"LinkedStructures\":[{\"TypeID\":3,\"InstanceID\":25},{\"TypeID\":3,\"InstanceID\":24},null],\"Elements\":[{\"ProfileID\":6,\"Position\":{\"x\":-205.657959,\"y\":375.998,\"z\":22.3131084},\"Rotation\":{\"x\":0.02450832,\"y\":0.6202249,\"z\":0.06769687,\"w\":-0.781113},\"LengthScale\":0.9949098},{\"ProfileID\":6,\"Position\":{\"x\":-205.758423,\"y\":376.056274,\"z\":21.9051018},\"Rotation\":{\"x\":0.06046388,\"y\":0.781815469,\"z\":-0.0154711716,\"w\":0.6203785},\"LengthScale\":0.992349267},{\"ProfileID\":6,\"Position\":{\"x\":-205.858917,\"y\":376.114532,\"z\":21.4970951},\"Rotation\":{\"x\":0.00637425855,\"y\":0.6204491,\"z\":0.0531992,\"w\":-0.7824144},\"LengthScale\":0.990311265},{\"ProfileID\":6,\"Position\":{\"x\":-205.959381,\"y\":376.1728,\"z\":21.0890884},\"Rotation\":{\"x\":0.04592334,\"y\":0.7829051,\"z\":0.00275693461,\"w\":0.62043786},\"LengthScale\":0.988828063},{\"ProfileID\":6,\"Position\":{\"x\":-206.059875,\"y\":376.231049,\"z\":20.6810818},\"Rotation\":{\"x\":-0.0119315311,\"y\":0.6203409,\"z\":0.038628906,\"w\":-0.783289552},\"LengthScale\":0.987872541}],\"Storages\":[]},{\"TypeID\":5,\"Position\":{\"x\":-204.101425,\"y\":379.8886,\"z\":19.18233},\"Rotation\":{\"x\":0.27979213,\"y\":-0.5496864,\"z\":-0.3570552,\"w\":0.7014791},\"LinkedStructures\":[{\"TypeID\":3,\"InstanceID\":15},{\"TypeID\":3,\"InstanceID\":18},null],\"Elements\":[{\"ProfileID\":6,\"Position\":{\"x\":-203.922165,\"y\":378.972,\"z\":19.9103279},\"Rotation\":{\"x\":0.3570552,\"y\":0.7014791,\"z\":0.27979213,\"w\":0.5496864},\"LengthScale\":1.0},{\"ProfileID\":6,\"Position\":{\"x\":-203.981277,\"y\":379.3119,\"z\":19.6701813},\"Rotation\":{\"x\":-0.27979213,\"y\":0.5496864,\"z\":0.3570552,\"w\":-0.7014791},\"LengthScale\":1.0},{\"ProfileID\":6,\"Position\":{\"x\":-204.040375,\"y\":379.6518,\"z\":19.429945},\"Rotation\":{\"x\":0.3570552,\"y\":0.7014791,\"z\":0.27979213,\"w\":0.5496864},\"LengthScale\":1.0},{\"ProfileID\":6,\"Position\":{\"x\":-204.099609,\"y\":379.9917,\"z\":19.1897831},\"Rotation\":{\"x\":-0.27979213,\"y\":0.5496864,\"z\":0.3570552,\"w\":-0.7014791},\"LengthScale\":1.0},{\"ProfileID\":6,\"Position\":{\"x\":-204.1587,\"y\":380.3316,\"z\":18.9495468},\"Rotation\":{\"x\":0.3570552,\"y\":0.7014791,\"z\":0.27979213,\"w\":0.5496864},\"LengthScale\":1.0},{\"ProfileID\":6,\"Position\":{\"x\":-204.217819,\"y\":380.6715,\"z\":18.7094154},\"Rotation\":{\"x\":-0.27979213,\"y\":0.5496864,\"z\":0.3570552,\"w\":-0.7014791},\"LengthScale\":1.0}],\"Storages\":[]},{\"TypeID\":5,\"Position\":{\"x\":-204.419373,\"y\":379.8886,\"z\":17.8910847},\"Rotation\":{\"x\":-0.3570552,\"y\":0.7014791,\"z\":-0.27979213,\"w\":0.5496864},\"LinkedStructures\":[{\"TypeID\":3,\"InstanceID\":16},{\"TypeID\":3,\"InstanceID\":17},null],\"Elements\":[{\"ProfileID\":6,\"Position\":{\"x\":-204.598633,\"y\":378.972,\"z\":17.16307},\"Rotation\":{\"x\":-0.3570552,\"y\":0.7014791,\"z\":-0.27979213,\"w\":0.5496864},\"LengthScale\":1.0},{\"ProfileID\":6,\"Position\":{\"x\":-204.5395,\"y\":379.3119,\"z\":17.40322},\"Rotation\":{\"x\":0.27979213,\"y\":0.5496864,\"z\":-0.3570552,\"w\":-0.7014791},\"LengthScale\":1.0},{\"ProfileID\":6,\"Position\":{\"x\":-204.4803,\"y\":379.6518,\"z\":17.6434841},\"Rotation\":{\"x\":0.27979213,\"y\":0.5496864,\"z\":-0.3570552,\"w\":-0.7014791},\"LengthScale\":1.0},{\"ProfileID\":6,\"Position\":{\"x\":-204.421188,\"y\":379.9917,\"z\":17.8836155},\"Rotation\":{\"x\":-0.3570552,\"y\":0.7014791,\"z\":-0.27979213,\"w\":0.5496864},\"LengthScale\":1.0},{\"ProfileID\":6,\"Position\":{\"x\":-204.361969,\"y\":380.3316,\"z\":18.12388},\"Rotation\":{\"x\":0.27979213,\"y\":0.5496864,\"z\":-0.3570552,\"w\":-0.7014791},\"LengthScale\":1.0},{\"ProfileID\":6,\"Position\":{\"x\":-204.302856,\"y\":380.6715,\"z\":18.3640289},\"Rotation\":{\"x\":-0.3570552,\"y\":0.7014791,\"z\":-0.27979213,\"w\":0.5496864},\"LengthScale\":1.0}],\"Storages\":[]},{\"TypeID\":5,\"Position\":{\"x\":-203.72,\"y\":376.0348,\"z\":20.7311287},\"Rotation\":{\"x\":0.06288672,\"y\":-0.6139441,\"z\":-0.07709663,\"w\":0.7830543},\"LinkedStructures\":[{\"TypeID\":3,\"InstanceID\":24},{\"TypeID\":3,\"InstanceID\":22},null],\"Elements\":[{\"ProfileID\":6,\"Position\":{\"x\":-203.461456,\"y\":375.783478,\"z\":21.7809677},\"Rotation\":{\"x\":0.09887248,\"y\":0.7809135,\"z\":0.03537973,\"w\":0.615748942},\"LengthScale\":0.989610136},{\"ProfileID\":6,\"Position\":{\"x\":-203.5613,\"y\":375.8822,\"z\":21.3755455},\"Rotation\":{\"x\":-0.0402533934,\"y\":0.6162021,\"z\":0.09501989,\"w\":-0.780798256},\"LengthScale\":0.9888746},{\"ProfileID\":6,\"Position\":{\"x\":-203.661148,\"y\":375.980957,\"z\":20.9701214},\"Rotation\":{\"x\":-0.0451387,\"y\":0.6166315,\"z\":0.0911562741,\"w\":-0.780652761},\"LengthScale\":0.9882922},{\"ProfileID\":6,\"Position\":{\"x\":-203.760986,\"y\":376.0797,\"z\":20.5647},\"Rotation\":{\"x\":0.08728698,\"y\":0.780476034,\"z\":0.0500287823,\"w\":0.6170376},\"LengthScale\":0.987863958},{\"ProfileID\":6,\"Position\":{\"x\":-203.86084,\"y\":376.178467,\"z\":20.1592751},\"Rotation\":{\"x\":-0.0549218431,\"y\":0.6174193,\"z\":0.08341345,\"w\":-0.7802688},\"LengthScale\":0.987590551}],\"Storages\":[]},{\"TypeID\":5,\"Position\":{\"x\":-210.3033,\"y\":376.044128,\"z\":22.3523769},\"Rotation\":{\"x\":-0.06638733,\"y\":0.9906274,\"z\":0.00270245085,\"w\":-0.119342983},\"LinkedStructures\":[{\"TypeID\":3,\"InstanceID\":13},{\"TypeID\":3,\"InstanceID\":23},null],\"Elements\":[{\"ProfileID\":6,\"Position\":{\"x\":-211.347321,\"y\":375.803162,\"z\":22.6094856},\"Rotation\":{\"x\":0.09753213,\"y\":0.112733588,\"z\":0.0559163727,\"w\":0.987244666},\"LengthScale\":1.00380147},{\"ProfileID\":6,\"Position\":{\"x\":-210.9436,\"y\":375.8977,\"z\":22.5100613},\"Rotation\":{\"x\":-0.05778133,\"y\":0.9887236,\"z\":0.081042476,\"w\":-0.111889005},\"LengthScale\":0.998321354},{\"ProfileID\":6,\"Position\":{\"x\":-210.539886,\"y\":375.9922,\"z\":22.4106369},\"Rotation\":{\"x\":0.0643672347,\"y\":0.111006781,\"z\":0.0596518,\"w\":0.9899374},\"LengthScale\":0.9939656},{\"ProfileID\":6,\"Position\":{\"x\":-210.136139,\"y\":376.086731,\"z\":22.3112125},\"Rotation\":{\"x\":-0.0615231358,\"y\":0.9908762,\"z\":0.0475464277,\"w\":-0.110085368},\"LengthScale\":0.990747631},{\"ProfileID\":6,\"Position\":{\"x\":-209.732422,\"y\":376.1812,\"z\":22.2117882},\"Rotation\":{\"x\":0.03062227,\"y\":0.109126426,\"z\":0.0633902848,\"w\":0.991531849},\"LengthScale\":0.988678157},{\"ProfileID\":6,\"Position\":{\"x\":-209.3287,\"y\":376.275757,\"z\":22.1123638},\"Rotation\":{\"x\":-0.06524827,\"y\":0.9918996,\"z\":0.0136382356,\"w\":-0.108129174},\"LengthScale\":0.9877632}],\"Storages\":[]},{\"TypeID\":5,\"Position\":{\"x\":-206.613312,\"y\":379.88858,\"z\":18.4318943},\"Rotation\":{\"x\":-0.279469341,\"y\":-0.549904168,\"z\":0.357320935,\"w\":0.7013017},\"LinkedStructures\":[{\"TypeID\":3,\"InstanceID\":29},{\"TypeID\":3,\"InstanceID\":16},null],\"Elements\":[{\"ProfileID\":6,\"Position\":{\"x\":-206.497467,\"y\":380.671478,\"z\":18.9043941},\"Rotation\":{\"x\":0.2798007,\"y\":0.549687445,\"z\":-0.357061535,\"w\":-0.7014716},\"LengthScale\":0.9874071},{\"ProfileID\":6,\"Position\":{\"x\":-206.55661,\"y\":380.331573,\"z\":18.6641884},\"Rotation\":{\"x\":-0.357061952,\"y\":0.7014726,\"z\":-0.2798001,\"w\":0.549686253},\"LengthScale\":0.9874079},{\"ProfileID\":6,\"Position\":{\"x\":-206.615784,\"y\":379.991638,\"z\":18.4239826},\"Rotation\":{\"x\":0.279794753,\"y\":0.549687564,\"z\":-0.357066125,\"w\":-0.701471567},\"LengthScale\":0.987408757},{\"ProfileID\":6,\"Position\":{\"x\":-206.674927,\"y\":379.651733,\"z\":18.1837749},\"Rotation\":{\"x\":-0.357066631,\"y\":0.7014724,\"z\":-0.279794157,\"w\":0.549686432},\"LengthScale\":0.987409532},{\"ProfileID\":6,\"Position\":{\"x\":-206.73407,\"y\":379.311829,\"z\":17.94357},\"Rotation\":{\"x\":0.279788852,\"y\":0.5496877,\"z\":-0.357070744,\"w\":-0.701471448},\"LengthScale\":0.987410367},{\"ProfileID\":6,\"Position\":{\"x\":-206.793243,\"y\":378.971924,\"z\":17.7033634},\"Rotation\":{\"x\":-0.357071251,\"y\":0.7014724,\"z\":-0.2797883,\"w\":0.549686432},\"LengthScale\":0.987411141}],\"Storages\":[]},{\"TypeID\":5,\"Position\":{\"x\":-206.2959,\"y\":379.88858,\"z\":19.7227364},\"Rotation\":{\"x\":0.2801708,\"y\":-0.549547136,\"z\":-0.35677132,\"w\":0.7015814},\"LinkedStructures\":[{\"TypeID\":3,\"InstanceID\":28},{\"TypeID\":3,\"InstanceID\":15},null],\"Elements\":[{\"ProfileID\":6,\"Position\":{\"x\":-206.116608,\"y\":378.971924,\"z\":20.4508286},\"Rotation\":{\"x\":0.357054353,\"y\":0.701475859,\"z\":0.2798099,\"w\":0.549681962},\"LengthScale\":0.987435043},{\"ProfileID\":6,\"Position\":{\"x\":-206.175751,\"y\":379.311829,\"z\":20.2106228},\"Rotation\":{\"x\":-0.2798093,\"y\":0.549680769,\"z\":0.35705483,\"w\":-0.7014768},\"LengthScale\":0.9874359},{\"ProfileID\":6,\"Position\":{\"x\":-206.234924,\"y\":379.651733,\"z\":19.970417},\"Rotation\":{\"x\":-0.279803962,\"y\":0.5496821,\"z\":0.357059032,\"w\":-0.701475739},\"LengthScale\":0.9874366},{\"ProfileID\":6,\"Position\":{\"x\":-206.294067,\"y\":379.991638,\"z\":19.73021},\"Rotation\":{\"x\":0.357059479,\"y\":0.7014767,\"z\":0.2798034,\"w\":0.549680948},\"LengthScale\":0.9874374},{\"ProfileID\":6,\"Position\":{\"x\":-206.35321,\"y\":380.331573,\"z\":19.4900036},\"Rotation\":{\"x\":0.357063651,\"y\":0.701475739,\"z\":0.279798031,\"w\":0.5496822},\"LengthScale\":0.987438262},{\"ProfileID\":6,\"Position\":{\"x\":-206.412384,\"y\":380.671478,\"z\":19.2497978},\"Rotation\":{\"x\":-0.279797465,\"y\":0.549681,\"z\":0.3570641,\"w\":-0.701476634},\"LengthScale\":0.987439}],\"Storages\":[]}],null,[{\"TypeID\":7,\"Position\":{\"x\":-205.357681,\"y\":379.289734,\"z\":18.8068867},\"Rotation\":{\"y\":0.992720842,\"w\":-0.120437972},\"LinkedStructures\":[{\"TypeID\":3,\"InstanceID\":15},{\"TypeID\":3,\"InstanceID\":16},{\"TypeID\":3,\"InstanceID\":19},{\"TypeID\":3,\"InstanceID\":27},null,{\"TypeID\":3,\"InstanceID\":10}],\"Elements\":[{\"ProfileID\":9,\"Position\":{\"x\":-205.357681,\"y\":379.289734,\"z\":18.8068867},\"Rotation\":{\"y\":0.992720842,\"w\":-0.120437972},\"LengthScale\":1.0},{\"ProfileID\":8,\"Position\":{\"x\":-205.357681,\"y\":379.739746,\"z\":18.8068867},\"Rotation\":{\"y\":0.992720842,\"w\":-0.120437972},\"LengthScale\":1.0},{\"ProfileID\":7,\"Position\":{\"x\":-205.357681,\"y\":380.189728,\"z\":18.8068867},\"Rotation\":{\"y\":0.992720842,\"w\":-0.120437972},\"LengthScale\":1.0}],\"Storages\":[]},{\"TypeID\":7,\"Position\":{\"x\":-203.163223,\"y\":379.289734,\"z\":18.2664833},\"Rotation\":{\"y\":0.120437972,\"w\":0.992720842},\"LinkedStructures\":[{\"TypeID\":3,\"InstanceID\":17},{\"TypeID\":3,\"InstanceID\":18},{\"TypeID\":3,\"InstanceID\":19},null,null,{\"TypeID\":3,\"InstanceID\":12}],\"Elements\":[{\"ProfileID\":9,\"Position\":{\"x\":-203.163223,\"y\":379.289734,\"z\":18.2664833},\"Rotation\":{\"y\":0.120437972,\"w\":0.992720842},\"LengthScale\":1.0},{\"ProfileID\":8,\"Position\":{\"x\":-203.163223,\"y\":379.739746,\"z\":18.2664833},\"Rotation\":{\"y\":0.120437972,\"w\":0.992720842},\"LengthScale\":1.0},{\"ProfileID\":7,\"Position\":{\"x\":-203.163223,\"y\":380.189728,\"z\":18.2664833},\"Rotation\":{\"y\":0.120437972,\"w\":0.992720842},\"LengthScale\":1.0}],\"Storages\":[]},{\"TypeID\":7,\"Position\":{\"x\":-207.552155,\"y\":379.289734,\"z\":19.3473053},\"Rotation\":{\"y\":0.9927209,\"w\":-0.120437972},\"LinkedStructures\":[{\"TypeID\":3,\"InstanceID\":28},{\"TypeID\":3,\"InstanceID\":29},{\"TypeID\":3,\"InstanceID\":27},null,null,{\"TypeID\":3,\"InstanceID\":6}],\"Elements\":[{\"ProfileID\":9,\"Position\":{\"x\":-207.552155,\"y\":379.289734,\"z\":19.3473053},\"Rotation\":{\"y\":0.9927209,\"w\":-0.120437972},\"LengthScale\":1.0},{\"ProfileID\":8,\"Position\":{\"x\":-207.552155,\"y\":379.739746,\"z\":19.3473053},\"Rotation\":{\"y\":0.9927209,\"w\":-0.120437972},\"LengthScale\":1.0},{\"ProfileID\":7,\"Position\":{\"x\":-207.552155,\"y\":380.189728,\"z\":19.3473053},\"Rotation\":{\"y\":0.9927209,\"w\":-0.120437972},\"LengthScale\":1.0}],\"Storages\":[]}],[{\"TypeID\":8,\"Position\":{\"x\":-203.990219,\"y\":376.589722,\"z\":19.6339188},\"Rotation\":{\"y\":-0.6167971,\"w\":0.7871222},\"LinkedStructures\":[null,null,null,null,null,null,null,null,{\"TypeID\":8,\"InstanceID\":1},{\"TypeID\":8,\"InstanceID\":2},null,null,null,null,{\"TypeID\":3,\"InstanceID\":7},{\"TypeID\":3},null,null],\"Elements\":[{\"ProfileID\":5,\"Position\":{\"x\":-203.990219,\"y\":376.589722,\"z\":19.6339188},\"Rotation\":{\"y\":-0.6167971,\"w\":0.7871222},\"LengthScale\":1.0},{\"ProfileID\":5,\"Position\":{\"x\":-203.990219,\"y\":377.039734,\"z\":19.6339188},\"Rotation\":{\"x\":0.351513058,\"y\":-0.506830633,\"z\":-0.448581427,\"w\":0.6467891},\"LengthScale\":1.0},{\"ProfileID\":5,\"Position\":{\"x\":-203.990219,\"y\":377.489716,\"z\":19.6339188},\"Rotation\":{\"x\":0.5264634,\"y\":0.321677059,\"z\":-0.664857745,\"w\":-0.421098948},\"LengthScale\":1.0},{\"ProfileID\":5,\"Position\":{\"x\":-203.990219,\"y\":377.939728,\"z\":19.6339188},\"Rotation\":{\"y\":-0.6167971,\"w\":0.7871222},\"LengthScale\":1.0},{\"ProfileID\":5,\"Position\":{\"x\":-203.990219,\"y\":378.3897,\"z\":19.6339188},\"Rotation\":{\"y\":-0.6167971,\"w\":0.7871222},\"LengthScale\":1.0}],\"Storages\":[]},{\"TypeID\":8,\"Position\":{\"x\":-206.184677,\"y\":376.589722,\"z\":20.1743221},\"Rotation\":{\"y\":-0.6167971,\"w\":0.7871222},\"LinkedStructures\":[null,null,null,null,{\"TypeID\":16},{\"TypeID\":16},{\"TypeID\":8,\"InstanceID\":3},null,null,null,null,{\"TypeID\":8},null,null,{\"TypeID\":3,\"InstanceID\":11},{\"TypeID\":3,\"InstanceID\":1},null,null],\"Elements\":[{\"ProfileID\":4,\"Position\":{\"x\":-206.184677,\"y\":376.589722,\"z\":20.1743221},\"Rotation\":{\"y\":-0.6167971,\"w\":0.7871222},\"LengthScale\":1.0},{\"ProfileID\":4,\"Position\":{\"x\":-206.184677,\"y\":377.039734,\"z\":20.1743221},\"Rotation\":{\"y\":-0.6167971,\"w\":0.7871222},\"LengthScale\":1.0},{\"ProfileID\":4,\"Position\":{\"x\":-206.184677,\"y\":377.489716,\"z\":20.1743221},\"Rotation\":{\"y\":-0.6167971,\"w\":0.7871222},\"LengthScale\":1.0},{\"ProfileID\":4,\"Position\":{\"x\":-206.184677,\"y\":377.939728,\"z\":20.1743221},\"Rotation\":{\"y\":-0.6167971,\"w\":0.7871222},\"LengthScale\":1.0},{\"ProfileID\":4,\"Position\":{\"x\":-206.184677,\"y\":378.3897,\"z\":20.1743221},\"Rotation\":{\"y\":-0.6167971,\"w\":0.7871222},\"LengthScale\":1.0}],\"Storages\":[]},{\"TypeID\":8,\"Position\":{\"x\":-203.163223,\"y\":376.589722,\"z\":18.2664833},\"Rotation\":{\"y\":0.120437972,\"w\":0.992720842},\"LinkedStructures\":[null,null,null,null,null,null,{\"TypeID\":8},null,null,{\"TypeID\":8,\"InstanceID\":4},null,null,null,null,{\"TypeID\":3,\"InstanceID\":12},{\"TypeID\":3,\"InstanceID\":2},null,null],\"Elements\":[{\"ProfileID\":5,\"Position\":{\"x\":-203.163223,\"y\":376.589722,\"z\":18.2664833},\"Rotation\":{\"y\":0.120437972,\"w\":0.992720842},\"LengthScale\":1.0},{\"ProfileID\":5,\"Position\":{\"x\":-203.163223,\"y\":377.039734,\"z\":18.2664833},\"Rotation\":{\"x\":-0.068637684,\"y\":0.09896554,\"z\":-0.5657521,\"w\":0.81573236},\"LengthScale\":1.0},{\"ProfileID\":5,\"Position\":{\"x\":-203.163223,\"y\":377.489716,\"z\":18.2664833},\"Rotation\":{\"x\":-0.09785958,\"y\":-0.07030189,\"z\":-0.842391133,\"w\":-0.525222063},\"LengthScale\":1.0},{\"ProfileID\":5,\"Position\":{\"x\":-203.163223,\"y\":377.939728,\"z\":18.2664833},\"Rotation\":{\"y\":0.120437972,\"w\":0.992720842},\"LengthScale\":1.0},{\"ProfileID\":5,\"Position\":{\"x\":-203.163223,\"y\":378.3897,\"z\":18.2664833},\"Rotation\":{\"y\":0.120437972,\"w\":0.992720842},\"LengthScale\":1.0}],\"Storages\":[]},{\"TypeID\":8,\"Position\":{\"x\":-207.552032,\"y\":376.589722,\"z\":19.3473339},\"Rotation\":{\"y\":0.992720842,\"w\":-0.120437972},\"LinkedStructures\":[null,null,null,null,null,null,{\"TypeID\":8,\"InstanceID\":5},null,null,{\"TypeID\":8,\"InstanceID\":1},null,null,null,null,{\"TypeID\":3,\"InstanceID\":6},{\"TypeID\":4,\"InstanceID\":1},null,null],\"Elements\":[{\"ProfileID\":5,\"Position\":{\"x\":-207.552032,\"y\":376.589722,\"z\":19.3473339},\"Rotation\":{\"y\":0.992720842,\"w\":-0.120437972},\"LengthScale\":1.0},{\"ProfileID\":5,\"Position\":{\"x\":-207.552032,\"y\":377.039734,\"z\":19.3473339},\"Rotation\":{\"x\":-0.5657521,\"y\":0.81573236,\"z\":0.068637684,\"w\":-0.09896554},\"LengthScale\":1.0},{\"ProfileID\":5,\"Position\":{\"x\":-207.552032,\"y\":377.489716,\"z\":19.3473339},\"Rotation\":{\"x\":-0.842391133,\"y\":-0.525222063,\"z\":0.09785958,\"w\":0.07030189},\"LengthScale\":1.0},{\"ProfileID\":5,\"Position\":{\"x\":-207.552032,\"y\":377.939728,\"z\":19.3473339},\"Rotation\":{\"y\":0.992720842,\"w\":-0.120437972},\"LengthScale\":1.0},{\"ProfileID\":5,\"Position\":{\"x\":-207.552032,\"y\":378.3897,\"z\":19.3473339},\"Rotation\":{\"y\":0.992720842,\"w\":-0.120437972},\"LengthScale\":1.0}],\"Storages\":[]},{\"TypeID\":8,\"Position\":{\"x\":-204.530579,\"y\":376.589722,\"z\":17.4394817},\"Rotation\":{\"y\":0.78712213,\"w\":0.616797268},\"LinkedStructures\":[null,null,null,null,null,null,{\"TypeID\":8,\"InstanceID\":2},null,null,null,null,{\"TypeID\":8,\"InstanceID\":5},null,null,{\"TypeID\":3,\"InstanceID\":8},{\"TypeID\":3,\"InstanceID\":4},null,null],\"Elements\":[{\"ProfileID\":5,\"Position\":{\"x\":-204.530579,\"y\":376.589722,\"z\":17.4394817},\"Rotation\":{\"y\":0.78712213,\"w\":0.616797268},\"LengthScale\":1.0},{\"ProfileID\":5,\"Position\":{\"x\":-204.530579,\"y\":377.039734,\"z\":17.4394817},\"Rotation\":{\"x\":-0.4485814,\"y\":0.646788955,\"z\":-0.351513147,\"w\":0.5068307},\"LengthScale\":1.0},{\"ProfileID\":5,\"Position\":{\"x\":-204.530579,\"y\":377.489716,\"z\":17.4394817},\"Rotation\":{\"x\":-0.664857745,\"y\":-0.421098948,\"z\":-0.5264635,\"w\":-0.321677119},\"LengthScale\":1.0},{\"ProfileID\":5,\"Position\":{\"x\":-204.530579,\"y\":377.939728,\"z\":17.4394817},\"Rotation\":{\"y\":0.78712213,\"w\":0.616797268},\"LengthScale\":1.0},{\"ProfileID\":5,\"Position\":{\"x\":-204.530579,\"y\":378.3897,\"z\":17.4394817},\"Rotation\":{\"y\":0.78712213,\"w\":0.616797268},\"LengthScale\":1.0}],\"Storages\":[]},{\"TypeID\":8,\"Position\":{\"x\":-206.725037,\"y\":376.589722,\"z\":17.9799},\"Rotation\":{\"y\":0.7871222,\"w\":0.6167971},\"LinkedStructures\":[null,null,null,null,null,null,null,null,{\"TypeID\":8,\"InstanceID\":4},{\"TypeID\":8,\"InstanceID\":3},null,null,null,null,{\"TypeID\":3,\"InstanceID\":9},{\"TypeID\":3,\"InstanceID\":5},null,null],\"Elements\":[{\"ProfileID\":5,\"Position\":{\"x\":-206.725037,\"y\":376.589722,\"z\":17.9799},\"Rotation\":{\"y\":0.7871222,\"w\":0.6167971},\"LengthScale\":1.0},{\"ProfileID\":5,\"Position\":{\"x\":-206.725037,\"y\":377.039734,\"z\":17.9799},\"Rotation\":{\"x\":-0.448581427,\"y\":0.6467891,\"z\":-0.351513058,\"w\":0.506830633},\"LengthScale\":1.0},{\"ProfileID\":5,\"Position\":{\"x\":-206.725037,\"y\":377.489716,\"z\":17.9799},\"Rotation\":{\"x\":-0.664857745,\"y\":-0.421098948,\"z\":-0.5264634,\"w\":-0.321677059},\"LengthScale\":1.0},{\"ProfileID\":5,\"Position\":{\"x\":-206.725037,\"y\":377.939728,\"z\":17.9799},\"Rotation\":{\"y\":0.7871222,\"w\":0.6167971},\"LengthScale\":1.0},{\"ProfileID\":5,\"Position\":{\"x\":-206.725037,\"y\":378.3897,\"z\":17.9799},\"Rotation\":{\"y\":0.7871222,\"w\":0.6167971},\"LengthScale\":1.0}],\"Storages\":[]}],[{\"TypeID\":9,\"Position\":{\"x\":-185.25354,\"y\":373.223,\"z\":63.03696},\"Rotation\":{\"y\":-0.8192549,\"w\":0.573429644},\"LinkedStructures\":[null,null,null,null,null,null],\"Elements\":[{\"ProfileID\":13,\"Position\":{\"x\":-183.927719,\"y\":373.212341,\"z\":62.9616928},\"Rotation\":{\"x\":-0.7071069,\"w\":0.7071069},\"LengthScale\":1.0},{\"ProfileID\":13,\"Position\":{\"x\":-184.367081,\"y\":373.182983,\"z\":63.0589523},\"Rotation\":{\"x\":-0.7071069,\"w\":0.7071069},\"LengthScale\":1.0},{\"ProfileID\":13,\"Position\":{\"x\":-184.8084,\"y\":373.225342,\"z\":62.9710045},\"Rotation\":{\"x\":-0.7071069,\"w\":0.7071069},\"LengthScale\":1.0},{\"ProfileID\":13,\"Position\":{\"x\":-185.25354,\"y\":373.223,\"z\":63.03696},\"Rotation\":{\"x\":-0.7071069,\"w\":0.7071069},\"LengthScale\":1.0},{\"ProfileID\":13,\"Position\":{\"x\":-185.676346,\"y\":373.436584,\"z\":62.8829},\"Rotation\":{\"x\":-0.698867857,\"y\":0.107627809,\"z\":0.107627809,\"w\":0.698867857},\"LengthScale\":1.0}],\"Storages\":[]},{\"TypeID\":9,\"Position\":{\"x\":-178.21167,\"y\":378.5693,\"z\":50.26372},\"Rotation\":{\"y\":0.30356288,\"w\":0.9528114},\"LinkedStructures\":[null,null,null,null,null,null],\"Elements\":[{\"ProfileID\":13,\"Position\":{\"x\":-178.7165,\"y\":379.032959,\"z\":49.0328178},\"Rotation\":{\"x\":-0.7071068,\"y\":-2.98023224E-08,\"z\":-2.98023224E-08,\"w\":0.7071068},\"LengthScale\":1.0},{\"ProfileID\":13,\"Position\":{\"x\":-178.4971,\"y\":378.919739,\"z\":49.425705},\"Rotation\":{\"x\":-0.7071068,\"y\":-2.98023224E-08,\"z\":-2.98023224E-08,\"w\":0.7071068},\"LengthScale\":1.0},{\"ProfileID\":13,\"Position\":{\"x\":-178.2777,\"y\":378.801178,\"z\":49.8185921},\"Rotation\":{\"x\":-0.7071068,\"y\":-2.98023224E-08,\"z\":-2.98023224E-08,\"w\":0.7071068},\"LengthScale\":1.0},{\"ProfileID\":13,\"Position\":{\"x\":-178.21167,\"y\":378.5693,\"z\":50.26372},\"Rotation\":{\"x\":-0.7071068,\"y\":-2.98023224E-08,\"z\":-2.98023224E-08,\"w\":0.7071068},\"LengthScale\":1.0},{\"ProfileID\":13,\"Position\":{\"x\":-177.951355,\"y\":378.519867,\"z\":50.6307869},\"Rotation\":{\"x\":0.1023069,\"y\":0.69966656,\"z\":0.69966656,\"w\":-0.1023069},\"LengthScale\":1.0}],\"Storages\":[]},{\"TypeID\":9,\"Position\":{\"x\":-180.778381,\"y\":373.401031,\"z\":63.0249},\"Rotation\":{\"y\":-0.714165747,\"w\":0.6999766},\"LinkedStructures\":[null,null,null,null,null,null],\"Elements\":[{\"ProfileID\":13,\"Position\":{\"x\":-179.671509,\"y\":373.805237,\"z\":62.2735634},\"Rotation\":{\"x\":-0.7071068,\"w\":0.7071068},\"LengthScale\":1.0},{\"ProfileID\":13,\"Position\":{\"x\":-180.0182,\"y\":373.668182,\"z\":62.56045},\"Rotation\":{\"x\":-0.7071068,\"w\":0.7071068},\"LengthScale\":1.0},{\"ProfileID\":13,\"Position\":{\"x\":-180.3649,\"y\":373.5219,\"z\":62.8473434},\"Rotation\":{\"x\":-0.7071068,\"w\":0.7071068},\"LengthScale\":1.0},{\"ProfileID\":13,\"Position\":{\"x\":-180.778381,\"y\":373.401031,\"z\":63.0249},\"Rotation\":{\"x\":-0.7071068,\"w\":0.7071068},\"LengthScale\":1.0},{\"ProfileID\":13,\"Position\":{\"x\":-181.228287,\"y\":373.349121,\"z\":63.01587},\"Rotation\":{\"x\":-0.5049914,\"y\":0.4949582,\"z\":0.494958133,\"w\":0.504991531},\"LengthScale\":1.0}],\"Storages\":[]},{\"TypeID\":9,\"Position\":{\"x\":-178.978119,\"y\":374.106171,\"z\":61.6997871},\"Rotation\":{\"y\":-0.425719559,\"w\":0.9048552},\"LinkedStructures\":[null,null,null,null,null,null],\"Elements\":[{\"ProfileID\":13,\"Position\":{\"x\":-177.938034,\"y\":374.55838,\"z\":60.8391228},\"Rotation\":{\"x\":-0.7071068,\"w\":0.7071068},\"LengthScale\":1.0},{\"ProfileID\":13,\"Position\":{\"x\":-178.284729,\"y\":374.412018,\"z\":61.12601},\"Rotation\":{\"x\":-0.7071068,\"w\":0.7071068},\"LengthScale\":1.0},{\"ProfileID\":13,\"Position\":{\"x\":-178.631424,\"y\":374.253357,\"z\":61.4129},\"Rotation\":{\"x\":-0.7071068,\"w\":0.7071068},\"LengthScale\":1.0},{\"ProfileID\":13,\"Position\":{\"x\":-178.978119,\"y\":374.106171,\"z\":61.6997871},\"Rotation\":{\"x\":-0.7071068,\"w\":0.7071068},\"LengthScale\":1.0},{\"ProfileID\":13,\"Position\":{\"x\":-179.324814,\"y\":373.962463,\"z\":61.9866753},\"Rotation\":{\"x\":-0.301029235,\"y\":0.6398293,\"z\":0.6398293,\"w\":0.301029235},\"LengthScale\":1.0}],\"Storages\":[]},{\"TypeID\":9,\"Position\":{\"x\":-177.244644,\"y\":374.9261,\"z\":60.26535},\"Rotation\":{\"y\":-0.425719559,\"w\":0.9048552},\"LinkedStructures\":[null,null,null,null,null,null],\"Elements\":[{\"ProfileID\":13,\"Position\":{\"x\":-177.2304,\"y\":374.930237,\"z\":60.2666931},\"Rotation\":{\"x\":-0.7128289,\"y\":0.0193963051,\"z\":0.0193963647,\"w\":0.7008015},\"LengthScale\":1.0},{\"ProfileID\":13,\"Position\":{\"x\":-177.552521,\"y\":374.721741,\"z\":60.5529747},\"Rotation\":{\"x\":-0.261248052,\"y\":0.6513839,\"z\":0.660931766,\"w\":0.265740246},\"LengthScale\":1.0}],\"Storages\":[]},{\"TypeID\":9,\"Position\":{\"x\":-176.271088,\"y\":375.62204,\"z\":59.2373123},\"Rotation\":{\"y\":0.8191034,\"w\":0.5736459},\"LinkedStructures\":[null,null,null,null,null,null],\"Elements\":[{\"ProfileID\":13,\"Position\":{\"x\":-177.418381,\"y\":374.923645,\"z\":59.94878},\"Rotation\":{\"x\":-0.7071068,\"w\":0.7071068},\"LengthScale\":1.0},{\"ProfileID\":13,\"Position\":{\"x\":-177.03595,\"y\":375.141174,\"z\":59.71162},\"Rotation\":{\"x\":-0.7071068,\"w\":0.7071068},\"LengthScale\":1.0},{\"ProfileID\":13,\"Position\":{\"x\":-176.653519,\"y\":375.370422,\"z\":59.4744644},\"Rotation\":{\"x\":-0.7071068,\"w\":0.7071068},\"LengthScale\":1.0},{\"ProfileID\":13,\"Position\":{\"x\":-176.271088,\"y\":375.62204,\"z\":59.2373123},\"Rotation\":{\"x\":-0.7071068,\"w\":0.7071068},\"LengthScale\":1.0},{\"ProfileID\":13,\"Position\":{\"x\":-175.8482,\"y\":375.914978,\"z\":59.083477},\"Rotation\":{\"x\":-0.693686545,\"y\":-0.1371094,\"z\":-0.1371094,\"w\":0.693686545},\"LengthScale\":1.0}],\"Storages\":[]},{\"TypeID\":9,\"Position\":{\"x\":-175.438431,\"y\":376.521667,\"z\":58.2829933},\"Rotation\":{\"y\":-0.234727338,\"w\":0.9720613},\"LinkedStructures\":[null,null,null,null,null,null],\"Elements\":[{\"ProfileID\":2,\"Position\":{\"x\":-175.279724,\"y\":377.220917,\"z\":56.95418},\"Rotation\":{\"x\":-0.707106769,\"y\":-1.49011612E-08,\"z\":-1.49011612E-08,\"w\":0.707106769},\"LengthScale\":1.0},{\"ProfileID\":13,\"Position\":{\"x\":-175.249069,\"y\":377.046875,\"z\":57.4031372},\"Rotation\":{\"x\":-0.707106769,\"y\":-2.98023224E-08,\"z\":-2.98023224E-08,\"w\":0.707106769},\"LengthScale\":1.0},{\"ProfileID\":13,\"Position\":{\"x\":-175.34375,\"y\":376.772522,\"z\":57.8430634},\"Rotation\":{\"x\":-0.707106769,\"y\":-2.98023224E-08,\"z\":-2.98023224E-08,\"w\":0.707106769},\"LengthScale\":1.0},{\"ProfileID\":13,\"Position\":{\"x\":-175.438431,\"y\":376.521667,\"z\":58.2829933},\"Rotation\":{\"x\":-0.707106769,\"y\":-2.98023224E-08,\"z\":-2.98023224E-08,\"w\":0.707106769},\"LengthScale\":1.0},{\"ProfileID\":13,\"Position\":{\"x\":-175.643784,\"y\":376.216034,\"z\":58.6834068},\"Rotation\":{\"x\":-0.165463567,\"y\":0.687475,\"z\":0.687474966,\"w\":0.165463537},\"LengthScale\":1.0}],\"Storages\":[]},{\"TypeID\":9,\"Position\":{\"x\":-175.341034,\"y\":377.594818,\"z\":56.05627},\"Rotation\":{\"y\":0.03408074,\"w\":0.9994191},\"LinkedStructures\":[null,null,null,null,null,null],\"Elements\":[{\"ProfileID\":13,\"Position\":{\"x\":-175.5271,\"y\":378.072174,\"z\":54.75389},\"Rotation\":{\"x\":-0.7071068,\"y\":7.450581E-09,\"z\":7.450581E-09,\"w\":0.7071068},\"LengthScale\":1.0},{\"ProfileID\":13,\"Position\":{\"x\":-175.34697,\"y\":378.021,\"z\":55.1662636},\"Rotation\":{\"x\":-0.7071068,\"y\":7.450581E-09,\"z\":7.450581E-09,\"w\":0.7071068},\"LengthScale\":1.0},{\"ProfileID\":13,\"Position\":{\"x\":-175.2772,\"y\":377.8604,\"z\":55.61082},\"Rotation\":{\"x\":-0.7071068,\"y\":7.450581E-09,\"z\":7.450581E-09,\"w\":0.7071068},\"LengthScale\":1.0},{\"ProfileID\":13,\"Position\":{\"x\":-175.341034,\"y\":377.594818,\"z\":56.05627},\"Rotation\":{\"x\":-0.7071068,\"y\":1.11758709E-08,\"z\":1.11758709E-08,\"w\":0.7071068},\"LengthScale\":1.0},{\"ProfileID\":2,\"Position\":{\"x\":-175.310379,\"y\":377.4025,\"z\":56.5052261},\"Rotation\":{\"x\":0.0240987185,\"y\":0.7066961,\"z\":0.706696033,\"w\":-0.0240987185},\"LengthScale\":1.00000024}],\"Storages\":[]},{\"TypeID\":9,\"Position\":{\"x\":-175.88736,\"y\":378.1959,\"z\":53.92914},\"Rotation\":{\"y\":0.204463363,\"w\":0.9788742},\"LinkedStructures\":[null,null,null,null,null,null],\"Elements\":[{\"ProfileID\":13,\"Position\":{\"x\":-176.281418,\"y\":378.5758,\"z\":52.68582},\"Rotation\":{\"x\":-0.707106769,\"w\":0.707106769},\"LengthScale\":1.0},{\"ProfileID\":13,\"Position\":{\"x\":-176.042938,\"y\":378.549225,\"z\":53.0674324},\"Rotation\":{\"x\":-0.707106769,\"w\":0.707106769},\"LengthScale\":1.0},{\"ProfileID\":13,\"Position\":{\"x\":-176.06749,\"y\":378.275818,\"z\":53.51676},\"Rotation\":{\"x\":-0.707106769,\"w\":0.707106769},\"LengthScale\":1.0},{\"ProfileID\":13,\"Position\":{\"x\":-175.88736,\"y\":378.1959,\"z\":53.92914},\"Rotation\":{\"x\":-0.707106769,\"w\":0.707106769},\"LengthScale\":1.0},{\"ProfileID\":13,\"Position\":{\"x\":-175.70723,\"y\":378.132141,\"z\":54.3415146},\"Rotation\":{\"x\":0.144577444,\"y\":0.692168653,\"z\":0.692168653,\"w\":-0.144577444},\"LengthScale\":1.0}],\"Storages\":[]},{\"TypeID\":9,\"Position\":{\"x\":-176.845551,\"y\":378.5327,\"z\":51.9936447},\"Rotation\":{\"y\":0.39360854,\"w\":0.919278145},\"LinkedStructures\":[null,null,null,null,null,null],\"Elements\":[{\"ProfileID\":13,\"Position\":{\"x\":-177.82251,\"y\":378.342682,\"z\":51.0619469},\"Rotation\":{\"x\":-0.7071068,\"w\":0.7071068},\"LengthScale\":1.0},{\"ProfileID\":13,\"Position\":{\"x\":-177.496857,\"y\":378.4022,\"z\":51.3725128},\"Rotation\":{\"x\":-0.7071068,\"w\":0.7071068},\"LengthScale\":1.0},{\"ProfileID\":13,\"Position\":{\"x\":-177.1712,\"y\":378.465057,\"z\":51.68308},\"Rotation\":{\"x\":-0.7071068,\"w\":0.7071068},\"LengthScale\":1.0},{\"ProfileID\":13,\"Position\":{\"x\":-176.845551,\"y\":378.5327,\"z\":51.9936447},\"Rotation\":{\"x\":-0.7071068,\"w\":0.7071068},\"LengthScale\":1.0},{\"ProfileID\":13,\"Position\":{\"x\":-176.5199,\"y\":378.609528,\"z\":52.30421},\"Rotation\":{\"x\":0.194919631,\"y\":0.679710567,\"z\":0.6797105,\"w\":-0.194919571},\"LengthScale\":1.0}],\"Storages\":[]},{\"TypeID\":9,\"Position\":{\"x\":-186.159653,\"y\":374.0353,\"z\":62.96558},\"Rotation\":{\"y\":-0.396572053,\"w\":0.9180036},\"LinkedStructures\":[null,null,null,null,null,null],\"Elements\":[{\"ProfileID\":117,\"Position\":{\"x\":-186.159653,\"y\":374.0353,\"z\":62.96558},\"Rotation\":{\"x\":0.0279832184,\"y\":0.706552863,\"z\":0.706552863,\"w\":-0.0279832184},\"LengthScale\":1.0},{\"ProfileID\":117,\"Position\":{\"x\":-186.4873,\"y\":374.108124,\"z\":63.27404},\"Rotation\":{\"x\":-0.707106769,\"w\":0.707106769},\"LengthScale\":1.0}],\"Storages\":[]},{\"TypeID\":9,\"Position\":{\"x\":-179.155319,\"y\":379.3077,\"z\":48.2470436},\"Rotation\":{\"y\":0.2519088,\"w\":0.967751},\"LinkedStructures\":[null,null,null,null,null,null],\"Elements\":[{\"ProfileID\":13,\"Position\":{\"x\":-179.813538,\"y\":379.77475,\"z\":47.0683823},\"Rotation\":{\"x\":-0.7071068,\"w\":0.7071068},\"LengthScale\":1.0},{\"ProfileID\":13,\"Position\":{\"x\":-179.594131,\"y\":379.612061,\"z\":47.46127},\"Rotation\":{\"x\":-0.7071068,\"w\":0.7071068},\"LengthScale\":1.0},{\"ProfileID\":13,\"Position\":{\"x\":-179.374725,\"y\":379.4515,\"z\":47.8541565},\"Rotation\":{\"x\":-0.7071068,\"w\":0.7071068},\"LengthScale\":1.0},{\"ProfileID\":13,\"Position\":{\"x\":-179.155319,\"y\":379.3077,\"z\":48.2470436},\"Rotation\":{\"x\":-0.7071068,\"w\":0.7071068},\"LengthScale\":1.0},{\"ProfileID\":13,\"Position\":{\"x\":-178.935913,\"y\":379.15686,\"z\":48.63993},\"Rotation\":{\"x\":0.178126439,\"y\":0.684303343,\"z\":0.6843033,\"w\":-0.178126439},\"LengthScale\":1.0}],\"Storages\":[]},{\"TypeID\":9,\"Position\":{\"x\":-180.25235,\"y\":380.091217,\"z\":46.282608},\"Rotation\":{\"y\":0.2519088,\"w\":0.967751},\"LinkedStructures\":[null,null,null,null,null,null],\"Elements\":[{\"ProfileID\":13,\"Position\":{\"x\":-180.9161,\"y\":380.481659,\"z\":45.1874},\"Rotation\":{\"x\":-0.7071068,\"w\":0.7071068},\"LengthScale\":1.0},{\"ProfileID\":13,\"Position\":{\"x\":-180.6032,\"y\":380.439423,\"z\":45.5108032},\"Rotation\":{\"x\":-0.7071068,\"w\":0.7071068},\"LengthScale\":1.0},{\"ProfileID\":13,\"Position\":{\"x\":-180.290283,\"y\":380.4023,\"z\":45.83421},\"Rotation\":{\"x\":-0.7071068,\"w\":0.7071068},\"LengthScale\":1.0},{\"ProfileID\":13,\"Position\":{\"x\":-180.25235,\"y\":380.091217,\"z\":46.282608},\"Rotation\":{\"x\":-0.7071068,\"w\":0.7071068},\"LengthScale\":1.0},{\"ProfileID\":13,\"Position\":{\"x\":-180.032944,\"y\":379.934753,\"z\":46.6754951},\"Rotation\":{\"x\":0.178126439,\"y\":0.684303343,\"z\":0.6843033,\"w\":-0.178126439},\"LengthScale\":1.0}],\"Storages\":[]},{\"TypeID\":9,\"Position\":{\"x\":-181.601044,\"y\":380.451324,\"z\":44.60918},\"Rotation\":{\"y\":0.4666913,\"w\":0.884420335},\"LinkedStructures\":[null,null,null,null,null,null],\"Elements\":[{\"ProfileID\":13,\"Position\":{\"x\":-182.366226,\"y\":380.460754,\"z\":43.5458832},\"Rotation\":{\"x\":-0.7071068,\"w\":0.7071068},\"LengthScale\":1.0},{\"ProfileID\":13,\"Position\":{\"x\":-182.169373,\"y\":380.447144,\"z\":43.9505424},\"Rotation\":{\"x\":-0.7071068,\"w\":0.7071068},\"LengthScale\":1.0},{\"ProfileID\":13,\"Position\":{\"x\":-181.972519,\"y\":380.343933,\"z\":44.3552},\"Rotation\":{\"x\":-0.7071068,\"w\":0.7071068},\"LengthScale\":1.0},{\"ProfileID\":13,\"Position\":{\"x\":-181.601044,\"y\":380.451324,\"z\":44.60918},\"Rotation\":{\"x\":-0.7071068,\"w\":0.7071068},\"LengthScale\":1.0},{\"ProfileID\":13,\"Position\":{\"x\":-181.229568,\"y\":380.5172,\"z\":44.86316},\"Rotation\":{\"x\":0.2650671,\"y\":0.6555452,\"z\":0.6555452,\"w\":-0.2650671},\"LengthScale\":1.0}],\"Storages\":[]},{\"TypeID\":9,\"Position\":{\"x\":-182.759933,\"y\":380.478333,\"z\":42.7365646},\"Rotation\":{\"y\":0.224452958,\"w\":0.974485},\"LinkedStructures\":[null,null,null,null,null,null],\"Elements\":[{\"ProfileID\":13,\"Position\":{\"x\":-183.3505,\"y\":380.452972,\"z\":41.5225868},\"Rotation\":{\"x\":-0.7071068,\"y\":-2.98023224E-08,\"z\":-2.98023224E-08,\"w\":0.7071068},\"LengthScale\":1.0},{\"ProfileID\":13,\"Position\":{\"x\":-183.153641,\"y\":380.472778,\"z\":41.9272461},\"Rotation\":{\"x\":-0.7071068,\"y\":-2.98023224E-08,\"z\":-2.98023224E-08,\"w\":0.7071068},\"LengthScale\":1.0},{\"ProfileID\":13,\"Position\":{\"x\":-182.956787,\"y\":380.47757,\"z\":42.3319054},\"Rotation\":{\"x\":-0.7071068,\"y\":-2.98023224E-08,\"z\":-2.98023224E-08,\"w\":0.7071068},\"LengthScale\":1.0},{\"ProfileID\":13,\"Position\":{\"x\":-182.759933,\"y\":380.478333,\"z\":42.7365646},\"Rotation\":{\"x\":-0.7071068,\"y\":-2.98023224E-08,\"z\":-2.98023224E-08,\"w\":0.7071068},\"LengthScale\":1.0},{\"ProfileID\":13,\"Position\":{\"x\":-182.56308,\"y\":380.474426,\"z\":43.1412239},\"Rotation\":{\"x\":0.158712268,\"y\":0.6890649,\"z\":0.689065,\"w\":-0.158712268},\"LengthScale\":1.0}],\"Storages\":[]},{\"TypeID\":9,\"Position\":{\"x\":-183.7442,\"y\":380.40564,\"z\":40.71327},\"Rotation\":{\"y\":0.224452958,\"w\":0.974485},\"LinkedStructures\":[null,null,null,null,null,null],\"Elements\":[{\"ProfileID\":13,\"Position\":{\"x\":-184.334763,\"y\":380.317657,\"z\":39.49929},\"Rotation\":{\"x\":-0.7071068,\"y\":-2.98023224E-08,\"z\":-2.98023224E-08,\"w\":0.7071068},\"LengthScale\":1.0},{\"ProfileID\":13,\"Position\":{\"x\":-184.137909,\"y\":380.352142,\"z\":39.90395},\"Rotation\":{\"x\":-0.7071068,\"y\":-2.98023224E-08,\"z\":-2.98023224E-08,\"w\":0.7071068},\"LengthScale\":1.0},{\"ProfileID\":13,\"Position\":{\"x\":-183.941055,\"y\":380.380676,\"z\":40.30861},\"Rotation\":{\"x\":-0.7071068,\"y\":-2.98023224E-08,\"z\":-2.98023224E-08,\"w\":0.7071068},\"LengthScale\":1.0},{\"ProfileID\":13,\"Position\":{\"x\":-183.7442,\"y\":380.40564,\"z\":40.71327},\"Rotation\":{\"x\":-0.7071068,\"y\":-2.98023224E-08,\"z\":-2.98023224E-08,\"w\":0.7071068},\"LengthScale\":1.0},{\"ProfileID\":13,\"Position\":{\"x\":-183.547348,\"y\":380.433167,\"z\":41.1179276},\"Rotation\":{\"x\":0.158712268,\"y\":0.6890649,\"z\":0.689065,\"w\":-0.158712268},\"LengthScale\":1.0}],\"Storages\":[]},{\"TypeID\":9,\"Position\":{\"x\":-184.72847,\"y\":380.242249,\"z\":38.6899719},\"Rotation\":{\"y\":0.224452958,\"w\":0.974485},\"LinkedStructures\":[null,null,null,null,null,null],\"Elements\":[{\"ProfileID\":13,\"Position\":{\"x\":-185.319031,\"y\":380.124146,\"z\":37.4759941},\"Rotation\":{\"x\":-0.7071068,\"y\":-2.98023224E-08,\"z\":-2.98023224E-08,\"w\":0.7071068},\"LengthScale\":1.0},{\"ProfileID\":13,\"Position\":{\"x\":-185.122177,\"y\":380.1635,\"z\":37.8806534},\"Rotation\":{\"x\":-0.7071068,\"y\":-2.98023224E-08,\"z\":-2.98023224E-08,\"w\":0.7071068},\"LengthScale\":1.0},{\"ProfileID\":13,\"Position\":{\"x\":-184.925323,\"y\":380.20285,\"z\":38.2853127},\"Rotation\":{\"x\":-0.7071068,\"y\":-2.98023224E-08,\"z\":-2.98023224E-08,\"w\":0.7071068},\"LengthScale\":1.0},{\"ProfileID\":13,\"Position\":{\"x\":-184.72847,\"y\":380.242249,\"z\":38.6899719},\"Rotation\":{\"x\":-0.7071068,\"y\":-2.98023224E-08,\"z\":-2.98023224E-08,\"w\":0.7071068},\"LengthScale\":1.0},{\"ProfileID\":13,\"Position\":{\"x\":-184.531616,\"y\":380.2848,\"z\":39.09463},\"Rotation\":{\"x\":0.158712268,\"y\":0.6890649,\"z\":0.689065,\"w\":-0.158712268},\"LengthScale\":1.0}],\"Storages\":[]},{\"TypeID\":9,\"Position\":{\"x\":-185.712738,\"y\":380.029663,\"z\":36.6666756},\"Rotation\":{\"y\":0.224452958,\"w\":0.974485},\"LinkedStructures\":[null,null,null,null,null,null],\"Elements\":[{\"ProfileID\":13,\"Position\":{\"x\":-186.3033,\"y\":380.293945,\"z\":35.4526978},\"Rotation\":{\"x\":-0.7071068,\"y\":-2.98023224E-08,\"z\":-2.98023224E-08,\"w\":0.7071068},\"LengthScale\":1.0},{\"ProfileID\":13,\"Position\":{\"x\":-186.106445,\"y\":379.924622,\"z\":35.857357},\"Rotation\":{\"x\":-0.7071068,\"y\":-2.98023224E-08,\"z\":-2.98023224E-08,\"w\":0.7071068},\"LengthScale\":1.0},{\"ProfileID\":13,\"Position\":{\"x\":-185.909592,\"y\":379.98053,\"z\":36.2620163},\"Rotation\":{\"x\":-0.7071068,\"y\":-2.98023224E-08,\"z\":-2.98023224E-08,\"w\":0.7071068},\"LengthScale\":1.0},{\"ProfileID\":13,\"Position\":{\"x\":-185.712738,\"y\":380.029663,\"z\":36.6666756},\"Rotation\":{\"x\":-0.7071068,\"y\":-2.98023224E-08,\"z\":-2.98023224E-08,\"w\":0.7071068},\"LengthScale\":1.0},{\"ProfileID\":13,\"Position\":{\"x\":-185.515884,\"y\":380.080566,\"z\":37.0713348},\"Rotation\":{\"x\":0.158712268,\"y\":0.6890649,\"z\":0.689065,\"w\":-0.158712268},\"LengthScale\":1.0}],\"Storages\":[]},{\"TypeID\":9,\"Position\":{\"x\":-186.4994,\"y\":380.313171,\"z\":34.57432},\"Rotation\":{\"y\":0.109608479,\"w\":0.993974864},\"LinkedStructures\":[null,null,null,null,null,null],\"Elements\":[{\"ProfileID\":13,\"Position\":{\"x\":-186.434021,\"y\":380.311462,\"z\":34.555294},\"Rotation\":{\"x\":-0.7118668,\"y\":0.0171282366,\"z\":-0.0171282217,\"w\":0.7018967},\"LengthScale\":1.0},{\"ProfileID\":13,\"Position\":{\"x\":-186.3138,\"y\":379.8708,\"z\":35.0552254},\"Rotation\":{\"x\":0.09906118,\"y\":0.6890112,\"z\":0.7157734,\"w\":-0.0558472052},\"LengthScale\":1.0}],\"Storages\":[]},{\"TypeID\":9,\"Position\":{\"x\":-186.158264,\"y\":380.105164,\"z\":34.03708},\"Rotation\":{\"y\":0.109608479,\"w\":0.993974864},\"LinkedStructures\":[null,null,null,null,null,null],\"Elements\":[{\"ProfileID\":13,\"Position\":{\"x\":-186.644348,\"y\":380.011261,\"z\":32.7858429},\"Rotation\":{\"x\":-0.7071069,\"w\":0.7071069},\"LengthScale\":1.0},{\"ProfileID\":13,\"Position\":{\"x\":-186.450333,\"y\":380.044556,\"z\":33.1918678},\"Rotation\":{\"x\":-0.7071069,\"w\":0.7071069},\"LengthScale\":1.0},{\"ProfileID\":13,\"Position\":{\"x\":-186.256317,\"y\":380.1095,\"z\":33.5978928},\"Rotation\":{\"x\":-0.7071069,\"w\":0.7071069},\"LengthScale\":1.0},{\"ProfileID\":13,\"Position\":{\"x\":-186.158264,\"y\":380.105164,\"z\":34.03708},\"Rotation\":{\"x\":-0.7071069,\"y\":-2.98023224E-08,\"z\":-2.98023224E-08,\"w\":0.7071069},\"LengthScale\":1.0},{\"ProfileID\":13,\"Position\":{\"x\":-186.060211,\"y\":380.1076,\"z\":34.476265},\"Rotation\":{\"x\":-0.442182034,\"y\":0.5517926,\"z\":0.5517926,\"w\":0.442182064},\"LengthScale\":1.0}],\"Storages\":[]},{\"TypeID\":9,\"Position\":{\"x\":-187.174728,\"y\":379.902344,\"z\":32.08089},\"Rotation\":{\"y\":0.4097042,\"w\":0.912218451},\"LinkedStructures\":[null,null,null,null,null,null],\"Elements\":[{\"ProfileID\":13,\"Position\":{\"x\":-187.738373,\"y\":379.873474,\"z\":30.8934879},\"Rotation\":{\"x\":-0.7071068,\"w\":0.7071068},\"LengthScale\":1.0},{\"ProfileID\":13,\"Position\":{\"x\":-187.686386,\"y\":379.830566,\"z\":31.3404751},\"Rotation\":{\"x\":-0.7071068,\"w\":0.7071068},\"LengthScale\":1.0},{\"ProfileID\":13,\"Position\":{\"x\":-187.430557,\"y\":379.861,\"z\":31.7106819},\"Rotation\":{\"x\":-0.7071068,\"w\":0.7071068},\"LengthScale\":1.0},{\"ProfileID\":13,\"Position\":{\"x\":-187.174728,\"y\":379.902344,\"z\":32.08089},\"Rotation\":{\"x\":-0.7071068,\"w\":0.7071068},\"LengthScale\":1.0},{\"ProfileID\":13,\"Position\":{\"x\":-186.838364,\"y\":379.990967,\"z\":32.379818},\"Rotation\":{\"x\":0.156299874,\"y\":0.689616144,\"z\":0.689616144,\"w\":-0.156299874},\"LengthScale\":1.0}],\"Storages\":[]},{\"TypeID\":9,\"Position\":{\"x\":-187.72374,\"y\":379.997925,\"z\":30.00146},\"Rotation\":{\"y\":-0.0742268,\"w\":0.9972414},\"LinkedStructures\":[null,null,null,null,null,null],\"Elements\":[{\"ProfileID\":13,\"Position\":{\"x\":-187.913925,\"y\":380.107666,\"z\":28.675087},\"Rotation\":{\"x\":-0.707106769,\"y\":-1.11758709E-08,\"z\":-1.11758709E-08,\"w\":0.707106769},\"LengthScale\":1.0},{\"ProfileID\":13,\"Position\":{\"x\":-187.7743,\"y\":380.0906,\"z\":29.10288},\"Rotation\":{\"x\":-0.707106769,\"y\":-1.11758709E-08,\"z\":-1.11758709E-08,\"w\":0.707106769},\"LengthScale\":1.0},{\"ProfileID\":13,\"Position\":{\"x\":-187.749023,\"y\":380.04184,\"z\":29.55217},\"Rotation\":{\"x\":-0.707106769,\"y\":-1.11758709E-08,\"z\":-1.11758709E-08,\"w\":0.707106769},\"LengthScale\":1.0},{\"ProfileID\":13,\"Position\":{\"x\":-187.72374,\"y\":379.997925,\"z\":30.00146},\"Rotation\":{\"x\":-0.707106769,\"y\":-1.11758709E-08,\"z\":-1.11758709E-08,\"w\":0.707106769},\"LengthScale\":1.0},{\"ProfileID\":13,\"Position\":{\"x\":-187.790359,\"y\":379.9182,\"z\":30.4465},\"Rotation\":{\"x\":0.0409131348,\"y\":0.7059222,\"z\":0.7059222,\"w\":-0.0409131348},\"LengthScale\":1.0}],\"Storages\":[]},{\"TypeID\":9,\"Position\":{\"x\":-188.3609,\"y\":380.0738,\"z\":27.9186172},\"Rotation\":{\"y\":0.367153078,\"w\":0.9301605},\"LinkedStructures\":[null,null,null,null,null,null],\"Elements\":[{\"ProfileID\":13,\"Position\":{\"x\":-189.285,\"y\":379.931519,\"z\":26.93327},\"Rotation\":{\"x\":-0.707106769,\"w\":0.707106769},\"LengthScale\":1.0},{\"ProfileID\":13,\"Position\":{\"x\":-188.975616,\"y\":379.970825,\"z\":27.26126},\"Rotation\":{\"x\":-0.707106769,\"w\":0.707106769},\"LengthScale\":1.0},{\"ProfileID\":13,\"Position\":{\"x\":-188.668274,\"y\":380.019958,\"z\":27.5899448},\"Rotation\":{\"x\":-0.707106769,\"w\":0.707106769},\"LengthScale\":1.0},{\"ProfileID\":13,\"Position\":{\"x\":-188.3609,\"y\":380.0738,\"z\":27.9186172},\"Rotation\":{\"x\":-0.707106769,\"w\":0.707106769},\"LengthScale\":1.0},{\"ProfileID\":13,\"Position\":{\"x\":-188.053543,\"y\":380.127655,\"z\":28.2472935},\"Rotation\":{\"x\":0.111072987,\"y\":0.698328555,\"z\":0.6983287,\"w\":-0.111072943},\"LengthScale\":1.0}],\"Storages\":[]},{\"TypeID\":9,\"Position\":{\"x\":-189.899857,\"y\":379.8544,\"z\":26.2772541},\"Rotation\":{\"y\":0.3681668,\"w\":0.929759741},\"LinkedStructures\":[null,null,null,null,null,null],\"Elements\":[{\"ProfileID\":2,\"Position\":{\"x\":-189.591782,\"y\":379.893219,\"z\":26.60526},\"Rotation\":{\"x\":0.259640217,\"y\":0.6577134,\"z\":0.6577134,\"w\":-0.259640217},\"LengthScale\":1.00000024}],\"Storages\":[]}],null,null,null,null,null,null,[{\"TypeID\":16,\"Position\":{\"x\":-206.184677,\"y\":376.364746,\"z\":20.1743221},\"Rotation\":{\"y\":-0.6167971,\"w\":0.7871222},\"LinkedStructures\":[null,null,null,null,null,{\"TypeID\":8,\"InstanceID\":1}],\"Elements\":[{\"ProfileID\":23,\"Position\":{\"x\":-206.184677,\"y\":376.364746,\"z\":20.1743221},\"Rotation\":{\"y\":-0.6167971,\"w\":0.7871222},\"LengthScale\":1.0}],\"Storages\":[]}],null,null,null,[{\"TypeID\":20,\"Position\":{\"x\":-205.6149,\"y\":375.885681,\"z\":26.1017933},\"Rotation\":{\"y\":0.833680153,\"w\":0.552247643},\"LinkedStructures\":[{\"TypeID\":1,\"InstanceID\":6},{\"TypeID\":1,\"InstanceID\":7},null,{\"TypeID\":22},null,null,{\"TypeID\":20,\"InstanceID\":1},null,null,{\"TypeID\":20,\"InstanceID\":2},null,null,null,null,null,null],\"Elements\":[{\"ProfileID\":212,\"Position\":{\"x\":-204.5744,\"y\":375.885681,\"z\":25.6610413},\"Rotation\":{\"y\":0.8336804,\"w\":0.5522472},\"LengthScale\":1.0}],\"Storages\":[]},{\"TypeID\":20,\"Position\":{\"x\":-203.5339,\"y\":375.885681,\"z\":25.2202911},\"Rotation\":{\"y\":0.199002847,\"w\":0.979998946},\"LinkedStructures\":[{\"TypeID\":1,\"InstanceID\":7},{\"TypeID\":1,\"InstanceID\":8},null,null,null,null,null,null,{\"TypeID\":20,\"InstanceID\":7},{\"TypeID\":20},null,null,null,null,null,null],\"Elements\":[{\"ProfileID\":212,\"Position\":{\"x\":-203.093155,\"y\":375.885681,\"z\":26.26079},\"Rotation\":{\"y\":0.199002549,\"w\":0.979999},\"LengthScale\":1.0}],\"Storages\":[]},{\"TypeID\":20,\"Position\":{\"x\":-205.6149,\"y\":375.885681,\"z\":26.1017933},\"Rotation\":{\"y\":0.199002847,\"w\":0.979998946},\"LinkedStructures\":[{\"TypeID\":1,\"InstanceID\":6},{\"TypeID\":1,\"InstanceID\":9},null,null,null,null,null,{\"TypeID\":20,\"InstanceID\":3},{\"TypeID\":20,\"InstanceID\":6},null,{\"TypeID\":20},null,null,null,null,null],\"Elements\":[{\"ProfileID\":212,\"Position\":{\"x\":-205.174149,\"y\":375.885681,\"z\":27.142292},\"Rotation\":{\"y\":0.1990024,\"w\":0.979999065},\"LengthScale\":1.0}],\"Storages\":[]},{\"TypeID\":20,\"Position\":{\"x\":-204.7334,\"y\":375.885681,\"z\":28.1827927},\"Rotation\":{\"y\":0.8336802,\"w\":0.5522476},\"LinkedStructures\":[{\"TypeID\":1,\"InstanceID\":9},{\"TypeID\":1,\"InstanceID\":10},null,{\"TypeID\":22,\"InstanceID\":1},{\"TypeID\":22},null,null,null,null,{\"TypeID\":20,\"InstanceID\":6},{\"TypeID\":20,\"InstanceID\":2},null,null,null,null,null],\"Elements\":[{\"ProfileID\":212,\"Position\":{\"x\":-203.6929,\"y\":375.885681,\"z\":27.7420425},\"Rotation\":{\"y\":0.833680451,\"w\":0.5522472},\"LengthScale\":1.0}],\"Storages\":[]},{\"TypeID\":20,\"Position\":{\"x\":-199.689911,\"y\":375.885681,\"z\":28.5007839},\"Rotation\":{\"y\":0.9799989,\"w\":-0.199002981},\"LinkedStructures\":[{\"TypeID\":1,\"InstanceID\":23},{\"TypeID\":1,\"InstanceID\":24},null,null,null,null,null,null,null,null,{\"TypeID\":20,\"InstanceID\":8},null,null,null,null,null],\"Elements\":[{\"ProfileID\":212,\"Position\":{\"x\":-200.130661,\"y\":375.885681,\"z\":27.4602852},\"Rotation\":{\"y\":0.979998946,\"w\":-0.199002564},\"LengthScale\":1.0}],\"Storages\":[]},{\"TypeID\":20,\"Position\":{\"x\":-201.7709,\"y\":375.885681,\"z\":29.3822861},\"Rotation\":{\"y\":-0.5522476,\"w\":0.833680153},\"LinkedStructures\":[{\"TypeID\":1,\"InstanceID\":19},{\"TypeID\":1,\"InstanceID\":20},null,{\"TypeID\":22,\"InstanceID\":1},null,null,null,null,null,{\"TypeID\":20,\"InstanceID\":7},null,{\"TypeID\":20,\"InstanceID\":8},null,null,null,null],\"Elements\":[{\"ProfileID\":212,\"Position\":{\"x\":-202.8114,\"y\":375.885681,\"z\":29.8230362},\"Rotation\":{\"y\":-0.5522473,\"w\":0.833680332},\"LengthScale\":1.0}],\"Storages\":[]},{\"TypeID\":20,\"Position\":{\"x\":-204.7334,\"y\":375.885681,\"z\":28.1827927},\"Rotation\":{\"y\":0.199002862,\"w\":0.9799989},\"LinkedStructures\":[{\"TypeID\":1,\"InstanceID\":9},{\"TypeID\":1,\"InstanceID\":18},null,null,null,null,null,null,null,null,{\"TypeID\":20,\"InstanceID\":3},{\"TypeID\":20,\"InstanceID\":2},null,null,null,null],\"Elements\":[{\"ProfileID\":212,\"Position\":{\"x\":-204.292648,\"y\":375.885681,\"z\":29.2232914},\"Rotation\":{\"y\":0.199002549,\"w\":0.979998946},\"LengthScale\":1.0}],\"Storages\":[]},{\"TypeID\":20,\"Position\":{\"x\":-202.6524,\"y\":375.885681,\"z\":27.3012886},\"Rotation\":{\"y\":0.199002862,\"w\":0.9799989},\"LinkedStructures\":[{\"TypeID\":1,\"InstanceID\":8},{\"TypeID\":1,\"InstanceID\":19},null,null,null,null,{\"TypeID\":20,\"InstanceID\":5},{\"TypeID\":20,\"InstanceID\":8},null,null,null,{\"TypeID\":20,\"InstanceID\":1},null,null,null,null],\"Elements\":[{\"ProfileID\":212,\"Position\":{\"x\":-202.211655,\"y\":375.885681,\"z\":28.3417873},\"Rotation\":{\"y\":0.199002549,\"w\":0.979998946},\"LengthScale\":1.0}],\"Storages\":[]},{\"TypeID\":20,\"Position\":{\"x\":-201.7709,\"y\":375.885681,\"z\":29.3822861},\"Rotation\":{\"y\":0.8336802,\"w\":0.5522476},\"LinkedStructures\":[{\"TypeID\":1,\"InstanceID\":19},{\"TypeID\":1,\"InstanceID\":23},null,null,null,null,null,{\"TypeID\":20,\"InstanceID\":4},null,null,{\"TypeID\":20,\"InstanceID\":7},{\"TypeID\":20,\"InstanceID\":5},null,null,null,null],\"Elements\":[{\"ProfileID\":212,\"Position\":{\"x\":-200.730408,\"y\":375.885681,\"z\":28.9415359},\"Rotation\":{\"y\":0.833680451,\"w\":0.5522472},\"LengthScale\":1.0}],\"Storages\":[]}],null,[{\"TypeID\":22,\"Position\":{\"x\":-204.133652,\"y\":376.0482,\"z\":26.7015419},\"Rotation\":{\"y\":0.199002251,\"w\":0.979999},\"LinkedStructures\":[{\"TypeID\":20},{\"TypeID\":20,\"InstanceID\":3},null,null,null,null,null,null,null,null,null],\"Elements\":[{\"ProfileID\":274,\"Position\":{\"x\":-203.300568,\"y\":376.0482,\"z\":26.3486481},\"Rotation\":{\"y\":0.199002251,\"w\":0.979999},\"LengthScale\":1.00444543},{\"ProfileID\":273,\"Position\":{\"x\":-203.717117,\"y\":376.0482,\"z\":26.525095},\"Rotation\":{\"y\":0.199002251,\"w\":0.979999},\"LengthScale\":1.00444543},{\"ProfileID\":272,\"Position\":{\"x\":-204.133652,\"y\":376.0482,\"z\":26.7015419},\"Rotation\":{\"y\":0.199002251,\"w\":0.979999},\"LengthScale\":1.00444543},{\"ProfileID\":271,\"Position\":{\"x\":-204.550186,\"y\":376.0482,\"z\":26.8779888},\"Rotation\":{\"y\":0.199002251,\"w\":0.979999},\"LengthScale\":1.00444543},{\"ProfileID\":270,\"Position\":{\"x\":-204.966736,\"y\":376.0482,\"z\":27.0544357},\"Rotation\":{\"y\":0.199002251,\"w\":0.979999},\"LengthScale\":1.00444543}],\"Storages\":[]},{\"TypeID\":22,\"Position\":{\"x\":-203.252151,\"y\":376.0482,\"z\":28.78254},\"Rotation\":{\"y\":0.9799989,\"w\":-0.199002892},\"LinkedStructures\":[{\"TypeID\":20,\"InstanceID\":5},{\"TypeID\":20,\"InstanceID\":3},null,null,null,null,null,null,null,null,null],\"Elements\":[{\"ProfileID\":274,\"Position\":{\"x\":-204.085236,\"y\":376.0482,\"z\":29.1354332},\"Rotation\":{\"y\":0.9799989,\"w\":-0.199002892},\"LengthScale\":1.00444221},{\"ProfileID\":273,\"Position\":{\"x\":-203.668686,\"y\":376.0482,\"z\":28.9589863},\"Rotation\":{\"y\":0.9799989,\"w\":-0.199002892},\"LengthScale\":1.00444221},{\"ProfileID\":272,\"Position\":{\"x\":-203.252151,\"y\":376.0482,\"z\":28.78254},\"Rotation\":{\"y\":0.9799989,\"w\":-0.199002892},\"LengthScale\":1.00444221},{\"ProfileID\":271,\"Position\":{\"x\":-202.835617,\"y\":376.0482,\"z\":28.6060925},\"Rotation\":{\"y\":0.9799989,\"w\":-0.199002892},\"LengthScale\":1.00444221},{\"ProfileID\":270,\"Position\":{\"x\":-202.419067,\"y\":376.0482,\"z\":28.4296455},\"Rotation\":{\"y\":0.9799989,\"w\":-0.199002892},\"LengthScale\":1.00444221}],\"Storages\":[]}],null,null,null,null,null,null,null,null,null,[{\"TypeID\":32,\"Position\":{\"x\":-204.329422,\"y\":376.1459,\"z\":26.80183},\"Rotation\":{\"x\":-0.06398329,\"y\":0.9738676,\"z\":-0.0142864287,\"w\":0.217448846},\"LinkedStructures\":[null],\"Elements\":[{\"ProfileID\":31,\"Position\":{\"x\":-204.329422,\"y\":376.1459,\"z\":26.80183},\"Rotation\":{\"x\":-0.06398329,\"y\":0.9738676,\"z\":-0.0142864268,\"w\":0.217448846},\"LengthScale\":1.0},{\"ProfileID\":120,\"Position\":{\"x\":-203.928818,\"y\":376.219025,\"z\":26.6950951},\"Rotation\":{\"x\":-0.06398329,\"y\":0.9738676,\"z\":-0.0142864268,\"w\":0.217448846},\"LengthScale\":1.0},{\"ProfileID\":119,\"Position\":{\"x\":-203.989044,\"y\":376.2303,\"z\":27.0236855},\"Rotation\":{\"x\":-0.06398329,\"y\":0.9738676,\"z\":-0.0142864268,\"w\":0.217448846},\"LengthScale\":1.0},{\"ProfileID\":121,\"Position\":{\"x\":-204.12149,\"y\":376.1464,\"z\":26.4399014},\"Rotation\":{\"x\":-0.06398329,\"y\":0.9738676,\"z\":-0.0142864268,\"w\":0.217448846},\"LengthScale\":1.0},{\"ProfileID\":119,\"Position\":{\"x\":-204.4896,\"y\":376.102753,\"z\":26.4635754},\"Rotation\":{\"x\":-0.06398329,\"y\":0.9738676,\"z\":-0.0142864268,\"w\":0.217448846},\"LengthScale\":1.0},{\"ProfileID\":122,\"Position\":{\"x\":-204.710388,\"y\":376.11264,\"z\":26.714489},\"Rotation\":{\"x\":-0.06398329,\"y\":0.9738676,\"z\":-0.0142864268,\"w\":0.217448846},\"LengthScale\":1.0},{\"ProfileID\":124,\"Position\":{\"x\":-204.310852,\"y\":376.195221,\"z\":27.20944},\"Rotation\":{\"x\":-0.06398329,\"y\":0.9738676,\"z\":-0.0142864268,\"w\":0.217448846},\"LengthScale\":1.0},{\"ProfileID\":123,\"Position\":{\"x\":-204.655334,\"y\":376.153229,\"z\":27.06853},\"Rotation\":{\"x\":-0.06398329,\"y\":0.9738676,\"z\":-0.0142864268,\"w\":0.217448846},\"LengthScale\":1.0},{\"ProfileID\":316,\"Position\":{\"x\":-204.329422,\"y\":376.1459,\"z\":26.80183},\"Rotation\":{\"x\":-0.06398329,\"y\":0.9738676,\"z\":-0.0142864278,\"w\":0.217448846},\"LengthScale\":1.0},{\"ProfileID\":189,\"Position\":{\"x\":-204.329422,\"y\":376.1459,\"z\":26.80183},\"Rotation\":{\"x\":-0.06398329,\"y\":0.9738676,\"z\":-0.0142864278,\"w\":0.217448846},\"LengthScale\":1.0},{\"ProfileID\":150,\"Position\":{\"x\":-204.419525,\"y\":376.243469,\"z\":26.737051},\"Rotation\":{\"x\":-0.229565278,\"y\":0.781251669,\"z\":-0.450021267,\"w\":-0.366642237},\"LengthScale\":1.0},{\"ProfileID\":150,\"Position\":{\"x\":-204.324829,\"y\":376.276154,\"z\":26.92001},\"Rotation\":{\"x\":-0.218235284,\"y\":0.8649674,\"z\":0.444360316,\"w\":0.08215178},\"LengthScale\":1.0},{\"ProfileID\":150,\"Position\":{\"x\":-204.238983,\"y\":376.33783,\"z\":26.7040081},\"Rotation\":{\"x\":0.38726607,\"y\":0.461402178,\"z\":0.263715565,\"w\":-0.753383934},\"LengthScale\":1.0},{\"ProfileID\":150,\"Position\":{\"x\":-204.190887,\"y\":376.315338,\"z\":26.848156},\"Rotation\":{\"x\":0.237906516,\"y\":0.6881687,\"z\":0.470997274,\"w\":-0.4979819},\"LengthScale\":1.0}],\"Storages\":[{\"Version\":\"0.0.0\",\"ItemBlocks\":[]}]}],null,null,null,null,[{\"TypeID\":37,\"Position\":{\"x\":-181.678192,\"y\":373.290344,\"z\":63.00684},\"Rotation\":{\"y\":-0.714165747,\"w\":0.6999766},\"LinkedStructures\":[null,null,{\"TypeID\":37},null,null,null],\"Elements\":[{\"ProfileID\":13,\"Position\":{\"x\":-181.678192,\"y\":373.290344,\"z\":63.00684},\"Rotation\":{\"x\":-0.7071068,\"w\":0.7071068},\"LengthScale\":1.0},{\"ProfileID\":13,\"Position\":{\"x\":-182.1281,\"y\":373.261322,\"z\":62.99781},\"Rotation\":{\"x\":-0.7071068,\"w\":0.7071068},\"LengthScale\":1.0},{\"ProfileID\":13,\"Position\":{\"x\":-182.578,\"y\":373.222626,\"z\":62.98878},\"Rotation\":{\"x\":-0.7071068,\"w\":0.7071068},\"LengthScale\":1.0},{\"ProfileID\":13,\"Position\":{\"x\":-183.027908,\"y\":373.211853,\"z\":62.97975},\"Rotation\":{\"x\":-0.7071068,\"w\":0.7071068},\"LengthScale\":1.0},{\"ProfileID\":13,\"Position\":{\"x\":-183.477814,\"y\":373.204224,\"z\":62.9707222},\"Rotation\":{\"x\":-0.5049914,\"y\":0.4949582,\"z\":0.494958133,\"w\":0.504991531},\"LengthScale\":1.0},{\"ProfileID\":193,\"Position\":{\"x\":-182.578,\"y\":373.247284,\"z\":62.98878},\"Rotation\":{\"x\":-0.235322714,\"y\":-0.672598064,\"z\":-0.2400929,\"w\":0.6592348},\"LengthScale\":1.0}],\"Storages\":[]}],null,null,null,null,null,null,null,null,null,null,null]}"}}