{"Version":"0.0.0","Data":{"PlayerInventory":"{\"Version\":\"0.0.0\",\"QuickSelect\":{\"Version\":\"0.0.0\",\"Slots\":[{\"ItemId\":379,\"Age\":770.371948},{\"ItemId\":474,\"Age\":770.371948},{\"ItemId\":393,\"Age\":3727.86816},{},{\"ItemId\":437,\"Age\":770.371948},{\"ItemId\":425,\"Age\":988.9783},{\"ItemId\":381,\"Age\":770.371948},{\"ItemId\":476,\"Age\":770.371948},{\"ItemId\":589,\"Age\":770.371948}]},\"EquippedItems\":[],\"ItemInstanceManagerData\":{\"Version\":\"0.0.0\",\"ItemBlocks\":[{\"ItemId\":402,\"TotalCount\":1,\"UniqueItems\":[{\"Modules\":[{\"Version\":\"0.0.0\"}]}]},{\"ItemId\":380,\"TotalCount\":1,\"UniqueItems\":[{\"Modules\":[{\"Version\":\"0.0.0\"}]}]},{\"ItemId\":351,\"TotalCount\":1,\"UniqueItems\":[]},{\"ItemId\":552,\"TotalCount\":1,\"UniqueItems\":[]},{\"ItemId\":690,\"TotalCount\":1,\"UniqueItems\":[]},{\"ItemId\":486,\"TotalCount\":1,\"UniqueItems\":[]},{\"ItemId\":589,\"TotalCount\":1,\"UniqueItems\":[]},{\"ItemId\":412,\"TotalCount\":1,\"UniqueItems\":[]},{\"ItemId\":413,\"TotalCount\":1,\"UniqueItems\":[]},{\"ItemId\":419,\"TotalCount\":4,\"UniqueItems\":[]},{\"ItemId\":437,\"TotalCount\":4,\"UniqueItems\":[]},{\"ItemId\":504,\"TotalCount\":1,\"UniqueItems\":[]},{\"ItemId\":364,\"TotalCount\":24,\"UniqueItems\":[]},{\"ItemId\":387,\"TotalCount\":3,\"UniqueItems\":[]},{\"ItemId\":523,\"TotalCount\":2,\"UniqueItems\":[]},{\"ItemId\":362,\"TotalCount\":8,\"UniqueItems\":[]},{\"ItemId\":381,\"TotalCount\":4,\"UniqueItems\":[]},{\"ItemId\":476,\"TotalCount\":19,\"UniqueItems\":[]},{\"ItemId\":446,\"TotalCount\":20,\"UniqueItems\":[]},{\"ItemId\":452,\"TotalCount\":20,\"UniqueItems\":[]},{\"ItemId\":474,\"TotalCount\":2,\"UniqueItems\":[{\"Modules\":[{\"Version\":\"0.0.0\"},{\"AmmoType\":474,\"CurrentAmmo\":1,\"WeaponModIds\":[],\"Version\":\"0.0.0\",\"ModuleId\":4}]},{\"Modules\":[{\"Version\":\"0.0.0\"},{\"AmmoType\":474,\"CurrentAmmo\":1,\"WeaponModIds\":[],\"Version\":\"0.0.0\",\"ModuleId\":4}]}]},{\"ItemId\":465,\"TotalCount\":3,\"UniqueItems\":[]},{\"ItemId\":410,\"TotalCount\":3,\"UniqueItems\":[]},{\"ItemId\":439,\"TotalCount\":3,\"UniqueItems\":[]},{\"ItemId\":445,\"TotalCount\":4,\"UniqueItems\":[]},{\"ItemId\":449,\"TotalCount\":13,\"UniqueItems\":[]},{\"ItemId\":453,\"TotalCount\":1,\"UniqueItems\":[]},{\"ItemId\":448,\"TotalCount\":3,\"UniqueItems\":[]},{\"ItemId\":634,\"TotalCount\":3,\"UniqueItems\":[]},{\"ItemId\":500,\"TotalCount\":1,\"UniqueItems\":[]},{\"ItemId\":425,\"TotalCount\":2,\"UniqueItems\":[]},{\"ItemId\":527,\"TotalCount\":4,\"UniqueItems\":[]},{\"ItemId\":484,\"TotalCount\":530,\"UniqueItems\":[]},{\"ItemId\":601,\"TotalCount\":1,\"UniqueItems\":[]},{\"ItemId\":403,\"TotalCount\":4,\"UniqueItems\":[]},{\"ItemId\":434,\"TotalCount\":1,\"UniqueItems\":[]},{\"ItemId\":605,\"TotalCount\":2,\"UniqueItems\":[]},{\"ItemId\":420,\"TotalCount\":1,\"UniqueItems\":[]},{\"ItemId\":416,\"TotalCount\":1,\"UniqueItems\":[]},{\"ItemId\":415,\"TotalCount\":1,\"UniqueItems\":[]},{\"ItemId\":590,\"TotalCount\":1,\"UniqueItems\":[]},{\"ItemId\":600,\"TotalCount\":3,\"UniqueItems\":[]},{\"ItemId\":432,\"TotalCount\":1,\"UniqueItems\":[]},{\"ItemId\":534,\"TotalCount\":1,\"UniqueItems\":[]},{\"ItemId\":524,\"TotalCount\":4,\"UniqueItems\":[]},{\"ItemId\":414,\"TotalCount\":2,\"UniqueItems\":[]},{\"ItemId\":418,\"TotalCount\":2,\"UniqueItems\":[]},{\"ItemId\":454,\"TotalCount\":4,\"UniqueItems\":[]},{\"ItemId\":597,\"TotalCount\":1,\"UniqueItems\":[]},{\"ItemId\":397,\"TotalCount\":1,\"UniqueItems\":[]},{\"ItemId\":603,\"TotalCount\":3,\"UniqueItems\":[]},{\"ItemId\":606,\"TotalCount\":4,\"UniqueItems\":[]},{\"ItemId\":379,\"TotalCount\":1,\"UniqueItems\":[{\"Modules\":[{\"Version\":\"0.0.0\"},{\"Version\":\"0.0.0\",\"ModuleId\":8}]}]},{\"ItemId\":390,\"TotalCount\":100,\"UniqueItems\":[]},{\"ItemId\":373,\"TotalCount\":1,\"UniqueItems\":[{\"Modules\":[{\"Version\":\"0.0.0\",\"ModuleId\":9}]}]},{\"ItemId\":393,\"TotalCount\":1,\"UniqueItems\":[]},{\"ItemId\":479,\"TotalCount\":3,\"UniqueItems\":[]},{\"ItemId\":443,\"TotalCount\":1,\"UniqueItems\":[]},{\"ItemId\":507,\"TotalCount\":4,\"UniqueItems\":[{\"Modules\":[{\"Version\":\"0.0.0\",\"ModuleId\":9}]},{\"Modules\":[{\"Version\":\"0.0.0\",\"ModuleId\":9}]},{\"Modules\":[{\"Version\":\"0.0.0\",\"ModuleId\":9}]},{\"Modules\":[{\"Version\":\"0.0.0\",\"ModuleId\":9}]}]}]}}"}}