{"Version":"0.0.0","Data":{"ScrewStructureInstances":"{\"_structures\":[{\"Pos\":{\"x\":-205.2291,\"y\":376.252258,\"z\":52.4127045},\"Rot\":{\"y\":0.6869613,\"w\":0.7266941},\"Storages\":[{\"Version\":\"0.0.0\",\"ItemBlocks\":[{\"ItemId\":479,\"TotalCount\":4,\"UniqueItems\":[]}]}],\"Modules\":[]},{\"Id\":22,\"Pos\":{\"x\":-203.990433,\"y\":376.414978,\"z\":18.4687366},\"Rot\":{\"y\":0.990974665,\"w\":-0.134049475},\"Storages\":[],\"Modules\":[]},{\"Id\":35,\"Pos\":{\"x\":-213.228882,\"y\":373.75943,\"z\":26.39619},\"Rot\":{\"x\":-0.0565465875,\"y\":-0.257598042,\"z\":-0.0151027711,\"w\":-0.964477956},\"Storages\":[{\"Version\":\"0.0.0\",\"ItemBlocks\":[]}],\"Modules\":[]},{\"Id\":35,\"Pos\":{\"x\":-214.626419,\"y\":373.8525,\"z\":25.4535255},\"Rot\":{\"x\":-0.0490799472,\"y\":0.7189688,\"z\":0.03399775,\"w\":-0.6924733},\"Storages\":[{\"Version\":\"0.0.0\",\"ItemBlocks\":[]}],\"Modules\":[]},{\"Id\":27,\"Pos\":{\"x\":-209.681274,\"y\":376.414978,\"z\":19.4738464},\"Rot\":{\"y\":0.994000733,\"w\":-0.109373234},\"Storages\":[{\"Version\":\"0.0.0\",\"ItemBlocks\":[{\"ItemId\":436,\"TotalCount\":1,\"UniqueItems\":[{\"Modules\":[{\"CurrentState\":1,\"TimeRemainingInState\":86400.0,\"PauseDecay\":true,\"Version\":\"0.0.0\",\"ModuleId\":3}]}]}]}],\"Modules\":[]},{\"Id\":29,\"Pos\":{\"x\":-211.151489,\"y\":376.259,\"z\":20.6716652},\"Rot\":{\"x\":-0.03556617,\"y\":-0.6185914,\"z\":-0.0164587311,\"w\":-0.784734964},\"Storages\":[{\"Version\":\"0.0.0\",\"ItemBlocks\":[]}],\"Modules\":[]},{\"Id\":52,\"Pos\":{\"x\":-202.8665,\"y\":376.160919,\"z\":28.8373432},\"Rot\":{\"y\":0.60292697,\"w\":-0.7977964},\"Storages\":[],\"Modules\":[]},{\"Id\":67,\"Pos\":{\"x\":-201.424713,\"y\":375.19696,\"z\":17.7914734},\"Rot\":{\"x\":-0.0363802761,\"y\":0.118949063,\"z\":0.007479298,\"w\":0.9922055},\"Storages\":[{\"Version\":\"0.0.0\",\"ItemBlocks\":[{\"ItemId\":78,\"TotalCount\":1,\"UniqueItems\":[]}]}],\"Modules\":[]},{\"Id\":51,\"Pos\":{\"x\":-205.154984,\"y\":378.308044,\"z\":18.0278568},\"Rot\":{\"y\":0.120442957,\"w\":0.992720246},\"Storages\":[{\"Version\":\"0.0.0\",\"ItemBlocks\":[]},{\"Version\":\"0.0.0\",\"ItemBlocks\":[]},{\"Version\":\"0.0.0\",\"ItemBlocks\":[]},{\"Version\":\"0.0.0\",\"ItemBlocks\":[]}],\"Modules\":[]}]}"}}