{"Version":"0.0.0","Data":{"CookingSaveManager":"{\"_cookingPotData\":[{\"RecipeId\":-1},{\"RecipeId\":-1},{\"RecipeId\":-1},{\"RecipeId\":-1},{\"RecipeId\":-1},{\"RecipeId\":-1},{\"HasPot\":true,\"IsDoneCooking\":true,\"CurrentLiquidVolume\":1500.0,\"RecipeId\":-1959027832,\"CookTimeRemaining\":-0.353198946},{\"HasPot\":true,\"IsDoneCooking\":true,\"CurrentLiquidVolume\":2000.0,\"RecipeId\":-521362042,\"CookTimeRemaining\":-0.192926526},{\"HasPot\":true,\"IsDoneCooking\":true,\"CurrentLiquidVolume\":1000.0,\"RecipeId\":-521362042,\"CookTimeRemaining\":-0.237382948}]}"}}