{"Version":"0.0.0","Data":{"GameState":"{\"Version\":\"0.0.0\",\"GameName\":\"Custom 9 Days 12:45:49\",\"SaveTime\":\"2024-02-13T08:51:02.7039353-08:00\",\"GameType\":\"Custom\",\"GameId\":\"4613be30-5483-4984-807a-338f9264a731\",\"GameDays\":9,\"GameHours\":12,\"GameMinutes\":46,\"GameSeconds\":8,\"GameMilliseconds\":756,\"CrashSite\":\"snow\",\"NamedIntDatas\":[{\"SaveObjectNameId\":\"None\"},{\"SaveObjectNameId\":\"LuxuryBunker.HellDoorCaveEntrance\"},{\"SaveObjectNameId\":\"HangingTacticalGpsPickedUp\",\"SaveValue\":1},{\"SaveObjectNameId\":\"BuriedTacticalGpsPickedUp\"},{\"SaveObjectNameId\":\"RaftTacticalGpsPickeUp\",\"SaveValue\":1},{\"SaveObjectNameId\":\"BunkerA.EntranceHatch\"},{\"SaveObjectNameId\":\"BunkerB.EntranceHatch\"},{\"SaveObjectNameId\":\"BunkerC.EntranceHatch\"},{\"SaveObjectNameId\":\"HangingTactical\",\"SaveValue\":1},{\"SaveObjectNameId\":\"HangingTacticalCutDown\",\"SaveValue\":1}]}"}}