{"Version":"0.0.0","Data":{"Constructions":"{\"Version\":\"0.0.16\",\"Structures\":[[],[{\"TypeID\":1,\"Position\":{\"x\":-202.892975,\"y\":376.13974,\"z\":19.3637085},\"Rotation\":{\"y\":0.120438091,\"w\":0.992720842},\"LinkedStructures\":[{\"TypeID\":3,\"InstanceID\":2},{\"TypeID\":3,\"InstanceID\":22},{\"TypeID\":3},null,null,null,null],\"Elements\":[{\"ProfileID\":66,\"Position\":{\"x\":-202.892975,\"y\":376.13974,\"z\":19.3637085},\"Rotation\":{\"x\":0.0851625949,\"y\":0.70195967,\"z\":0.70195967,\"w\":-0.0851625949},\"LengthScale\":1.0}],\"Storages\":[]},{\"TypeID\":1,\"Position\":{\"x\":-205.087448,\"y\":376.13974,\"z\":19.9041119},\"Rotation\":{\"y\":-0.61679703,\"w\":0.78712225},\"LinkedStructures\":[{\"TypeID\":3},{\"TypeID\":3,\"InstanceID\":1},null,{\"TypeID\":3,\"InstanceID\":24},null,null,null],\"Elements\":[{\"ProfileID\":66,\"Position\":{\"x\":-205.087448,\"y\":376.13974,\"z\":19.9041119},\"Rotation\":{\"x\":-0.4361414,\"y\":0.556579351,\"z\":0.55657953,\"w\":0.436141372},\"LengthScale\":1.0}],\"Storages\":[]},{\"TypeID\":1,\"Position\":{\"x\":-207.2819,\"y\":376.13974,\"z\":20.44453},\"Rotation\":{\"y\":0.120437972,\"w\":0.992720842},\"LinkedStructures\":[{\"TypeID\":3,\"InstanceID\":3},{\"TypeID\":3,\"InstanceID\":25},null,{\"TypeID\":3,\"InstanceID\":1},null,null,null],\"Elements\":[{\"ProfileID\":66,\"Position\":{\"x\":-207.2819,\"y\":376.13974,\"z\":20.44453},\"Rotation\":{\"x\":0.08516254,\"y\":0.70195967,\"z\":0.70195967,\"w\":-0.08516254},\"LengthScale\":1.0}],\"Storages\":[]},{\"TypeID\":1,\"Position\":{\"x\":-203.433456,\"y\":376.13974,\"z\":17.1692448},\"Rotation\":{\"y\":0.7871222,\"w\":0.6167971},\"LinkedStructures\":[{\"TypeID\":3,\"InstanceID\":4},null,{\"TypeID\":3,\"InstanceID\":2},null,null,null,null],\"Elements\":[{\"ProfileID\":66,\"Position\":{\"x\":-203.433456,\"y\":376.13974,\"z\":17.1692448},\"Rotation\":{\"x\":-0.5565795,\"y\":-0.436141431,\"z\":-0.436141461,\"w\":0.556579351},\"LengthScale\":1.0}],\"Storages\":[]},{\"TypeID\":1,\"Position\":{\"x\":-207.822266,\"y\":376.13974,\"z\":18.2500954},\"Rotation\":{\"y\":0.120437972,\"w\":0.992720842},\"LinkedStructures\":[null,{\"TypeID\":3,\"InstanceID\":3},null,{\"TypeID\":3,\"InstanceID\":5},null,null,null],\"Elements\":[{\"ProfileID\":66,\"Position\":{\"x\":-207.822266,\"y\":376.13974,\"z\":18.2500954},\"Rotation\":{\"x\":0.08516254,\"y\":0.70195967,\"z\":0.70195967,\"w\":-0.08516254},\"LengthScale\":1.0}],\"Storages\":[]},{\"TypeID\":1,\"Position\":{\"x\":-205.6278,\"y\":376.13974,\"z\":17.709692},\"Rotation\":{\"y\":0.7871222,\"w\":0.6167971},\"LinkedStructures\":[{\"TypeID\":3,\"InstanceID\":5},{\"TypeID\":3,\"InstanceID\":4},null,null,null,null,null],\"Elements\":[{\"ProfileID\":66,\"Position\":{\"x\":-205.6278,\"y\":376.13974,\"z\":17.709692},\"Rotation\":{\"x\":-0.5565795,\"y\":-0.436141431,\"z\":-0.436141461,\"w\":0.556579351},\"LengthScale\":1.0}],\"Storages\":[]},{\"TypeID\":1,\"Position\":{\"x\":-205.6149,\"y\":375.885681,\"z\":26.1017933},\"Rotation\":{\"y\":0.833680153,\"w\":0.552247643},\"LinkedStructures\":[null,{\"TypeID\":20},{\"TypeID\":20,\"InstanceID\":2},{\"TypeID\":20,\"InstanceID\":4},null,null,null],\"Elements\":[{\"ProfileID\":226,\"Position\":{\"x\":-205.6149,\"y\":375.885681,\"z\":26.1017933},\"Rotation\":{\"x\":-0.5895009,\"y\":-0.390498042,\"z\":-0.390498042,\"w\":0.5895009},\"LengthScale\":1.0}],\"Storages\":[]},{\"TypeID\":1,\"Position\":{\"x\":-203.5339,\"y\":375.885681,\"z\":25.2202911},\"Rotation\":{\"y\":0.833680153,\"w\":0.552247643},\"LinkedStructures\":[{\"TypeID\":20},{\"TypeID\":3,\"InstanceID\":23},{\"TypeID\":20,\"InstanceID\":1},{\"TypeID\":20,\"InstanceID\":5},null,null,null],\"Elements\":[{\"ProfileID\":226,\"Position\":{\"x\":-203.5339,\"y\":375.885681,\"z\":25.2202911},\"Rotation\":{\"x\":-0.5895009,\"y\":-0.390498042,\"z\":-0.390498042,\"w\":0.5895009},\"LengthScale\":1.0}],\"Storages\":[]},{\"TypeID\":1,\"Position\":{\"x\":-202.6524,\"y\":375.885681,\"z\":27.3012886},\"Rotation\":{\"y\":0.199002862,\"w\":0.9799989},\"LinkedStructures\":[{\"TypeID\":20,\"InstanceID\":1},null,null,{\"TypeID\":3,\"InstanceID\":21},null,null,null],\"Elements\":[{\"ProfileID\":226,\"Position\":{\"x\":-202.6524,\"y\":375.885681,\"z\":27.3012886},\"Rotation\":{\"x\":0.14071627,\"y\":0.692963839,\"z\":0.6929639,\"w\":-0.14071627},\"LengthScale\":1.0}],\"Storages\":[]},{\"TypeID\":1,\"Position\":{\"x\":-204.7334,\"y\":375.885681,\"z\":28.1827927},\"Rotation\":{\"y\":0.199002862,\"w\":0.9799989},\"LinkedStructures\":[{\"TypeID\":20,\"InstanceID\":2},null,null,{\"TypeID\":20,\"InstanceID\":3},null,null,null],\"Elements\":[{\"ProfileID\":226,\"Position\":{\"x\":-204.7334,\"y\":375.885681,\"z\":28.1827927},\"Rotation\":{\"x\":0.14071627,\"y\":0.692963839,\"z\":0.6929639,\"w\":-0.14071627},\"LengthScale\":1.0}],\"Storages\":[]},{\"TypeID\":1,\"Position\":{\"x\":-202.6524,\"y\":375.885681,\"z\":27.30129},\"Rotation\":{\"y\":0.8336802,\"w\":0.5522475},\"LinkedStructures\":[{\"TypeID\":20,\"InstanceID\":3},null,null,null,null,null,null],\"Elements\":[{\"ProfileID\":226,\"Position\":{\"x\":-202.6524,\"y\":375.885681,\"z\":27.30129},\"Rotation\":{\"x\":-0.5895009,\"y\":-0.390497953,\"z\":-0.390497953,\"w\":0.589500964},\"LengthScale\":1.0}],\"Storages\":[]},{\"TypeID\":1,\"Position\":{\"x\":-206.4964,\"y\":375.885681,\"z\":24.0207939},\"Rotation\":{\"y\":0.979998946,\"w\":-0.199002817},\"LinkedStructures\":[{\"TypeID\":20,\"InstanceID\":4},null,null,null,null,null,null],\"Elements\":[{\"ProfileID\":226,\"Position\":{\"x\":-206.4964,\"y\":375.885681,\"z\":24.0207939},\"Rotation\":{\"x\":-0.692963958,\"y\":0.14071624,\"z\":0.14071624,\"w\":0.692963958},\"LengthScale\":1.0}],\"Storages\":[]},{\"TypeID\":1,\"Position\":{\"x\":-202.352554,\"y\":375.526337,\"z\":21.5581436},\"Rotation\":{\"y\":0.120438106,\"w\":0.992720842},\"LinkedStructures\":[{\"TypeID\":3,\"InstanceID\":22},null,null,null,null,null,null],\"Elements\":[],\"Storages\":[]},{\"TypeID\":1,\"Position\":{\"x\":-201.452911,\"y\":375.683716,\"z\":24.338789},\"Rotation\":{\"y\":0.833680153,\"w\":0.552247643},\"LinkedStructures\":[{\"TypeID\":3,\"InstanceID\":23},null,null,null,null,null,null],\"Elements\":[],\"Storages\":[]},{\"TypeID\":1,\"Position\":{\"x\":-200.571411,\"y\":375.757416,\"z\":26.4197865},\"Rotation\":{\"y\":0.8336802,\"w\":0.5522475},\"LinkedStructures\":[{\"TypeID\":3,\"InstanceID\":21},null,null,null,null,null,null],\"Elements\":[],\"Storages\":[]},{\"TypeID\":1,\"Position\":{\"x\":-204.547028,\"y\":375.683319,\"z\":22.098547},\"Rotation\":{\"y\":0.120438129,\"w\":0.9927209},\"LinkedStructures\":[{\"TypeID\":3,\"InstanceID\":24},null,null,null,null,null,null],\"Elements\":[],\"Storages\":[]},{\"TypeID\":1,\"Position\":{\"x\":-206.741486,\"y\":375.9692,\"z\":22.6389656},\"Rotation\":{\"y\":0.120437965,\"w\":0.9927209},\"LinkedStructures\":[{\"TypeID\":3,\"InstanceID\":25},null,null,null,null,null,null],\"Elements\":[],\"Storages\":[]},{\"TypeID\":1,\"Position\":{\"x\":-204.4154,\"y\":375.885681,\"z\":23.1392937},\"Rotation\":{\"y\":0.979998946,\"w\":-0.199002817},\"LinkedStructures\":[{\"TypeID\":20,\"InstanceID\":5},null,null,null,null,null,null],\"Elements\":[{\"ProfileID\":226,\"Position\":{\"x\":-204.4154,\"y\":375.885681,\"z\":23.1392937},\"Rotation\":{\"x\":-0.692963958,\"y\":0.14071624,\"z\":0.14071624,\"w\":0.692963958},\"LengthScale\":1.0}],\"Storages\":[]}],[{\"TypeID\":2,\"Position\":{\"x\":-205.908035,\"y\":374.215637,\"z\":52.37451},\"Rotation\":{\"x\":-2.780298E-08,\"y\":-0.456747442,\"z\":-1.42749439E-08,\"w\":0.8895964},\"LinkedStructures\":[null,null,null,null,null,null,null],\"Elements\":[{\"ProfileID\":2,\"Position\":{\"x\":-205.908035,\"y\":375.565643,\"z\":52.37451},\"Rotation\":{\"x\":-0.322969228,\"y\":0.6290397,\"z\":0.6290397,\"w\":0.322969228},\"LengthScale\":1.0}],\"Storages\":[]}],[{\"TypeID\":3,\"Position\":{\"x\":-202.892975,\"y\":376.13974,\"z\":19.3637085},\"Rotation\":{\"y\":-0.6167971,\"w\":0.7871222},\"LinkedStructures\":[{\"TypeID\":1},{\"TypeID\":1,\"InstanceID\":1},null,{\"TypeID\":4},null,{\"TypeID\":8},null,{\"TypeID\":3,\"InstanceID\":24},{\"TypeID\":3,\"InstanceID\":1},{\"TypeID\":3,\"InstanceID\":2},{\"TypeID\":3,\"InstanceID\":22},null,null,null,null,null],\"Elements\":[{\"ProfileID\":1,\"Position\":{\"x\":-203.9902,\"y\":376.13974,\"z\":19.6339035},\"Rotation\":{\"y\":-0.616797149,\"w\":0.78712213},\"LengthScale\":1.0}],\"Storages\":[]},{\"TypeID\":3,\"Position\":{\"x\":-205.087448,\"y\":376.13974,\"z\":19.9041119},\"Rotation\":{\"y\":-0.61679703,\"w\":0.78712225},\"LinkedStructures\":[{\"TypeID\":1,\"InstanceID\":1},{\"TypeID\":1,\"InstanceID\":2},null,{\"TypeID\":4,\"InstanceID\":1},null,{\"TypeID\":8,\"InstanceID\":1},{\"TypeID\":3,\"InstanceID\":3},{\"TypeID\":3,\"InstanceID\":25},null,null,{\"TypeID\":3,\"InstanceID\":24},{\"TypeID\":3},null,null,null,null],\"Elements\":[{\"ProfileID\":1,\"Position\":{\"x\":-206.184677,\"y\":376.13974,\"z\":20.17432},\"Rotation\":{\"y\":-0.616797149,\"w\":0.78712213},\"LengthScale\":1.0}],\"Storages\":[]},{\"TypeID\":3,\"Position\":{\"x\":-203.433456,\"y\":376.13974,\"z\":17.1692448},\"Rotation\":{\"y\":0.120438091,\"w\":0.992720842},\"LinkedStructures\":[{\"TypeID\":1,\"InstanceID\":3},{\"TypeID\":1},null,null,null,{\"TypeID\":8,\"InstanceID\":2},{\"TypeID\":3},null,{\"TypeID\":3,\"InstanceID\":22},{\"TypeID\":3,\"InstanceID\":4},null,null,null,null,null,null],\"Elements\":[{\"ProfileID\":1,\"Position\":{\"x\":-203.163208,\"y\":376.13974,\"z\":18.26647},\"Rotation\":{\"y\":0.120438,\"w\":0.992720842},\"LengthScale\":1.0}],\"Storages\":[]},{\"TypeID\":3,\"Position\":{\"x\":-207.822266,\"y\":376.13974,\"z\":18.2500954},\"Rotation\":{\"y\":0.120437972,\"w\":0.992720842},\"LinkedStructures\":[{\"TypeID\":1,\"InstanceID\":4},{\"TypeID\":1,\"InstanceID\":2},null,null,null,{\"TypeID\":8,\"InstanceID\":3},null,{\"TypeID\":3,\"InstanceID\":1},{\"TypeID\":3,\"InstanceID\":25},null,{\"TypeID\":3,\"InstanceID\":5},null,null,null,null,null],\"Elements\":[{\"ProfileID\":1,\"Position\":{\"x\":-207.552017,\"y\":376.13974,\"z\":19.34732},\"Rotation\":{\"y\":0.120437972,\"w\":0.992720842},\"LengthScale\":1.0}],\"Storages\":[]},{\"TypeID\":3,\"Position\":{\"x\":-205.6278,\"y\":376.13974,\"z\":17.709692},\"Rotation\":{\"y\":0.7871222,\"w\":0.6167971},\"LinkedStructures\":[{\"TypeID\":1,\"InstanceID\":5},{\"TypeID\":1,\"InstanceID\":3},null,{\"TypeID\":4},null,{\"TypeID\":8,\"InstanceID\":4},{\"TypeID\":3,\"InstanceID\":2},null,null,null,null,{\"TypeID\":3,\"InstanceID\":5},null,null,null,null],\"Elements\":[{\"ProfileID\":1,\"Position\":{\"x\":-204.530579,\"y\":376.13974,\"z\":17.4394836},\"Rotation\":{\"y\":0.78712213,\"w\":0.616797149},\"LengthScale\":1.0}],\"Storages\":[]},{\"TypeID\":3,\"Position\":{\"x\":-207.822266,\"y\":376.13974,\"z\":18.2500954},\"Rotation\":{\"y\":0.78712213,\"w\":0.616797149},\"LinkedStructures\":[{\"TypeID\":1,\"InstanceID\":4},{\"TypeID\":1,\"InstanceID\":5},null,{\"TypeID\":4,\"InstanceID\":1},null,{\"TypeID\":8,\"InstanceID\":5},null,null,{\"TypeID\":3,\"InstanceID\":4},{\"TypeID\":3,\"InstanceID\":3},null,null,null,null,null,null],\"Elements\":[{\"ProfileID\":1,\"Position\":{\"x\":-206.725037,\"y\":376.13974,\"z\":17.9799},\"Rotation\":{\"y\":0.78712213,\"w\":0.616797149},\"LengthScale\":1.0}],\"Storages\":[]},{\"TypeID\":3,\"Position\":{\"x\":-207.2819,\"y\":378.839722,\"z\":20.44453},\"Rotation\":{\"y\":0.992720842,\"w\":-0.120437972},\"LinkedStructures\":[{\"TypeID\":8,\"InstanceID\":3},{\"TypeID\":8,\"InstanceID\":3},null,null,null,{\"TypeID\":7,\"InstanceID\":2},{\"TypeID\":3,\"InstanceID\":9},null,null,{\"TypeID\":3,\"InstanceID\":11},null,null,null,null,{\"TypeID\":8,\"InstanceID\":3},null],\"Elements\":[{\"ProfileID\":1,\"Position\":{\"x\":-207.552155,\"y\":378.839722,\"z\":19.3473053},\"Rotation\":{\"y\":0.992720842,\"w\":-0.120437972},\"LengthScale\":1.0}],\"Storages\":[]},{\"TypeID\":3,\"Position\":{\"x\":-202.892975,\"y\":378.839722,\"z\":19.3637085},\"Rotation\":{\"y\":-0.61679703,\"w\":0.78712225},\"LinkedStructures\":[{\"TypeID\":8},{\"TypeID\":8},null,null,null,null,{\"TypeID\":3,\"InstanceID\":10},null,{\"TypeID\":3,\"InstanceID\":11},{\"TypeID\":3,\"InstanceID\":12},null,null,null,null,{\"TypeID\":8},null],\"Elements\":[{\"ProfileID\":1,\"Position\":{\"x\":-203.9902,\"y\":378.839722,\"z\":19.6339169},\"Rotation\":{\"y\":-0.61679703,\"w\":0.78712225},\"LengthScale\":1.0}],\"Storages\":[]},{\"TypeID\":3,\"Position\":{\"x\":-205.6278,\"y\":378.839722,\"z\":17.709692},\"Rotation\":{\"y\":0.7871221,\"w\":0.6167973},\"LinkedStructures\":[{\"TypeID\":8,\"InstanceID\":4},{\"TypeID\":8,\"InstanceID\":4},null,null,null,null,{\"TypeID\":3,\"InstanceID\":12},null,null,{\"TypeID\":3,\"InstanceID\":10},null,{\"TypeID\":3,\"InstanceID\":9},null,null,{\"TypeID\":8,\"InstanceID\":4},null],\"Elements\":[{\"ProfileID\":1,\"Position\":{\"x\":-204.530579,\"y\":378.839722,\"z\":17.4394836},\"Rotation\":{\"y\":0.7871221,\"w\":0.6167973},\"LengthScale\":1.0}],\"Storages\":[]},{\"TypeID\":3,\"Position\":{\"x\":-207.822281,\"y\":378.839722,\"z\":18.25011},\"Rotation\":{\"y\":0.7871222,\"w\":0.6167971},\"LinkedStructures\":[{\"TypeID\":8,\"InstanceID\":5},{\"TypeID\":8,\"InstanceID\":5},null,null,null,null,{\"TypeID\":3,\"InstanceID\":10},null,{\"TypeID\":3,\"InstanceID\":8},{\"TypeID\":3,\"InstanceID\":6},null,null,null,null,{\"TypeID\":8,\"InstanceID\":5},null],\"Elements\":[{\"ProfileID\":1,\"Position\":{\"x\":-206.725052,\"y\":378.839722,\"z\":17.9799023},\"Rotation\":{\"y\":0.7871222,\"w\":0.6167971},\"LengthScale\":1.0}],\"Storages\":[]},{\"TypeID\":3,\"Position\":{\"x\":-205.087448,\"y\":378.839722,\"z\":19.9041119},\"Rotation\":{\"y\":0.992720842,\"w\":-0.120438151},\"LinkedStructures\":[{\"TypeID\":3,\"InstanceID\":11},{\"TypeID\":3,\"InstanceID\":8},null,null,null,{\"TypeID\":7},{\"TypeID\":3,\"InstanceID\":8},{\"TypeID\":3,\"InstanceID\":9},null,{\"TypeID\":3,\"InstanceID\":7},{\"TypeID\":3,\"InstanceID\":11},null,null,null,null,null],\"Elements\":[{\"ProfileID\":1,\"Position\":{\"x\":-205.3577,\"y\":378.839722,\"z\":18.8068867},\"Rotation\":{\"y\":0.992720842,\"w\":-0.120437913},\"LengthScale\":1.0}],\"Storages\":[]},{\"TypeID\":3,\"Position\":{\"x\":-205.087448,\"y\":378.839722,\"z\":19.9041119},\"Rotation\":{\"y\":-0.61679703,\"w\":0.78712225},\"LinkedStructures\":[{\"TypeID\":8,\"InstanceID\":1},{\"TypeID\":8,\"InstanceID\":1},null,null,null,null,{\"TypeID\":3,\"InstanceID\":6},null,null,{\"TypeID\":3,\"InstanceID\":10},null,{\"TypeID\":3,\"InstanceID\":7},null,null,{\"TypeID\":8,\"InstanceID\":1},null],\"Elements\":[{\"ProfileID\":1,\"Position\":{\"x\":-206.184677,\"y\":378.839722,\"z\":20.17432},\"Rotation\":{\"y\":-0.61679703,\"w\":0.78712225},\"LengthScale\":1.0}],\"Storages\":[]},{\"TypeID\":3,\"Position\":{\"x\":-203.433456,\"y\":378.839722,\"z\":17.1692448},\"Rotation\":{\"y\":0.120437972,\"w\":0.992720842},\"LinkedStructures\":[{\"TypeID\":8,\"InstanceID\":2},{\"TypeID\":8,\"InstanceID\":2},null,null,null,{\"TypeID\":7,\"InstanceID\":1},{\"TypeID\":3,\"InstanceID\":7},null,null,{\"TypeID\":3,\"InstanceID\":8},null,null,null,null,{\"TypeID\":8,\"InstanceID\":2},null],\"Elements\":[{\"ProfileID\":1,\"Position\":{\"x\":-203.163208,\"y\":378.839722,\"z\":18.26647},\"Rotation\":{\"y\":0.120437972,\"w\":0.992720842},\"LengthScale\":1.0}],\"Storages\":[]},{\"TypeID\":3,\"Position\":{\"x\":-207.552032,\"y\":380.63974,\"z\":19.3473339},\"Rotation\":{\"x\":0.450319082,\"y\":0.10733372,\"z\":-0.0546332,\"w\":0.8847076},\"LinkedStructures\":[{\"TypeID\":7,\"InstanceID\":2},{\"TypeID\":7,\"InstanceID\":2},null,null,{\"TypeID\":5},null,null,null,null,null,null,null,null,null,null,null],\"Elements\":[{\"ProfileID\":1,\"Position\":{\"x\":-207.393,\"y\":379.7261,\"z\":19.9929714},\"Rotation\":{\"x\":0.450319082,\"y\":0.10733372,\"z\":-0.0546332,\"w\":0.8847076},\"LengthScale\":1.0}],\"Storages\":[]},{\"TypeID\":3,\"Position\":{\"x\":-207.552032,\"y\":380.63974,\"z\":19.3473339},\"Rotation\":{\"x\":-0.0546332,\"y\":0.8847076,\"z\":-0.450319082,\"w\":-0.10733372},\"LinkedStructures\":[{\"TypeID\":7,\"InstanceID\":2},{\"TypeID\":7,\"InstanceID\":2},null,{\"TypeID\":5,\"InstanceID\":3},null,null,null,null,null,null,null,null,null,null,null,null],\"Elements\":[{\"ProfileID\":1,\"Position\":{\"x\":-207.71106,\"y\":379.7261,\"z\":18.7016964},\"Rotation\":{\"x\":-0.0546332,\"y\":0.8847076,\"z\":-0.450319082,\"w\":-0.10733372},\"LengthScale\":1.0}],\"Storages\":[]},{\"TypeID\":3,\"Position\":{\"x\":-205.357681,\"y\":380.63974,\"z\":18.8068867},\"Rotation\":{\"x\":0.450319082,\"y\":0.10733372,\"z\":-0.0546332,\"w\":0.8847076},\"LinkedStructures\":[{\"TypeID\":7},{\"TypeID\":7},null,{\"TypeID\":5},{\"TypeID\":5,\"InstanceID\":1},null,null,null,null,null,null,null,null,null,null,null],\"Elements\":[{\"ProfileID\":1,\"Position\":{\"x\":-205.198654,\"y\":379.7261,\"z\":19.4525242},\"Rotation\":{\"x\":0.450319082,\"y\":0.10733372,\"z\":-0.0546332,\"w\":0.8847076},\"LengthScale\":1.0}],\"Storages\":[]},{\"TypeID\":3,\"Position\":{\"x\":-205.357681,\"y\":380.63974,\"z\":18.8068867},\"Rotation\":{\"x\":-0.0546332,\"y\":0.8847076,\"z\":-0.450319082,\"w\":-0.10733372},\"LinkedStructures\":[{\"TypeID\":7},{\"TypeID\":7},null,{\"TypeID\":5,\"InstanceID\":2},{\"TypeID\":5,\"InstanceID\":3},null,null,null,null,null,null,null,null,null,null,null],\"Elements\":[{\"ProfileID\":1,\"Position\":{\"x\":-205.516708,\"y\":379.7261,\"z\":18.16125},\"Rotation\":{\"x\":-0.0546332,\"y\":0.8847076,\"z\":-0.450319082,\"w\":-0.10733372},\"LengthScale\":1.0}],\"Storages\":[]},{\"TypeID\":3,\"Position\":{\"x\":-203.163223,\"y\":380.63974,\"z\":18.2664833},\"Rotation\":{\"x\":-0.0546332,\"y\":0.8847076,\"z\":-0.450319082,\"w\":-0.10733372},\"LinkedStructures\":[{\"TypeID\":7,\"InstanceID\":1},{\"TypeID\":7,\"InstanceID\":1},null,null,{\"TypeID\":5,\"InstanceID\":2},null,null,null,null,null,null,null,null,null,null,null],\"Elements\":[{\"ProfileID\":1,\"Position\":{\"x\":-203.32225,\"y\":379.7261,\"z\":17.6208458},\"Rotation\":{\"x\":-0.0546332,\"y\":0.8847076,\"z\":-0.450319082,\"w\":-0.10733372},\"LengthScale\":1.0}],\"Storages\":[]},{\"TypeID\":3,\"Position\":{\"x\":-203.163223,\"y\":380.63974,\"z\":18.2664833},\"Rotation\":{\"x\":0.450319082,\"y\":0.10733372,\"z\":-0.0546332,\"w\":0.8847076},\"LinkedStructures\":[{\"TypeID\":7,\"InstanceID\":1},{\"TypeID\":7,\"InstanceID\":1},null,{\"TypeID\":5,\"InstanceID\":1},null,null,null,null,null,null,null,null,null,null,null,null],\"Elements\":[{\"ProfileID\":1,\"Position\":{\"x\":-203.0042,\"y\":379.7261,\"z\":18.91212},\"Rotation\":{\"x\":0.450319082,\"y\":0.10733372,\"z\":-0.0546332,\"w\":0.8847076},\"LengthScale\":1.0}],\"Storages\":[]},{\"TypeID\":3,\"Position\":{\"x\":-205.357681,\"y\":380.63974,\"z\":18.8068867},\"Rotation\":{\"y\":0.78712213,\"w\":0.616797149},\"LinkedStructures\":[{\"TypeID\":7},{\"TypeID\":7,\"InstanceID\":1},null,null,null,null,null,null,null,null,null,{\"TypeID\":3,\"InstanceID\":20},null,null,null,null],\"Elements\":[{\"ProfileID\":1,\"Position\":{\"x\":-204.260452,\"y\":380.63974,\"z\":18.5366783},\"Rotation\":{\"y\":0.78712213,\"w\":0.616797149},\"LengthScale\":1.0}],\"Storages\":[]},{\"TypeID\":3,\"Position\":{\"x\":-207.552032,\"y\":380.63974,\"z\":19.3473339},\"Rotation\":{\"y\":0.78712213,\"w\":0.616797149},\"LinkedStructures\":[{\"TypeID\":7,\"InstanceID\":2},{\"TypeID\":7},null,null,null,null,null,null,{\"TypeID\":3,\"InstanceID\":19},null,null,null,null,null,null,null],\"Elements\":[{\"ProfileID\":1,\"Position\":{\"x\":-206.4548,\"y\":380.63974,\"z\":19.0771255},\"Rotation\":{\"y\":0.78712213,\"w\":0.616797149},\"LengthScale\":1.0}],\"Storages\":[]},{\"TypeID\":3,\"Position\":{\"x\":-202.6524,\"y\":375.885681,\"z\":27.3012886},\"Rotation\":{\"y\":0.8336802,\"w\":0.5522476},\"LinkedStructures\":[{\"TypeID\":1,\"InstanceID\":8},{\"TypeID\":1,\"InstanceID\":14},null,null,{\"TypeID\":5,\"InstanceID\":4},null,null,null,null,null,{\"TypeID\":20,\"InstanceID\":1},null,null,null,null,null],\"Elements\":[{\"ProfileID\":1,\"Position\":{\"x\":-201.611908,\"y\":375.821533,\"z\":26.8605385},\"Rotation\":{\"x\":0.0156524237,\"y\":0.8333456,\"z\":-0.0236291252,\"w\":0.552025437},\"LengthScale\":1.0}],\"Storages\":[]},{\"TypeID\":3,\"Position\":{\"x\":-202.892975,\"y\":376.13974,\"z\":19.3637085},\"Rotation\":{\"y\":0.1204381,\"w\":0.992720842},\"LinkedStructures\":[{\"TypeID\":1},{\"TypeID\":1,\"InstanceID\":12},null,{\"TypeID\":5,\"InstanceID\":5},null,null,null,null,null,{\"TypeID\":3},null,{\"TypeID\":3,\"InstanceID\":2},null,{\"TypeID\":21,\"InstanceID\":2},null,null],\"Elements\":[{\"ProfileID\":1,\"Position\":{\"x\":-202.622772,\"y\":375.833038,\"z\":20.4609261},\"Rotation\":{\"x\":0.13116695,\"y\":0.119382836,\"z\":-0.0159134232,\"w\":0.9840172},\"LengthScale\":1.03617918}],\"Storages\":[]},{\"TypeID\":3,\"Position\":{\"x\":-203.5339,\"y\":375.885681,\"z\":25.2202911},\"Rotation\":{\"y\":0.833680153,\"w\":0.552247643},\"LinkedStructures\":[{\"TypeID\":1,\"InstanceID\":7},{\"TypeID\":1,\"InstanceID\":13},null,{\"TypeID\":5,\"InstanceID\":4},null,null,null,null,null,{\"TypeID\":20,\"InstanceID\":1},{\"TypeID\":20,\"InstanceID\":5},{\"TypeID\":20},null,{\"TypeID\":21,\"InstanceID\":3},null,null],\"Elements\":[{\"ProfileID\":1,\"Position\":{\"x\":-202.493408,\"y\":375.7847,\"z\":24.779541},\"Rotation\":{\"x\":0.0246023722,\"y\":0.8328527,\"z\":-0.03714009,\"w\":0.551699042},\"LengthScale\":1.00398326}],\"Storages\":[]},{\"TypeID\":3,\"Position\":{\"x\":-205.087448,\"y\":376.13974,\"z\":19.9041119},\"Rotation\":{\"y\":0.120438129,\"w\":0.992720842},\"LinkedStructures\":[{\"TypeID\":1,\"InstanceID\":1},{\"TypeID\":1,\"InstanceID\":15},null,{\"TypeID\":5,\"InstanceID\":6},{\"TypeID\":5,\"InstanceID\":5},null,null,null,null,{\"TypeID\":3,\"InstanceID\":1},{\"TypeID\":3},null,null,{\"TypeID\":21},null,null],\"Elements\":[{\"ProfileID\":1,\"Position\":{\"x\":-204.81723,\"y\":375.91153,\"z\":21.00133},\"Rotation\":{\"x\":0.09874903,\"y\":0.119841434,\"z\":-0.01198042,\"w\":0.9877972},\"LengthScale\":1.02018929}],\"Storages\":[]},{\"TypeID\":3,\"Position\":{\"x\":-207.2819,\"y\":376.13974,\"z\":20.44453},\"Rotation\":{\"y\":0.120437965,\"w\":0.9927209},\"LinkedStructures\":[{\"TypeID\":1,\"InstanceID\":2},{\"TypeID\":1,\"InstanceID\":16},null,null,{\"TypeID\":5,\"InstanceID\":6},null,null,null,null,null,{\"TypeID\":3,\"InstanceID\":1},{\"TypeID\":3,\"InstanceID\":3},null,{\"TypeID\":21,\"InstanceID\":1},null,null],\"Elements\":[{\"ProfileID\":1,\"Position\":{\"x\":-207.011688,\"y\":376.054474,\"z\":21.541748},\"Rotation\":{\"x\":0.03737406,\"y\":0.1203534,\"z\":-0.0045342925,\"w\":0.9920171},\"LengthScale\":1.00284278}],\"Storages\":[]}],[{\"TypeID\":4,\"Position\":{\"x\":-204.260452,\"y\":376.302246,\"z\":18.5366783},\"Rotation\":{\"y\":0.992720842,\"w\":-0.120437972},\"LinkedStructures\":[{\"TypeID\":3},{\"TypeID\":3,\"InstanceID\":4},{\"TypeID\":8,\"InstanceID\":2},null,{\"TypeID\":8,\"InstanceID\":4},{\"TypeID\":8},null,null,null,null,null],\"Elements\":[{\"ProfileID\":314,\"Position\":{\"x\":-205.138916,\"y\":376.302246,\"z\":18.7530289},\"Rotation\":{\"y\":0.992720842,\"w\":-0.120437972},\"LengthScale\":1.0},{\"ProfileID\":315,\"Position\":{\"x\":-204.699738,\"y\":376.302246,\"z\":18.64483},\"Rotation\":{\"y\":0.992720842,\"w\":-0.120437972},\"LengthScale\":1.0},{\"ProfileID\":315,\"Position\":{\"x\":-204.260452,\"y\":376.302246,\"z\":18.5366783},\"Rotation\":{\"y\":0.992720842,\"w\":-0.120437972},\"LengthScale\":1.0},{\"ProfileID\":315,\"Position\":{\"x\":-203.821167,\"y\":376.302246,\"z\":18.4285259},\"Rotation\":{\"y\":0.120437853,\"w\":0.992720842},\"LengthScale\":1.0},{\"ProfileID\":315,\"Position\":{\"x\":-203.381989,\"y\":376.302246,\"z\":18.3203278},\"Rotation\":{\"y\":0.120437853,\"w\":0.992720842},\"LengthScale\":1.0}],\"Storages\":[]},{\"TypeID\":4,\"Position\":{\"x\":-206.4548,\"y\":376.302246,\"z\":19.0771255},\"Rotation\":{\"y\":0.992720842,\"w\":-0.120437972},\"LinkedStructures\":[{\"TypeID\":3,\"InstanceID\":1},{\"TypeID\":3,\"InstanceID\":5},null,{\"TypeID\":8,\"InstanceID\":3},{\"TypeID\":8,\"InstanceID\":5},{\"TypeID\":8,\"InstanceID\":1},null,null,null,null,null],\"Elements\":[{\"ProfileID\":314,\"Position\":{\"x\":-207.333267,\"y\":376.302246,\"z\":19.2934761},\"Rotation\":{\"y\":0.992720842,\"w\":-0.120437972},\"LengthScale\":1.0},{\"ProfileID\":315,\"Position\":{\"x\":-206.894089,\"y\":376.302246,\"z\":19.1852779},\"Rotation\":{\"y\":0.992720842,\"w\":-0.120437972},\"LengthScale\":1.0},{\"ProfileID\":315,\"Position\":{\"x\":-206.4548,\"y\":376.302246,\"z\":19.0771255},\"Rotation\":{\"y\":0.992720842,\"w\":-0.120437972},\"LengthScale\":1.0},{\"ProfileID\":315,\"Position\":{\"x\":-206.015518,\"y\":376.302246,\"z\":18.9689732},\"Rotation\":{\"y\":0.120437853,\"w\":0.992720842},\"LengthScale\":1.0},{\"ProfileID\":315,\"Position\":{\"x\":-205.57634,\"y\":376.302246,\"z\":18.860775},\"Rotation\":{\"y\":0.120437853,\"w\":0.992720842},\"LengthScale\":1.0}],\"Storages\":[]}],[{\"TypeID\":5,\"Position\":{\"x\":-206.295883,\"y\":379.8886,\"z\":19.7227325},\"Rotation\":{\"x\":0.27979213,\"y\":-0.5496864,\"z\":-0.3570552,\"w\":0.7014791},\"LinkedStructures\":[{\"TypeID\":3,\"InstanceID\":13},{\"TypeID\":3,\"InstanceID\":15},null],\"Elements\":[{\"ProfileID\":6,\"Position\":{\"x\":-206.116623,\"y\":378.972,\"z\":20.4507313},\"Rotation\":{\"x\":0.3570552,\"y\":0.7014791,\"z\":0.27979213,\"w\":0.5496864},\"LengthScale\":1.0},{\"ProfileID\":6,\"Position\":{\"x\":-206.175751,\"y\":379.3119,\"z\":20.210598},\"Rotation\":{\"x\":-0.27979213,\"y\":0.5496864,\"z\":0.3570552,\"w\":-0.7014791},\"LengthScale\":1.0},{\"ProfileID\":6,\"Position\":{\"x\":-206.234955,\"y\":379.6518,\"z\":19.9703331},\"Rotation\":{\"x\":0.3570552,\"y\":0.7014791,\"z\":0.27979213,\"w\":0.5496864},\"LengthScale\":1.0},{\"ProfileID\":6,\"Position\":{\"x\":-206.294067,\"y\":379.9917,\"z\":19.7301865},\"Rotation\":{\"x\":-0.27979213,\"y\":0.5496864,\"z\":0.3570552,\"w\":-0.7014791},\"LengthScale\":1.0},{\"ProfileID\":6,\"Position\":{\"x\":-206.353165,\"y\":380.3316,\"z\":19.48995},\"Rotation\":{\"x\":0.3570552,\"y\":0.7014791,\"z\":0.27979213,\"w\":0.5496864},\"LengthScale\":1.0},{\"ProfileID\":6,\"Position\":{\"x\":-206.4124,\"y\":380.6715,\"z\":19.2497883},\"Rotation\":{\"x\":-0.27979213,\"y\":0.5496864,\"z\":0.3570552,\"w\":-0.7014791},\"LengthScale\":1.0}],\"Storages\":[]},{\"TypeID\":5,\"Position\":{\"x\":-204.101425,\"y\":379.8886,\"z\":19.18233},\"Rotation\":{\"x\":0.27979213,\"y\":-0.5496864,\"z\":-0.3570552,\"w\":0.7014791},\"LinkedStructures\":[{\"TypeID\":3,\"InstanceID\":15},{\"TypeID\":3,\"InstanceID\":18},null],\"Elements\":[{\"ProfileID\":6,\"Position\":{\"x\":-203.922165,\"y\":378.972,\"z\":19.9103279},\"Rotation\":{\"x\":0.3570552,\"y\":0.7014791,\"z\":0.27979213,\"w\":0.5496864},\"LengthScale\":1.0},{\"ProfileID\":6,\"Position\":{\"x\":-203.981277,\"y\":379.3119,\"z\":19.6701813},\"Rotation\":{\"x\":-0.27979213,\"y\":0.5496864,\"z\":0.3570552,\"w\":-0.7014791},\"LengthScale\":1.0},{\"ProfileID\":6,\"Position\":{\"x\":-204.040375,\"y\":379.6518,\"z\":19.429945},\"Rotation\":{\"x\":0.3570552,\"y\":0.7014791,\"z\":0.27979213,\"w\":0.5496864},\"LengthScale\":1.0},{\"ProfileID\":6,\"Position\":{\"x\":-204.099609,\"y\":379.9917,\"z\":19.1897831},\"Rotation\":{\"x\":-0.27979213,\"y\":0.5496864,\"z\":0.3570552,\"w\":-0.7014791},\"LengthScale\":1.0},{\"ProfileID\":6,\"Position\":{\"x\":-204.1587,\"y\":380.3316,\"z\":18.9495468},\"Rotation\":{\"x\":0.3570552,\"y\":0.7014791,\"z\":0.27979213,\"w\":0.5496864},\"LengthScale\":1.0},{\"ProfileID\":6,\"Position\":{\"x\":-204.217819,\"y\":380.6715,\"z\":18.7094154},\"Rotation\":{\"x\":-0.27979213,\"y\":0.5496864,\"z\":0.3570552,\"w\":-0.7014791},\"LengthScale\":1.0}],\"Storages\":[]},{\"TypeID\":5,\"Position\":{\"x\":-204.419373,\"y\":379.8886,\"z\":17.8910847},\"Rotation\":{\"x\":-0.3570552,\"y\":0.7014791,\"z\":-0.27979213,\"w\":0.5496864},\"LinkedStructures\":[{\"TypeID\":3,\"InstanceID\":16},{\"TypeID\":3,\"InstanceID\":17},null],\"Elements\":[{\"ProfileID\":6,\"Position\":{\"x\":-204.598633,\"y\":378.972,\"z\":17.16307},\"Rotation\":{\"x\":-0.3570552,\"y\":0.7014791,\"z\":-0.27979213,\"w\":0.5496864},\"LengthScale\":1.0},{\"ProfileID\":6,\"Position\":{\"x\":-204.5395,\"y\":379.3119,\"z\":17.40322},\"Rotation\":{\"x\":0.27979213,\"y\":0.5496864,\"z\":-0.3570552,\"w\":-0.7014791},\"LengthScale\":1.0},{\"ProfileID\":6,\"Position\":{\"x\":-204.4803,\"y\":379.6518,\"z\":17.6434841},\"Rotation\":{\"x\":0.27979213,\"y\":0.5496864,\"z\":-0.3570552,\"w\":-0.7014791},\"LengthScale\":1.0},{\"ProfileID\":6,\"Position\":{\"x\":-204.421188,\"y\":379.9917,\"z\":17.8836155},\"Rotation\":{\"x\":-0.3570552,\"y\":0.7014791,\"z\":-0.27979213,\"w\":0.5496864},\"LengthScale\":1.0},{\"ProfileID\":6,\"Position\":{\"x\":-204.361969,\"y\":380.3316,\"z\":18.12388},\"Rotation\":{\"x\":0.27979213,\"y\":0.5496864,\"z\":-0.3570552,\"w\":-0.7014791},\"LengthScale\":1.0},{\"ProfileID\":6,\"Position\":{\"x\":-204.302856,\"y\":380.6715,\"z\":18.3640289},\"Rotation\":{\"x\":-0.3570552,\"y\":0.7014791,\"z\":-0.27979213,\"w\":0.5496864},\"LengthScale\":1.0}],\"Storages\":[]},{\"TypeID\":5,\"Position\":{\"x\":-206.613831,\"y\":379.8886,\"z\":18.431488},\"Rotation\":{\"x\":-0.3570552,\"y\":0.7014791,\"z\":-0.27979213,\"w\":0.5496864},\"LinkedStructures\":[{\"TypeID\":3,\"InstanceID\":14},{\"TypeID\":3,\"InstanceID\":16},null],\"Elements\":[{\"ProfileID\":6,\"Position\":{\"x\":-206.793091,\"y\":378.972,\"z\":17.70349},\"Rotation\":{\"x\":0.27979213,\"y\":0.5496864,\"z\":-0.3570552,\"w\":-0.7014791},\"LengthScale\":1.0},{\"ProfileID\":6,\"Position\":{\"x\":-206.733963,\"y\":379.3119,\"z\":17.9436226},\"Rotation\":{\"x\":-0.3570552,\"y\":0.7014791,\"z\":-0.27979213,\"w\":0.5496864},\"LengthScale\":1.0},{\"ProfileID\":6,\"Position\":{\"x\":-206.674759,\"y\":379.6518,\"z\":18.1838875},\"Rotation\":{\"x\":0.27979213,\"y\":0.5496864,\"z\":-0.3570552,\"w\":-0.7014791},\"LengthScale\":1.0},{\"ProfileID\":6,\"Position\":{\"x\":-206.615646,\"y\":379.9917,\"z\":18.4240341},\"Rotation\":{\"x\":-0.3570552,\"y\":0.7014791,\"z\":-0.27979213,\"w\":0.5496864},\"LengthScale\":1.0},{\"ProfileID\":6,\"Position\":{\"x\":-206.556549,\"y\":380.3316,\"z\":18.66427},\"Rotation\":{\"x\":-0.3570552,\"y\":0.7014791,\"z\":-0.27979213,\"w\":0.5496864},\"LengthScale\":1.0},{\"ProfileID\":6,\"Position\":{\"x\":-206.497314,\"y\":380.6715,\"z\":18.9044323},\"Rotation\":{\"x\":-0.3570552,\"y\":0.7014791,\"z\":-0.27979213,\"w\":0.5496864},\"LengthScale\":1.0}],\"Storages\":[]},{\"TypeID\":5,\"Position\":{\"x\":-202.052658,\"y\":375.965637,\"z\":25.8200378},\"Rotation\":{\"x\":0.04385328,\"y\":0.978951037,\"z\":-0.007908286,\"w\":-0.199171439},\"LinkedStructures\":[{\"TypeID\":3,\"InstanceID\":23},{\"TypeID\":3,\"InstanceID\":21},null],\"Elements\":[{\"ProfileID\":6,\"Position\":{\"x\":-202.62204,\"y\":376.01123,\"z\":26.061224},\"Rotation\":{\"x\":0.0429446846,\"y\":0.979229748,\"z\":-0.0124168759,\"w\":-0.197764143},\"LengthScale\":0.9874344},{\"ProfileID\":6,\"Position\":{\"x\":-202.235168,\"y\":375.98053,\"z\":25.8973579},\"Rotation\":{\"x\":-0.0153846815,\"y\":0.1974559,\"z\":-0.042348925,\"w\":0.9792758},\"LengthScale\":0.9874975},{\"ProfileID\":6,\"Position\":{\"x\":-201.848328,\"y\":375.949829,\"z\":25.73349},\"Rotation\":{\"x\":0.04175285,\"y\":0.9793127,\"z\":-0.0183655825,\"w\":-0.1971451},\"LengthScale\":0.987598538},{\"ProfileID\":6,\"Position\":{\"x\":-201.461487,\"y\":375.919128,\"z\":25.569622},\"Rotation\":{\"x\":-0.0213329215,\"y\":0.1968331,\"z\":-0.04116181,\"w\":0.9793403},\"LengthScale\":0.987735033}],\"Storages\":[]},{\"TypeID\":5,\"Position\":{\"x\":-203.72,\"y\":376.0348,\"z\":20.7311287},\"Rotation\":{\"x\":0.0628867149,\"y\":-0.613944054,\"z\":-0.0770966262,\"w\":0.783054233},\"LinkedStructures\":[{\"TypeID\":3,\"InstanceID\":24},{\"TypeID\":3,\"InstanceID\":22},null],\"Elements\":[{\"ProfileID\":6,\"Position\":{\"x\":-203.461456,\"y\":375.783478,\"z\":21.7809677},\"Rotation\":{\"x\":0.09887247,\"y\":0.7809134,\"z\":0.0353797339,\"w\":0.6157489},\"LengthScale\":0.989610136},{\"ProfileID\":6,\"Position\":{\"x\":-203.5613,\"y\":375.8822,\"z\":21.3755455},\"Rotation\":{\"x\":-0.0402533934,\"y\":0.616202056,\"z\":0.0950199,\"w\":-0.7807982},\"LengthScale\":0.9888746},{\"ProfileID\":6,\"Position\":{\"x\":-203.661148,\"y\":375.980957,\"z\":20.9701214},\"Rotation\":{\"x\":-0.0451387,\"y\":0.616631448,\"z\":0.09115626,\"w\":-0.7806527},\"LengthScale\":0.9882922},{\"ProfileID\":6,\"Position\":{\"x\":-203.760986,\"y\":376.0797,\"z\":20.5647},\"Rotation\":{\"x\":0.0872869641,\"y\":0.780476,\"z\":0.05002878,\"w\":0.617037535},\"LengthScale\":0.987863958},{\"ProfileID\":6,\"Position\":{\"x\":-203.86084,\"y\":376.178467,\"z\":20.1592751},\"Rotation\":{\"x\":-0.0549218319,\"y\":0.6174193,\"z\":0.08341345,\"w\":-0.780268669},\"LengthScale\":0.987590551}],\"Storages\":[]},{\"TypeID\":5,\"Position\":{\"x\":-205.914459,\"y\":376.1455,\"z\":21.2715378},\"Rotation\":{\"x\":0.02611919,\"y\":-0.616646349,\"z\":-0.0273614023,\"w\":0.786331},\"LinkedStructures\":[{\"TypeID\":3,\"InstanceID\":25},{\"TypeID\":3,\"InstanceID\":24},null],\"Elements\":[{\"ProfileID\":6,\"Position\":{\"x\":-205.657959,\"y\":375.998,\"z\":22.3131084},\"Rotation\":{\"x\":0.02450832,\"y\":0.6202249,\"z\":0.06769688,\"w\":-0.781113},\"LengthScale\":0.9949098},{\"ProfileID\":6,\"Position\":{\"x\":-205.758423,\"y\":376.056274,\"z\":21.9051018},\"Rotation\":{\"x\":0.0604638867,\"y\":0.781815469,\"z\":-0.0154711753,\"w\":0.6203785},\"LengthScale\":0.992349267},{\"ProfileID\":6,\"Position\":{\"x\":-205.858917,\"y\":376.114532,\"z\":21.4970951},\"Rotation\":{\"x\":0.00637426041,\"y\":0.620449066,\"z\":0.0531992055,\"w\":-0.7824143},\"LengthScale\":0.990311265},{\"ProfileID\":6,\"Position\":{\"x\":-205.959381,\"y\":376.1728,\"z\":21.0890884},\"Rotation\":{\"x\":0.0459233373,\"y\":0.7829051,\"z\":0.00275693834,\"w\":0.62043786},\"LengthScale\":0.988828063},{\"ProfileID\":6,\"Position\":{\"x\":-206.059875,\"y\":376.231049,\"z\":20.6810818},\"Rotation\":{\"x\":-0.011931533,\"y\":0.6203409,\"z\":0.0386289023,\"w\":-0.783289552},\"LengthScale\":0.987872541}],\"Storages\":[]}],null,[{\"TypeID\":7,\"Position\":{\"x\":-205.357681,\"y\":379.289734,\"z\":18.8068867},\"Rotation\":{\"y\":0.992720842,\"w\":-0.120437972},\"LinkedStructures\":[{\"TypeID\":3,\"InstanceID\":15},{\"TypeID\":3,\"InstanceID\":16},{\"TypeID\":3,\"InstanceID\":19},{\"TypeID\":3,\"InstanceID\":20},null,{\"TypeID\":3,\"InstanceID\":10}],\"Elements\":[{\"ProfileID\":9,\"Position\":{\"x\":-205.357681,\"y\":379.289734,\"z\":18.8068867},\"Rotation\":{\"y\":0.992720842,\"w\":-0.120437972},\"LengthScale\":1.0},{\"ProfileID\":8,\"Position\":{\"x\":-205.357681,\"y\":379.739746,\"z\":18.8068867},\"Rotation\":{\"y\":0.992720842,\"w\":-0.120437972},\"LengthScale\":1.0},{\"ProfileID\":7,\"Position\":{\"x\":-205.357681,\"y\":380.189728,\"z\":18.8068867},\"Rotation\":{\"y\":0.992720842,\"w\":-0.120437972},\"LengthScale\":1.0}],\"Storages\":[]},{\"TypeID\":7,\"Position\":{\"x\":-203.163223,\"y\":379.289734,\"z\":18.2664833},\"Rotation\":{\"y\":0.120437972,\"w\":0.992720842},\"LinkedStructures\":[{\"TypeID\":3,\"InstanceID\":17},{\"TypeID\":3,\"InstanceID\":18},{\"TypeID\":3,\"InstanceID\":19},null,null,{\"TypeID\":3,\"InstanceID\":12}],\"Elements\":[{\"ProfileID\":9,\"Position\":{\"x\":-203.163223,\"y\":379.289734,\"z\":18.2664833},\"Rotation\":{\"y\":0.120437972,\"w\":0.992720842},\"LengthScale\":1.0},{\"ProfileID\":8,\"Position\":{\"x\":-203.163223,\"y\":379.739746,\"z\":18.2664833},\"Rotation\":{\"y\":0.120437972,\"w\":0.992720842},\"LengthScale\":1.0},{\"ProfileID\":7,\"Position\":{\"x\":-203.163223,\"y\":380.189728,\"z\":18.2664833},\"Rotation\":{\"y\":0.120437972,\"w\":0.992720842},\"LengthScale\":1.0}],\"Storages\":[]},{\"TypeID\":7,\"Position\":{\"x\":-207.552032,\"y\":379.289734,\"z\":19.3473339},\"Rotation\":{\"y\":0.992720842,\"w\":-0.120437972},\"LinkedStructures\":[{\"TypeID\":3,\"InstanceID\":13},{\"TypeID\":3,\"InstanceID\":14},{\"TypeID\":3,\"InstanceID\":20},null,null,{\"TypeID\":3,\"InstanceID\":6}],\"Elements\":[{\"ProfileID\":9,\"Position\":{\"x\":-207.552032,\"y\":379.289734,\"z\":19.3473339},\"Rotation\":{\"y\":0.992720842,\"w\":-0.120437972},\"LengthScale\":1.0},{\"ProfileID\":8,\"Position\":{\"x\":-207.552032,\"y\":379.739746,\"z\":19.3473339},\"Rotation\":{\"y\":0.992720842,\"w\":-0.120437972},\"LengthScale\":1.0},{\"ProfileID\":7,\"Position\":{\"x\":-207.552032,\"y\":380.189728,\"z\":19.3473339},\"Rotation\":{\"y\":0.992720842,\"w\":-0.120437972},\"LengthScale\":1.0}],\"Storages\":[]}],[{\"TypeID\":8,\"Position\":{\"x\":-203.990219,\"y\":376.589722,\"z\":19.6339188},\"Rotation\":{\"y\":-0.6167971,\"w\":0.7871222},\"LinkedStructures\":[null,null,null,null,null,null,null,null,{\"TypeID\":8,\"InstanceID\":1},{\"TypeID\":8,\"InstanceID\":2},null,null,null,null,{\"TypeID\":3,\"InstanceID\":7},{\"TypeID\":3},null,null],\"Elements\":[{\"ProfileID\":5,\"Position\":{\"x\":-203.990219,\"y\":376.589722,\"z\":19.6339188},\"Rotation\":{\"y\":-0.6167971,\"w\":0.7871222},\"LengthScale\":1.0},{\"ProfileID\":5,\"Position\":{\"x\":-203.990219,\"y\":377.039734,\"z\":19.6339188},\"Rotation\":{\"x\":0.351513058,\"y\":-0.506830633,\"z\":-0.448581427,\"w\":0.6467891},\"LengthScale\":1.0},{\"ProfileID\":5,\"Position\":{\"x\":-203.990219,\"y\":377.489716,\"z\":19.6339188},\"Rotation\":{\"x\":0.5264634,\"y\":0.321677059,\"z\":-0.664857745,\"w\":-0.421098948},\"LengthScale\":1.0},{\"ProfileID\":5,\"Position\":{\"x\":-203.990219,\"y\":377.939728,\"z\":19.6339188},\"Rotation\":{\"y\":-0.6167971,\"w\":0.7871222},\"LengthScale\":1.0},{\"ProfileID\":5,\"Position\":{\"x\":-203.990219,\"y\":378.3897,\"z\":19.6339188},\"Rotation\":{\"y\":-0.6167971,\"w\":0.7871222},\"LengthScale\":1.0}],\"Storages\":[]},{\"TypeID\":8,\"Position\":{\"x\":-206.184677,\"y\":376.589722,\"z\":20.1743221},\"Rotation\":{\"y\":-0.6167971,\"w\":0.7871222},\"LinkedStructures\":[null,null,null,null,{\"TypeID\":16},{\"TypeID\":16},{\"TypeID\":8,\"InstanceID\":3},null,null,null,null,{\"TypeID\":8},null,null,{\"TypeID\":3,\"InstanceID\":11},{\"TypeID\":3,\"InstanceID\":1},null,null],\"Elements\":[{\"ProfileID\":4,\"Position\":{\"x\":-206.184677,\"y\":376.589722,\"z\":20.1743221},\"Rotation\":{\"y\":-0.6167971,\"w\":0.7871222},\"LengthScale\":1.0},{\"ProfileID\":4,\"Position\":{\"x\":-206.184677,\"y\":377.039734,\"z\":20.1743221},\"Rotation\":{\"y\":-0.6167971,\"w\":0.7871222},\"LengthScale\":1.0},{\"ProfileID\":4,\"Position\":{\"x\":-206.184677,\"y\":377.489716,\"z\":20.1743221},\"Rotation\":{\"y\":-0.6167971,\"w\":0.7871222},\"LengthScale\":1.0},{\"ProfileID\":4,\"Position\":{\"x\":-206.184677,\"y\":377.939728,\"z\":20.1743221},\"Rotation\":{\"y\":-0.6167971,\"w\":0.7871222},\"LengthScale\":1.0},{\"ProfileID\":4,\"Position\":{\"x\":-206.184677,\"y\":378.3897,\"z\":20.1743221},\"Rotation\":{\"y\":-0.6167971,\"w\":0.7871222},\"LengthScale\":1.0}],\"Storages\":[]},{\"TypeID\":8,\"Position\":{\"x\":-203.163223,\"y\":376.589722,\"z\":18.2664833},\"Rotation\":{\"y\":0.120437972,\"w\":0.992720842},\"LinkedStructures\":[null,null,null,null,null,null,{\"TypeID\":8},null,null,{\"TypeID\":8,\"InstanceID\":4},null,null,null,null,{\"TypeID\":3,\"InstanceID\":12},{\"TypeID\":3,\"InstanceID\":2},null,null],\"Elements\":[{\"ProfileID\":5,\"Position\":{\"x\":-203.163223,\"y\":376.589722,\"z\":18.2664833},\"Rotation\":{\"y\":0.120437972,\"w\":0.992720842},\"LengthScale\":1.0},{\"ProfileID\":5,\"Position\":{\"x\":-203.163223,\"y\":377.039734,\"z\":18.2664833},\"Rotation\":{\"x\":-0.06863768,\"y\":0.09896553,\"z\":-0.5657521,\"w\":0.8157323},\"LengthScale\":1.0},{\"ProfileID\":5,\"Position\":{\"x\":-203.163223,\"y\":377.489716,\"z\":18.2664833},\"Rotation\":{\"x\":-0.09785958,\"y\":-0.07030189,\"z\":-0.8423912,\"w\":-0.525222063},\"LengthScale\":1.0},{\"ProfileID\":5,\"Position\":{\"x\":-203.163223,\"y\":377.939728,\"z\":18.2664833},\"Rotation\":{\"y\":0.120437972,\"w\":0.992720842},\"LengthScale\":1.0},{\"ProfileID\":5,\"Position\":{\"x\":-203.163223,\"y\":378.3897,\"z\":18.2664833},\"Rotation\":{\"y\":0.120437972,\"w\":0.992720842},\"LengthScale\":1.0}],\"Storages\":[]},{\"TypeID\":8,\"Position\":{\"x\":-207.552032,\"y\":376.589722,\"z\":19.3473339},\"Rotation\":{\"y\":0.992720842,\"w\":-0.120437972},\"LinkedStructures\":[null,null,null,null,null,null,{\"TypeID\":8,\"InstanceID\":5},null,null,{\"TypeID\":8,\"InstanceID\":1},null,null,null,null,{\"TypeID\":3,\"InstanceID\":6},{\"TypeID\":4,\"InstanceID\":1},null,null],\"Elements\":[{\"ProfileID\":5,\"Position\":{\"x\":-207.552032,\"y\":376.589722,\"z\":19.3473339},\"Rotation\":{\"y\":0.992720842,\"w\":-0.120437972},\"LengthScale\":1.0},{\"ProfileID\":5,\"Position\":{\"x\":-207.552032,\"y\":377.039734,\"z\":19.3473339},\"Rotation\":{\"x\":-0.5657521,\"y\":0.8157323,\"z\":0.06863768,\"w\":-0.09896553},\"LengthScale\":1.0},{\"ProfileID\":5,\"Position\":{\"x\":-207.552032,\"y\":377.489716,\"z\":19.3473339},\"Rotation\":{\"x\":-0.8423912,\"y\":-0.525222063,\"z\":0.09785958,\"w\":0.07030189},\"LengthScale\":1.0},{\"ProfileID\":5,\"Position\":{\"x\":-207.552032,\"y\":377.939728,\"z\":19.3473339},\"Rotation\":{\"y\":0.992720842,\"w\":-0.120437972},\"LengthScale\":1.0},{\"ProfileID\":5,\"Position\":{\"x\":-207.552032,\"y\":378.3897,\"z\":19.3473339},\"Rotation\":{\"y\":0.992720842,\"w\":-0.120437972},\"LengthScale\":1.0}],\"Storages\":[]},{\"TypeID\":8,\"Position\":{\"x\":-204.530579,\"y\":376.589722,\"z\":17.4394817},\"Rotation\":{\"y\":0.78712213,\"w\":0.616797268},\"LinkedStructures\":[null,null,null,null,null,null,{\"TypeID\":8,\"InstanceID\":2},null,null,null,null,{\"TypeID\":8,\"InstanceID\":5},null,null,{\"TypeID\":3,\"InstanceID\":8},{\"TypeID\":3,\"InstanceID\":4},null,null],\"Elements\":[{\"ProfileID\":5,\"Position\":{\"x\":-204.530579,\"y\":376.589722,\"z\":17.4394817},\"Rotation\":{\"y\":0.78712213,\"w\":0.616797268},\"LengthScale\":1.0},{\"ProfileID\":5,\"Position\":{\"x\":-204.530579,\"y\":377.039734,\"z\":17.4394817},\"Rotation\":{\"x\":-0.4485814,\"y\":0.646788955,\"z\":-0.351513147,\"w\":0.5068307},\"LengthScale\":1.0},{\"ProfileID\":5,\"Position\":{\"x\":-204.530579,\"y\":377.489716,\"z\":17.4394817},\"Rotation\":{\"x\":-0.664857745,\"y\":-0.421098948,\"z\":-0.5264635,\"w\":-0.321677119},\"LengthScale\":1.0},{\"ProfileID\":5,\"Position\":{\"x\":-204.530579,\"y\":377.939728,\"z\":17.4394817},\"Rotation\":{\"y\":0.78712213,\"w\":0.616797268},\"LengthScale\":1.0},{\"ProfileID\":5,\"Position\":{\"x\":-204.530579,\"y\":378.3897,\"z\":17.4394817},\"Rotation\":{\"y\":0.78712213,\"w\":0.616797268},\"LengthScale\":1.0}],\"Storages\":[]},{\"TypeID\":8,\"Position\":{\"x\":-206.725037,\"y\":376.589722,\"z\":17.9799},\"Rotation\":{\"y\":0.7871222,\"w\":0.6167971},\"LinkedStructures\":[null,null,null,null,null,null,null,null,{\"TypeID\":8,\"InstanceID\":4},{\"TypeID\":8,\"InstanceID\":3},null,null,null,null,{\"TypeID\":3,\"InstanceID\":9},{\"TypeID\":3,\"InstanceID\":5},null,null],\"Elements\":[{\"ProfileID\":5,\"Position\":{\"x\":-206.725037,\"y\":376.589722,\"z\":17.9799},\"Rotation\":{\"y\":0.7871222,\"w\":0.6167971},\"LengthScale\":1.0},{\"ProfileID\":5,\"Position\":{\"x\":-206.725037,\"y\":377.039734,\"z\":17.9799},\"Rotation\":{\"x\":-0.448581427,\"y\":0.6467891,\"z\":-0.351513058,\"w\":0.506830633},\"LengthScale\":1.0},{\"ProfileID\":5,\"Position\":{\"x\":-206.725037,\"y\":377.489716,\"z\":17.9799},\"Rotation\":{\"x\":-0.664857745,\"y\":-0.421098948,\"z\":-0.5264634,\"w\":-0.321677059},\"LengthScale\":1.0},{\"ProfileID\":5,\"Position\":{\"x\":-206.725037,\"y\":377.939728,\"z\":17.9799},\"Rotation\":{\"y\":0.7871222,\"w\":0.6167971},\"LengthScale\":1.0},{\"ProfileID\":5,\"Position\":{\"x\":-206.725037,\"y\":378.3897,\"z\":17.9799},\"Rotation\":{\"y\":0.7871222,\"w\":0.6167971},\"LengthScale\":1.0}],\"Storages\":[]}],[{\"TypeID\":9,\"Position\":{\"x\":-185.25354,\"y\":373.223,\"z\":63.03696},\"Rotation\":{\"y\":-0.8192549,\"w\":0.573429644},\"LinkedStructures\":[null,null,null,null,null,null],\"Elements\":[{\"ProfileID\":13,\"Position\":{\"x\":-183.927719,\"y\":373.212341,\"z\":62.9616928},\"Rotation\":{\"x\":-0.7071068,\"w\":0.7071068},\"LengthScale\":1.0},{\"ProfileID\":13,\"Position\":{\"x\":-184.367081,\"y\":373.182983,\"z\":63.0589523},\"Rotation\":{\"x\":-0.7071068,\"w\":0.7071068},\"LengthScale\":1.0},{\"ProfileID\":13,\"Position\":{\"x\":-184.8084,\"y\":373.225342,\"z\":62.9710045},\"Rotation\":{\"x\":-0.7071068,\"w\":0.7071068},\"LengthScale\":1.0},{\"ProfileID\":13,\"Position\":{\"x\":-185.25354,\"y\":373.223,\"z\":63.03696},\"Rotation\":{\"x\":-0.7071068,\"w\":0.7071068},\"LengthScale\":1.0},{\"ProfileID\":13,\"Position\":{\"x\":-185.676346,\"y\":373.436584,\"z\":62.8829},\"Rotation\":{\"x\":-0.698867857,\"y\":0.107627809,\"z\":0.107627809,\"w\":0.698867857},\"LengthScale\":1.0}],\"Storages\":[]},{\"TypeID\":9,\"Position\":{\"x\":-183.027908,\"y\":373.211853,\"z\":62.97975},\"Rotation\":{\"y\":-0.714165747,\"w\":0.6999766},\"LinkedStructures\":[null,null,null,null,null,null],\"Elements\":[{\"ProfileID\":13,\"Position\":{\"x\":-181.678192,\"y\":373.290344,\"z\":63.00684},\"Rotation\":{\"x\":-0.7071068,\"w\":0.7071068},\"LengthScale\":1.0},{\"ProfileID\":13,\"Position\":{\"x\":-182.1281,\"y\":373.261322,\"z\":62.99781},\"Rotation\":{\"x\":-0.7071068,\"w\":0.7071068},\"LengthScale\":1.0},{\"ProfileID\":13,\"Position\":{\"x\":-182.578,\"y\":373.222626,\"z\":62.98878},\"Rotation\":{\"x\":-0.7071068,\"w\":0.7071068},\"LengthScale\":1.0},{\"ProfileID\":13,\"Position\":{\"x\":-183.027908,\"y\":373.211853,\"z\":62.97975},\"Rotation\":{\"x\":-0.7071068,\"w\":0.7071068},\"LengthScale\":1.0},{\"ProfileID\":13,\"Position\":{\"x\":-183.477814,\"y\":373.204224,\"z\":62.9707222},\"Rotation\":{\"x\":-0.5049914,\"y\":0.4949582,\"z\":0.494958162,\"w\":0.504991531},\"LengthScale\":1.0}],\"Storages\":[]},{\"TypeID\":9,\"Position\":{\"x\":-180.778381,\"y\":373.401031,\"z\":63.0249},\"Rotation\":{\"y\":-0.714165747,\"w\":0.6999766},\"LinkedStructures\":[null,null,null,null,null,null],\"Elements\":[{\"ProfileID\":13,\"Position\":{\"x\":-179.671509,\"y\":373.805237,\"z\":62.2735634},\"Rotation\":{\"x\":-0.7071068,\"w\":0.7071068},\"LengthScale\":1.0},{\"ProfileID\":13,\"Position\":{\"x\":-180.0182,\"y\":373.668182,\"z\":62.56045},\"Rotation\":{\"x\":-0.7071068,\"w\":0.7071068},\"LengthScale\":1.0},{\"ProfileID\":13,\"Position\":{\"x\":-180.3649,\"y\":373.5219,\"z\":62.8473434},\"Rotation\":{\"x\":-0.7071068,\"w\":0.7071068},\"LengthScale\":1.0},{\"ProfileID\":13,\"Position\":{\"x\":-180.778381,\"y\":373.401031,\"z\":63.0249},\"Rotation\":{\"x\":-0.7071068,\"w\":0.7071068},\"LengthScale\":1.0},{\"ProfileID\":13,\"Position\":{\"x\":-181.228287,\"y\":373.349121,\"z\":63.01587},\"Rotation\":{\"x\":-0.5049914,\"y\":0.4949582,\"z\":0.494958162,\"w\":0.504991531},\"LengthScale\":1.0}],\"Storages\":[]},{\"TypeID\":9,\"Position\":{\"x\":-178.978119,\"y\":374.106171,\"z\":61.6997871},\"Rotation\":{\"y\":-0.425719559,\"w\":0.9048552},\"LinkedStructures\":[null,null,null,null,null,null],\"Elements\":[{\"ProfileID\":13,\"Position\":{\"x\":-177.938034,\"y\":374.55838,\"z\":60.8391228},\"Rotation\":{\"x\":-0.7071068,\"w\":0.7071068},\"LengthScale\":1.0},{\"ProfileID\":13,\"Position\":{\"x\":-178.284729,\"y\":374.412018,\"z\":61.12601},\"Rotation\":{\"x\":-0.7071068,\"w\":0.7071068},\"LengthScale\":1.0},{\"ProfileID\":13,\"Position\":{\"x\":-178.631424,\"y\":374.253357,\"z\":61.4129},\"Rotation\":{\"x\":-0.7071068,\"w\":0.7071068},\"LengthScale\":1.0},{\"ProfileID\":13,\"Position\":{\"x\":-178.978119,\"y\":374.106171,\"z\":61.6997871},\"Rotation\":{\"x\":-0.7071068,\"w\":0.7071068},\"LengthScale\":1.0},{\"ProfileID\":13,\"Position\":{\"x\":-179.324814,\"y\":373.962463,\"z\":61.9866753},\"Rotation\":{\"x\":-0.301029235,\"y\":0.6398293,\"z\":0.6398293,\"w\":0.301029235},\"LengthScale\":1.0}],\"Storages\":[]},{\"TypeID\":9,\"Position\":{\"x\":-177.244644,\"y\":374.9261,\"z\":60.26535},\"Rotation\":{\"y\":-0.425719559,\"w\":0.9048552},\"LinkedStructures\":[null,null,null,null,null,null],\"Elements\":[{\"ProfileID\":13,\"Position\":{\"x\":-177.2304,\"y\":374.930237,\"z\":60.2666931},\"Rotation\":{\"x\":-0.7128287,\"y\":0.0193963051,\"z\":0.0193963349,\"w\":0.700801432},\"LengthScale\":1.0},{\"ProfileID\":13,\"Position\":{\"x\":-177.552521,\"y\":374.721741,\"z\":60.5529747},\"Rotation\":{\"x\":-0.261248082,\"y\":0.6513839,\"z\":0.660931766,\"w\":0.265740246},\"LengthScale\":1.0}],\"Storages\":[]}],null,null,null,null,null,null,[{\"TypeID\":16,\"Position\":{\"x\":-206.184677,\"y\":376.364746,\"z\":20.1743221},\"Rotation\":{\"y\":-0.6167971,\"w\":0.7871222},\"LinkedStructures\":[null,null,null,null,null,{\"TypeID\":8,\"InstanceID\":1}],\"Elements\":[{\"ProfileID\":23,\"Position\":{\"x\":-206.184677,\"y\":376.364746,\"z\":20.1743221},\"Rotation\":{\"y\":-0.6167971,\"w\":0.7871222},\"LengthScale\":1.0}],\"Storages\":[]}],null,null,null,[{\"TypeID\":20,\"Position\":{\"x\":-205.6149,\"y\":375.885681,\"z\":26.1017933},\"Rotation\":{\"y\":0.833680153,\"w\":0.552247643},\"LinkedStructures\":[{\"TypeID\":1,\"InstanceID\":6},{\"TypeID\":1,\"InstanceID\":7},null,{\"TypeID\":22},null,null,{\"TypeID\":20,\"InstanceID\":1},{\"TypeID\":20,\"InstanceID\":5},{\"TypeID\":3,\"InstanceID\":23},{\"TypeID\":20,\"InstanceID\":2},{\"TypeID\":20,\"InstanceID\":4},null,null,null,null,null],\"Elements\":[{\"ProfileID\":212,\"Position\":{\"x\":-204.5744,\"y\":375.885681,\"z\":25.6610413},\"Rotation\":{\"y\":0.8336804,\"w\":0.5522472},\"LengthScale\":1.0}],\"Storages\":[]},{\"TypeID\":20,\"Position\":{\"x\":-203.5339,\"y\":375.885681,\"z\":25.2202911},\"Rotation\":{\"y\":0.199002847,\"w\":0.979998946},\"LinkedStructures\":[{\"TypeID\":1,\"InstanceID\":7},{\"TypeID\":1,\"InstanceID\":8},null,null,null,null,null,{\"TypeID\":3,\"InstanceID\":21},null,{\"TypeID\":20},{\"TypeID\":3,\"InstanceID\":23},{\"TypeID\":20,\"InstanceID\":5},null,null,null,null],\"Elements\":[{\"ProfileID\":212,\"Position\":{\"x\":-203.093155,\"y\":375.885681,\"z\":26.26079},\"Rotation\":{\"y\":0.199002564,\"w\":0.979999},\"LengthScale\":1.0}],\"Storages\":[]},{\"TypeID\":20,\"Position\":{\"x\":-205.6149,\"y\":375.885681,\"z\":26.1017933},\"Rotation\":{\"y\":0.199002847,\"w\":0.979998946},\"LinkedStructures\":[{\"TypeID\":1,\"InstanceID\":6},{\"TypeID\":1,\"InstanceID\":9},null,null,null,null,null,{\"TypeID\":20,\"InstanceID\":3},null,null,{\"TypeID\":20},{\"TypeID\":20,\"InstanceID\":4},null,null,null,null],\"Elements\":[{\"ProfileID\":212,\"Position\":{\"x\":-205.174149,\"y\":375.885681,\"z\":27.142292},\"Rotation\":{\"y\":0.1990024,\"w\":0.979999065},\"LengthScale\":1.0}],\"Storages\":[]},{\"TypeID\":20,\"Position\":{\"x\":-204.7334,\"y\":375.885681,\"z\":28.1827927},\"Rotation\":{\"y\":0.8336802,\"w\":0.5522476},\"LinkedStructures\":[{\"TypeID\":1,\"InstanceID\":9},{\"TypeID\":1,\"InstanceID\":10},null,null,{\"TypeID\":22},null,null,null,null,null,{\"TypeID\":20,\"InstanceID\":2},null,null,null,null,null],\"Elements\":[{\"ProfileID\":212,\"Position\":{\"x\":-203.6929,\"y\":375.885681,\"z\":27.7420425},\"Rotation\":{\"y\":0.833680451,\"w\":0.5522472},\"LengthScale\":1.0}],\"Storages\":[]},{\"TypeID\":20,\"Position\":{\"x\":-205.6149,\"y\":375.885681,\"z\":26.1017933},\"Rotation\":{\"y\":0.979998946,\"w\":-0.199002847},\"LinkedStructures\":[{\"TypeID\":1,\"InstanceID\":6},{\"TypeID\":1,\"InstanceID\":11},null,null,null,null,null,null,null,{\"TypeID\":20},null,{\"TypeID\":20,\"InstanceID\":2},null,null,null,null],\"Elements\":[{\"ProfileID\":212,\"Position\":{\"x\":-206.055649,\"y\":375.885681,\"z\":25.0612946},\"Rotation\":{\"y\":0.979999065,\"w\":-0.1990024},\"LengthScale\":1.0}],\"Storages\":[]},{\"TypeID\":20,\"Position\":{\"x\":-203.5339,\"y\":375.885681,\"z\":25.2202911},\"Rotation\":{\"y\":0.979998946,\"w\":-0.199002847},\"LinkedStructures\":[{\"TypeID\":1,\"InstanceID\":7},{\"TypeID\":1,\"InstanceID\":17},null,null,null,null,null,null,null,{\"TypeID\":3,\"InstanceID\":23},{\"TypeID\":20},{\"TypeID\":20,\"InstanceID\":1},null,null,null,null],\"Elements\":[{\"ProfileID\":212,\"Position\":{\"x\":-203.974655,\"y\":375.885681,\"z\":24.1797924},\"Rotation\":{\"y\":0.979999,\"w\":-0.199002564},\"LengthScale\":1.0}],\"Storages\":[]}],[{\"TypeID\":21,\"Position\":{\"x\":-204.547028,\"y\":375.683319,\"z\":22.098547},\"Rotation\":{\"y\":0.120438129,\"w\":0.9927209},\"LinkedStructures\":[null,null,null,null,null,{\"TypeID\":3,\"InstanceID\":24},null],\"Elements\":[{\"ProfileID\":213,\"Position\":{\"x\":-204.547028,\"y\":376.0208,\"z\":22.098547},\"Rotation\":{\"x\":0.08516263,\"y\":0.7019597,\"z\":0.70195967,\"w\":-0.08516263},\"LengthScale\":1.0}],\"Storages\":[]},{\"TypeID\":21,\"Position\":{\"x\":-206.741486,\"y\":375.9692,\"z\":22.6389656},\"Rotation\":{\"y\":0.120437965,\"w\":0.9927209},\"LinkedStructures\":[null,null,null,null,null,{\"TypeID\":3,\"InstanceID\":25},null],\"Elements\":[{\"ProfileID\":213,\"Position\":{\"x\":-206.741486,\"y\":376.3067,\"z\":22.6389656},\"Rotation\":{\"x\":0.08516251,\"y\":0.7019597,\"z\":0.7019597,\"w\":-0.08516251},\"LengthScale\":1.0}],\"Storages\":[]},{\"TypeID\":21,\"Position\":{\"x\":-202.352554,\"y\":375.526337,\"z\":21.5581436},\"Rotation\":{\"y\":0.120438106,\"w\":0.992720842},\"LinkedStructures\":[null,null,null,null,null,{\"TypeID\":3,\"InstanceID\":22},null],\"Elements\":[{\"ProfileID\":213,\"Position\":{\"x\":-202.352554,\"y\":375.863831,\"z\":21.5581436},\"Rotation\":{\"x\":0.08516261,\"y\":0.70195967,\"z\":0.7019596,\"w\":-0.08516261},\"LengthScale\":1.0}],\"Storages\":[]},{\"TypeID\":21,\"Position\":{\"x\":-201.452911,\"y\":375.683716,\"z\":24.338789},\"Rotation\":{\"y\":0.833680153,\"w\":0.552247643},\"LinkedStructures\":[null,null,null,null,null,{\"TypeID\":3,\"InstanceID\":23},null],\"Elements\":[{\"ProfileID\":213,\"Position\":{\"x\":-201.452911,\"y\":376.0212,\"z\":24.338789},\"Rotation\":{\"x\":-0.5895009,\"y\":-0.390498042,\"z\":-0.390498042,\"w\":0.5895009},\"LengthScale\":1.0}],\"Storages\":[]}],[{\"TypeID\":22,\"Position\":{\"x\":-204.133652,\"y\":376.0482,\"z\":26.7015419},\"Rotation\":{\"y\":0.199002251,\"w\":0.979999},\"LinkedStructures\":[{\"TypeID\":20},{\"TypeID\":20,\"InstanceID\":3},null,null,null,null,null,null,null,null,null],\"Elements\":[{\"ProfileID\":274,\"Position\":{\"x\":-203.300568,\"y\":376.0482,\"z\":26.3486481},\"Rotation\":{\"y\":0.199002251,\"w\":0.979999},\"LengthScale\":1.00444543},{\"ProfileID\":273,\"Position\":{\"x\":-203.717117,\"y\":376.0482,\"z\":26.525095},\"Rotation\":{\"y\":0.199002251,\"w\":0.979999},\"LengthScale\":1.00444543},{\"ProfileID\":272,\"Position\":{\"x\":-204.133652,\"y\":376.0482,\"z\":26.7015419},\"Rotation\":{\"y\":0.199002251,\"w\":0.979999},\"LengthScale\":1.00444543},{\"ProfileID\":271,\"Position\":{\"x\":-204.550186,\"y\":376.0482,\"z\":26.8779888},\"Rotation\":{\"y\":0.199002251,\"w\":0.979999},\"LengthScale\":1.00444543},{\"ProfileID\":270,\"Position\":{\"x\":-204.966736,\"y\":376.0482,\"z\":27.0544357},\"Rotation\":{\"y\":0.199002251,\"w\":0.979999},\"LengthScale\":1.00444543}],\"Storages\":[]}],null,null,null,null,null,null,null,null,null,[{\"TypeID\":32,\"Position\":{\"x\":-204.329422,\"y\":376.1459,\"z\":26.80183},\"Rotation\":{\"x\":-0.06398329,\"y\":0.9738676,\"z\":-0.0142864287,\"w\":0.217448846},\"LinkedStructures\":[null],\"Elements\":[{\"ProfileID\":31,\"Position\":{\"x\":-204.329422,\"y\":376.1459,\"z\":26.80183},\"Rotation\":{\"x\":-0.06398329,\"y\":0.9738676,\"z\":-0.0142864278,\"w\":0.217448846},\"LengthScale\":1.0},{\"ProfileID\":316,\"Position\":{\"x\":-204.329422,\"y\":376.1459,\"z\":26.80183},\"Rotation\":{\"x\":-0.06398329,\"y\":0.9738676,\"z\":-0.0142864278,\"w\":0.217448846},\"LengthScale\":1.0},{\"ProfileID\":120,\"Position\":{\"x\":-203.928818,\"y\":376.219025,\"z\":26.6950951},\"Rotation\":{\"x\":-0.06398329,\"y\":0.9738676,\"z\":-0.0142864278,\"w\":0.217448846},\"LengthScale\":1.0},{\"ProfileID\":119,\"Position\":{\"x\":-203.989044,\"y\":376.2303,\"z\":27.0236855},\"Rotation\":{\"x\":-0.06398329,\"y\":0.9738676,\"z\":-0.0142864278,\"w\":0.217448846},\"LengthScale\":1.0},{\"ProfileID\":121,\"Position\":{\"x\":-204.12149,\"y\":376.1464,\"z\":26.4399014},\"Rotation\":{\"x\":-0.06398329,\"y\":0.9738676,\"z\":-0.0142864278,\"w\":0.217448846},\"LengthScale\":1.0},{\"ProfileID\":119,\"Position\":{\"x\":-204.4896,\"y\":376.102753,\"z\":26.4635754},\"Rotation\":{\"x\":-0.06398329,\"y\":0.9738676,\"z\":-0.0142864278,\"w\":0.217448846},\"LengthScale\":1.0},{\"ProfileID\":122,\"Position\":{\"x\":-204.710388,\"y\":376.11264,\"z\":26.714489},\"Rotation\":{\"x\":-0.06398329,\"y\":0.9738676,\"z\":-0.0142864278,\"w\":0.217448846},\"LengthScale\":1.0},{\"ProfileID\":124,\"Position\":{\"x\":-204.310852,\"y\":376.195221,\"z\":27.20944},\"Rotation\":{\"x\":-0.06398329,\"y\":0.9738676,\"z\":-0.0142864278,\"w\":0.217448846},\"LengthScale\":1.0},{\"ProfileID\":123,\"Position\":{\"x\":-204.655334,\"y\":376.153229,\"z\":27.06853},\"Rotation\":{\"x\":-0.06398329,\"y\":0.9738676,\"z\":-0.0142864278,\"w\":0.217448846},\"LengthScale\":1.0}],\"Storages\":[{\"Version\":\"0.0.0\",\"ItemBlocks\":[]}]}],null,null,null,null,null,null,null,null,null,null,null,null,null,null,null,null]}"}}