{"Version":"0.0.0","Data":{"ScrewStructureInstances":"{\"_structures\":[{\"Pos\":{\"x\":-205.2291,\"y\":376.252258,\"z\":52.4127045},\"Rot\":{\"y\":0.6869613,\"w\":0.7266941},\"Storages\":[{\"Version\":\"0.0.0\",\"ItemBlocks\":[{\"ItemId\":479,\"TotalCount\":5,\"UniqueItems\":[]}]}],\"Modules\":[]},{\"Id\":22,\"Pos\":{\"x\":-203.990433,\"y\":376.414978,\"z\":18.4687366},\"Rot\":{\"y\":0.990974665,\"w\":-0.134049475},\"Storages\":[],\"Modules\":[]},{\"Id\":35,\"Pos\":{\"x\":-213.228882,\"y\":373.75943,\"z\":26.39619},\"Rot\":{\"x\":-0.0565465875,\"y\":-0.257598042,\"z\":-0.0151027711,\"w\":-0.964477956},\"Storages\":[{\"Version\":\"0.0.0\",\"ItemBlocks\":[]}],\"Modules\":[]},{\"Id\":37,\"Pos\":{\"x\":-202.285263,\"y\":375.195038,\"z\":17.7556572},\"Rot\":{\"x\":0.06555904,\"y\":0.6065268,\"z\":0.008747202,\"w\":-0.792307258},\"Storages\":[{\"Version\":\"0.0.0\",\"ItemBlocks\":[{\"ItemId\":78,\"TotalCount\":4,\"UniqueItems\":[]}]}],\"Modules\":[]},{\"Id\":52,\"Pos\":{\"x\":-202.139542,\"y\":376.093262,\"z\":26.0361481},\"Rot\":{\"x\":-0.019913381,\"y\":0.0894319,\"z\":-0.040417552,\"w\":0.9949733},\"Storages\":[],\"Modules\":[]}]}"}}