{"Version":"0.0.0","Data":{"StructureDestruction":"{\"Version\":\"0.0.0\",\"Data\":[{\"TypeID\":9,\"InstanceID\":15,\"Info\":{\"Health\":375.0,\"MaxHealth\":1200.0,\"ElementCount\":2,\"MaxElements\":5,\"BreakCount\":3.75}},{\"TypeID\":9,\"InstanceID\":16,\"Info\":{\"Health\":225.0,\"MaxHealth\":1200.0,\"ElementCount\":1,\"MaxElements\":5,\"BreakCount\":3.75}},{\"TypeID\":9,\"InstanceID\":12,\"Info\":{\"Health\":1170.0,\"MaxHealth\":1200.0,\"ElementCount\":5,\"MaxElements\":5,\"BreakCount\":3.75,\"CanBreakTopElement\":true}},{\"TypeID\":2,\"InstanceID\":93,\"Info\":{\"Health\":186.0,\"MaxHealth\":216.0,\"ElementCount\":1,\"MaxElements\":1,\"BreakCount\":0.75,\"CanBreakTopElement\":true}},{\"TypeID\":21,\"InstanceID\":1,\"Info\":{\"Health\":1554.0,\"MaxHealth\":1584.0,\"ElementCount\":2,\"MaxElements\":2,\"BreakCount\":1.5,\"CanBreakTopElement\":true}},{\"TypeID\":21,\"InstanceID\":2,\"Info\":{\"Health\":2148.0,\"MaxHealth\":2208.0,\"ElementCount\":2,\"MaxElements\":2,\"BreakCount\":1.5,\"CanBreakTopElement\":true}}]}"}}