{"Version":"0.0.0","Data":{"Fires":"{\"Version\":\"0.0.0\",\"FiresPerStructureType\":{\"32\":[{\"PutOutChance\":-1,\"Fuel\":0.0001,\"FuelDrainRate\":1.0},{\"PutOutChance\":1,\"Fuel\":120.0,\"FuelDrainRate\":1.0},{\"IsLit\":true,\"PutOutChance\":1,\"Fuel\":69.76911,\"FuelDrainRate\":0.0999999642},{\"PutOutChance\":1,\"Fuel\":120.0,\"FuelDrainRate\":0.25},{\"PutOutChance\":1,\"Fuel\":120.0,\"FuelDrainRate\":0.892857134},{\"Fuel\":0.0001,\"FuelDrainRate\":1.0},{\"PutOutChance\":1,\"Fuel\":0.008748509,\"FuelDrainRate\":1.0},{\"IsLit\":true,\"PutOutChance\":2,\"Fuel\":972.43634,\"FuelDrainRate\":0.0999999642}]}}"}}