{"Version":"0.0.0","Data":{"Constructions":"{\"Version\":\"0.0.16\",\"Structures\":[[],[{\"TypeID\":1,\"Position\":{\"x\":-199.689911,\"y\":375.885681,\"z\":28.5007839},\"Rotation\":{\"y\":0.8336802,\"w\":0.5522475},\"LinkedStructures\":[{\"TypeID\":20,\"InstanceID\":8},null,null,{\"TypeID\":20,\"InstanceID\":4},null,null,null],\"Elements\":[{\"ProfileID\":226,\"Position\":{\"x\":-199.689911,\"y\":375.885681,\"z\":28.5007839},\"Rotation\":{\"x\":-0.5895009,\"y\":-0.390497953,\"z\":-0.390497953,\"w\":0.589500964},\"LengthScale\":1.0}],\"Storages\":[]},{\"TypeID\":1,\"Position\":{\"x\":-203.8519,\"y\":375.885681,\"z\":30.26379},\"Rotation\":{\"y\":0.199002862,\"w\":0.9799989},\"LinkedStructures\":[{\"TypeID\":20,\"InstanceID\":6},null,{\"TypeID\":20,\"InstanceID\":16},null,null,null,null],\"Elements\":[{\"ProfileID\":226,\"Position\":{\"x\":-203.8519,\"y\":375.885681,\"z\":30.26379},\"Rotation\":{\"x\":0.14071627,\"y\":0.692963839,\"z\":0.6929639,\"w\":-0.14071627},\"LengthScale\":1.0}],\"Storages\":[]},{\"TypeID\":1,\"Position\":{\"x\":-200.571411,\"y\":375.885681,\"z\":26.4197865},\"Rotation\":{\"y\":0.9799989,\"w\":-0.199002981},\"LinkedStructures\":[{\"TypeID\":20,\"InstanceID\":4},{\"TypeID\":20,\"InstanceID\":11},null,{\"TypeID\":20,\"InstanceID\":9},null,null,null],\"Elements\":[{\"ProfileID\":226,\"Position\":{\"x\":-200.571411,\"y\":375.885681,\"z\":26.4197865},\"Rotation\":{\"x\":-0.6929639,\"y\":0.140716359,\"z\":0.140716359,\"w\":0.692963839},\"LengthScale\":1.0}],\"Storages\":[]},{\"TypeID\":1,\"Position\":{\"x\":-203.8519,\"y\":375.885681,\"z\":30.2637882},\"Rotation\":{\"y\":-0.5522476,\"w\":0.833680153},\"LinkedStructures\":[{\"TypeID\":20,\"InstanceID\":5},{\"TypeID\":20,\"InstanceID\":17},null,null,null,null,null],\"Elements\":[{\"ProfileID\":226,\"Position\":{\"x\":-203.8519,\"y\":375.885681,\"z\":30.2637882},\"Rotation\":{\"x\":-0.390498,\"y\":0.589500964,\"z\":0.5895009,\"w\":0.390497953},\"LengthScale\":1.0}],\"Storages\":[]},{\"TypeID\":1,\"Position\":{\"x\":-206.4964,\"y\":375.885681,\"z\":24.0207939},\"Rotation\":{\"y\":0.979998946,\"w\":-0.199002817},\"LinkedStructures\":[{\"TypeID\":3,\"InstanceID\":1},{\"TypeID\":3,\"InstanceID\":37},{\"TypeID\":3},null,null,null,null],\"Elements\":[{\"ProfileID\":66,\"Position\":{\"x\":-206.4964,\"y\":375.885681,\"z\":24.0207939},\"Rotation\":{\"x\":-0.692963958,\"y\":0.14071624,\"z\":0.14071624,\"w\":0.692963958},\"LengthScale\":1.0}],\"Storages\":[]},{\"TypeID\":1,\"Position\":{\"x\":-201.7709,\"y\":375.885681,\"z\":29.3822861},\"Rotation\":{\"y\":0.199002862,\"w\":0.9799989},\"LinkedStructures\":[{\"TypeID\":20,\"InstanceID\":7},null,{\"TypeID\":20,\"InstanceID\":5},{\"TypeID\":20,\"InstanceID\":8},null,null,null],\"Elements\":[{\"ProfileID\":226,\"Position\":{\"x\":-201.7709,\"y\":375.885681,\"z\":29.3822861},\"Rotation\":{\"x\":0.14071627,\"y\":0.692963839,\"z\":0.6929639,\"w\":-0.14071627},\"LengthScale\":1.0}],\"Storages\":[]},{\"TypeID\":1,\"Position\":{\"x\":-205.6149,\"y\":375.885681,\"z\":26.1017933},\"Rotation\":{\"y\":0.833680153,\"w\":0.552247643},\"LinkedStructures\":[{\"TypeID\":20,\"InstanceID\":12},{\"TypeID\":20},{\"TypeID\":20,\"InstanceID\":2},{\"TypeID\":3,\"InstanceID\":1},null,null,null],\"Elements\":[{\"ProfileID\":226,\"Position\":{\"x\":-205.6149,\"y\":375.885681,\"z\":26.1017933},\"Rotation\":{\"x\":-0.5895009,\"y\":-0.390498042,\"z\":-0.390498042,\"w\":0.5895009},\"LengthScale\":1.0}],\"Storages\":[]},{\"TypeID\":1,\"Position\":{\"x\":-203.5339,\"y\":375.885681,\"z\":25.2202911},\"Rotation\":{\"y\":0.833680153,\"w\":0.552247643},\"LinkedStructures\":[{\"TypeID\":20},{\"TypeID\":20,\"InstanceID\":10},{\"TypeID\":20,\"InstanceID\":1},{\"TypeID\":3,\"InstanceID\":2},null,null,null],\"Elements\":[{\"ProfileID\":226,\"Position\":{\"x\":-203.5339,\"y\":375.885681,\"z\":25.2202911},\"Rotation\":{\"x\":-0.5895009,\"y\":-0.390498042,\"z\":-0.390498042,\"w\":0.5895009},\"LengthScale\":1.0}],\"Storages\":[]},{\"TypeID\":1,\"Position\":{\"x\":-202.6524,\"y\":375.885681,\"z\":27.3012886},\"Rotation\":{\"y\":0.199002862,\"w\":0.9799989},\"LinkedStructures\":[{\"TypeID\":20,\"InstanceID\":1},{\"TypeID\":20,\"InstanceID\":7},null,{\"TypeID\":20,\"InstanceID\":9},null,null,null],\"Elements\":[{\"ProfileID\":226,\"Position\":{\"x\":-202.6524,\"y\":375.885681,\"z\":27.3012886},\"Rotation\":{\"x\":0.14071627,\"y\":0.692963839,\"z\":0.6929639,\"w\":-0.14071627},\"LengthScale\":1.0}],\"Storages\":[]},{\"TypeID\":1,\"Position\":{\"x\":-204.7334,\"y\":375.885681,\"z\":28.1827927},\"Rotation\":{\"y\":0.199002862,\"w\":0.9799989},\"LinkedStructures\":[{\"TypeID\":20,\"InstanceID\":2},{\"TypeID\":20,\"InstanceID\":6},{\"TypeID\":20,\"InstanceID\":14},{\"TypeID\":20,\"InstanceID\":3},null,null,null],\"Elements\":[{\"ProfileID\":226,\"Position\":{\"x\":-204.7334,\"y\":375.885681,\"z\":28.1827927},\"Rotation\":{\"x\":0.14071627,\"y\":0.692963839,\"z\":0.6929639,\"w\":-0.14071627},\"LengthScale\":1.0}],\"Storages\":[]},{\"TypeID\":1,\"Position\":{\"x\":-202.6524,\"y\":375.885681,\"z\":27.30129},\"Rotation\":{\"y\":0.8336802,\"w\":0.5522475},\"LinkedStructures\":[{\"TypeID\":20,\"InstanceID\":3},null,null,null,null,null,null],\"Elements\":[{\"ProfileID\":226,\"Position\":{\"x\":-202.6524,\"y\":375.885681,\"z\":27.30129},\"Rotation\":{\"x\":-0.5895009,\"y\":-0.390497953,\"z\":-0.390497953,\"w\":0.589500964},\"LengthScale\":1.0}],\"Storages\":[]},{\"TypeID\":1,\"Position\":{\"x\":-204.4154,\"y\":375.885681,\"z\":23.1392937},\"Rotation\":{\"y\":0.979998946,\"w\":-0.199002817},\"LinkedStructures\":[{\"TypeID\":3,\"InstanceID\":2},null,{\"TypeID\":3,\"InstanceID\":4},{\"TypeID\":3},null,null,null],\"Elements\":[{\"ProfileID\":66,\"Position\":{\"x\":-204.4154,\"y\":375.885681,\"z\":23.1392937},\"Rotation\":{\"x\":-0.692963958,\"y\":0.14071624,\"z\":0.14071624,\"w\":0.692963958},\"LengthScale\":1.0}],\"Storages\":[]},{\"TypeID\":1,\"Position\":{\"x\":-205.2969,\"y\":375.885681,\"z\":21.0582943},\"Rotation\":{\"y\":0.979998946,\"w\":-0.199002758},\"LinkedStructures\":[null,null,{\"TypeID\":3,\"InstanceID\":7},null,null,null,null],\"Elements\":[{\"ProfileID\":66,\"Position\":{\"x\":-205.2969,\"y\":375.885681,\"z\":21.0582943},\"Rotation\":{\"x\":-0.692963958,\"y\":0.1407162,\"z\":0.1407162,\"w\":0.692963958},\"LengthScale\":1.0}],\"Storages\":[]},{\"TypeID\":1,\"Position\":{\"x\":-207.3779,\"y\":375.885681,\"z\":21.9397964},\"Rotation\":{\"y\":-0.552247763,\"w\":0.8336801},\"LinkedStructures\":[null,null,{\"TypeID\":3,\"InstanceID\":12},{\"TypeID\":3,\"InstanceID\":37},null,null,null],\"Elements\":[{\"ProfileID\":66,\"Position\":{\"x\":-207.3779,\"y\":375.885681,\"z\":21.9397964},\"Rotation\":{\"x\":-0.3904982,\"y\":0.589500844,\"z\":0.5895009,\"w\":0.390498221},\"LengthScale\":1.0}],\"Storages\":[]},{\"TypeID\":1,\"Position\":{\"x\":-202.334412,\"y\":375.885681,\"z\":22.2577915},\"Rotation\":{\"y\":0.833680153,\"w\":0.552247643},\"LinkedStructures\":[{\"TypeID\":3,\"InstanceID\":4},{\"TypeID\":3,\"InstanceID\":9},{\"TypeID\":3,\"InstanceID\":32},null,null,null,null],\"Elements\":[{\"ProfileID\":66,\"Position\":{\"x\":-202.334412,\"y\":375.885681,\"z\":22.2577915},\"Rotation\":{\"x\":-0.5895009,\"y\":-0.390498042,\"z\":-0.390498042,\"w\":0.5895009},\"LengthScale\":1.0}],\"Storages\":[]},{\"TypeID\":1,\"Position\":{\"x\":-203.215912,\"y\":375.885681,\"z\":20.1767921},\"Rotation\":{\"y\":0.979998946,\"w\":-0.199002817},\"LinkedStructures\":[null,null,null,{\"TypeID\":3,\"InstanceID\":7},null,null,null],\"Elements\":[{\"ProfileID\":66,\"Position\":{\"x\":-203.215912,\"y\":375.885681,\"z\":20.1767921},\"Rotation\":{\"x\":-0.692963958,\"y\":0.14071624,\"z\":0.14071624,\"w\":0.692963958},\"LengthScale\":1.0}],\"Storages\":[]},{\"TypeID\":1,\"Position\":{\"x\":-200.253418,\"y\":375.885681,\"z\":21.37629},\"Rotation\":{\"y\":0.833680153,\"w\":0.552247643},\"LinkedStructures\":[{\"TypeID\":3,\"InstanceID\":9},null,null,{\"TypeID\":3,\"InstanceID\":8},null,null,null],\"Elements\":[{\"ProfileID\":66,\"Position\":{\"x\":-200.253418,\"y\":375.885681,\"z\":21.37629},\"Rotation\":{\"x\":-0.5895009,\"y\":-0.390498042,\"z\":-0.390498042,\"w\":0.5895009},\"LengthScale\":1.0}],\"Storages\":[]},{\"TypeID\":1,\"Position\":{\"x\":-201.134918,\"y\":375.885681,\"z\":19.29529},\"Rotation\":{\"y\":0.833680153,\"w\":0.552247643},\"LinkedStructures\":[null,null,{\"TypeID\":3,\"InstanceID\":8},{\"TypeID\":3,\"InstanceID\":15},null,null,null],\"Elements\":[{\"ProfileID\":66,\"Position\":{\"x\":-201.134918,\"y\":375.885681,\"z\":19.29529},\"Rotation\":{\"x\":-0.5895009,\"y\":-0.390498042,\"z\":-0.390498042,\"w\":0.5895009},\"LengthScale\":1.0}],\"Storages\":[]},{\"TypeID\":1,\"Position\":{\"x\":-206.1784,\"y\":375.885681,\"z\":18.9772949},\"Rotation\":{\"y\":0.979998946,\"w\":-0.199002728},\"LinkedStructures\":[null,{\"TypeID\":3,\"InstanceID\":16},null,null,null,null,null],\"Elements\":[{\"ProfileID\":66,\"Position\":{\"x\":-206.1784,\"y\":375.885681,\"z\":18.9772949},\"Rotation\":{\"x\":-0.692963958,\"y\":0.1407162,\"z\":0.1407162,\"w\":0.692963958},\"LengthScale\":1.0}],\"Storages\":[]},{\"TypeID\":1,\"Position\":{\"x\":-204.097412,\"y\":375.885681,\"z\":18.0957928},\"Rotation\":{\"y\":0.979998946,\"w\":-0.199002758},\"LinkedStructures\":[null,{\"TypeID\":3,\"InstanceID\":11},{\"TypeID\":3,\"InstanceID\":14},null,null,null,null],\"Elements\":[{\"ProfileID\":66,\"Position\":{\"x\":-204.097412,\"y\":375.885681,\"z\":18.0957928},\"Rotation\":{\"x\":-0.692963958,\"y\":0.1407162,\"z\":0.1407162,\"w\":0.692963958},\"LengthScale\":1.0}],\"Storages\":[]},{\"TypeID\":1,\"Position\":{\"x\":-202.016418,\"y\":375.885681,\"z\":17.21429},\"Rotation\":{\"y\":0.8336801,\"w\":0.552247763},\"LinkedStructures\":[{\"TypeID\":3,\"InstanceID\":14},null,{\"TypeID\":3,\"InstanceID\":15},null,null,null,null],\"Elements\":[{\"ProfileID\":66,\"Position\":{\"x\":-202.016418,\"y\":375.885681,\"z\":17.21429},\"Rotation\":{\"x\":-0.5895009,\"y\":-0.390498132,\"z\":-0.390498132,\"w\":0.5895009},\"LengthScale\":1.0}],\"Storages\":[]},{\"TypeID\":1,\"Position\":{\"x\":-208.2594,\"y\":375.885681,\"z\":19.8587971},\"Rotation\":{\"y\":-0.552247763,\"w\":0.833680034},\"LinkedStructures\":[null,null,{\"TypeID\":3,\"InstanceID\":6},{\"TypeID\":3,\"InstanceID\":12},null,null,null],\"Elements\":[{\"ProfileID\":66,\"Position\":{\"x\":-208.2594,\"y\":375.885681,\"z\":19.8587971},\"Rotation\":{\"x\":-0.390498161,\"y\":0.5895008,\"z\":0.589500844,\"w\":0.390498161},\"LengthScale\":1.0}],\"Storages\":[]},{\"TypeID\":1,\"Position\":{\"x\":-201.452911,\"y\":375.885681,\"z\":24.338789},\"Rotation\":{\"y\":0.833680153,\"w\":0.552247643},\"LinkedStructures\":[{\"TypeID\":20,\"InstanceID\":10},null,null,{\"TypeID\":3,\"InstanceID\":32},null,null,null],\"Elements\":[{\"ProfileID\":226,\"Position\":{\"x\":-201.452911,\"y\":375.885681,\"z\":24.338789},\"Rotation\":{\"x\":-0.5895009,\"y\":-0.390498042,\"z\":-0.390498042,\"w\":0.5895009},\"LengthScale\":1.0}],\"Storages\":[]},{\"TypeID\":1,\"Position\":{\"x\":-201.452911,\"y\":375.885681,\"z\":24.338789},\"Rotation\":{\"y\":0.9799989,\"w\":-0.199002981},\"LinkedStructures\":[{\"TypeID\":20,\"InstanceID\":11},null,null,null,null,null,null],\"Elements\":[{\"ProfileID\":226,\"Position\":{\"x\":-201.452911,\"y\":375.885681,\"z\":24.338789},\"Rotation\":{\"x\":-0.6929639,\"y\":0.140716359,\"z\":0.140716359,\"w\":0.692963839},\"LengthScale\":1.0}],\"Storages\":[]},{\"TypeID\":1,\"Position\":{\"x\":-207.695892,\"y\":375.885681,\"z\":26.9832954},\"Rotation\":{\"y\":-0.552247643,\"w\":0.833680153},\"LinkedStructures\":[{\"TypeID\":20,\"InstanceID\":12},null,{\"TypeID\":3,\"InstanceID\":33},{\"TypeID\":20,\"InstanceID\":13},null,null,null],\"Elements\":[{\"ProfileID\":226,\"Position\":{\"x\":-207.695892,\"y\":375.885681,\"z\":26.9832954},\"Rotation\":{\"x\":-0.390498042,\"y\":0.5895009,\"z\":0.5895009,\"w\":0.390498042},\"LengthScale\":1.0}],\"Storages\":[]},{\"TypeID\":1,\"Position\":{\"x\":-206.814392,\"y\":375.885681,\"z\":29.0642929},\"Rotation\":{\"y\":0.199002847,\"w\":0.979998946},\"LinkedStructures\":[{\"TypeID\":20,\"InstanceID\":13},{\"TypeID\":20,\"InstanceID\":15},null,{\"TypeID\":20,\"InstanceID\":14},null,null,null],\"Elements\":[{\"ProfileID\":226,\"Position\":{\"x\":-206.814392,\"y\":375.885681,\"z\":29.0642929},\"Rotation\":{\"x\":0.140716285,\"y\":0.6929639,\"z\":0.692963958,\"w\":-0.14071627},\"LengthScale\":1.0}],\"Storages\":[]},{\"TypeID\":1,\"Position\":{\"x\":-205.932892,\"y\":375.885681,\"z\":31.14529},\"Rotation\":{\"y\":0.199002862,\"w\":0.9799989},\"LinkedStructures\":[{\"TypeID\":20,\"InstanceID\":15},null,null,{\"TypeID\":20,\"InstanceID\":16},null,null,null],\"Elements\":[{\"ProfileID\":226,\"Position\":{\"x\":-205.932892,\"y\":375.885681,\"z\":31.14529},\"Rotation\":{\"x\":0.14071627,\"y\":0.692963839,\"z\":0.6929639,\"w\":-0.14071627},\"LengthScale\":1.0}],\"Storages\":[]},{\"TypeID\":1,\"Position\":{\"x\":-207.0599,\"y\":375.885681,\"z\":16.8962955},\"Rotation\":{\"y\":0.979998946,\"w\":-0.199002728},\"LinkedStructures\":[{\"TypeID\":3,\"InstanceID\":16},null,{\"TypeID\":3,\"InstanceID\":18},{\"TypeID\":3,\"InstanceID\":17},null,null,null],\"Elements\":[{\"ProfileID\":66,\"Position\":{\"x\":-207.0599,\"y\":375.885681,\"z\":16.8962955},\"Rotation\":{\"x\":-0.692963958,\"y\":0.1407162,\"z\":0.1407162,\"w\":0.692963958},\"LengthScale\":1.0}],\"Storages\":[]},{\"TypeID\":1,\"Position\":{\"x\":-209.1409,\"y\":375.885681,\"z\":17.7777977},\"Rotation\":{\"y\":-0.552247763,\"w\":0.833680034},\"LinkedStructures\":[{\"TypeID\":3,\"InstanceID\":17},null,null,{\"TypeID\":3,\"InstanceID\":6},null,null,null],\"Elements\":[{\"ProfileID\":66,\"Position\":{\"x\":-209.1409,\"y\":375.885681,\"z\":17.7777977},\"Rotation\":{\"x\":-0.390498161,\"y\":0.5895008,\"z\":0.589500844,\"w\":0.390498161},\"LengthScale\":1.0}],\"Storages\":[]},{\"TypeID\":1,\"Position\":{\"x\":-204.978912,\"y\":375.885681,\"z\":16.0147934},\"Rotation\":{\"y\":0.8336801,\"w\":0.552247763},\"LinkedStructures\":[{\"TypeID\":3,\"InstanceID\":18},null,{\"TypeID\":3,\"InstanceID\":11},null,null,null,null],\"Elements\":[{\"ProfileID\":66,\"Position\":{\"x\":-204.978912,\"y\":375.885681,\"z\":16.0147934},\"Rotation\":{\"x\":-0.5895009,\"y\":-0.390498132,\"z\":-0.390498132,\"w\":0.5895009},\"LengthScale\":1.0}],\"Storages\":[]},{\"TypeID\":1,\"Position\":{\"x\":-208.5774,\"y\":375.885681,\"z\":24.902298},\"Rotation\":{\"y\":0.979998946,\"w\":-0.199002787},\"LinkedStructures\":[{\"TypeID\":3,\"InstanceID\":33},{\"TypeID\":3,\"InstanceID\":35},null,null,null,null,null],\"Elements\":[{\"ProfileID\":66,\"Position\":{\"x\":-208.5774,\"y\":375.885681,\"z\":24.902298},\"Rotation\":{\"x\":-0.692963958,\"y\":0.1407162,\"z\":0.1407162,\"w\":0.692963958},\"LengthScale\":1.0}],\"Storages\":[]},{\"TypeID\":1,\"Position\":{\"x\":-209.4589,\"y\":375.885681,\"z\":22.8212986},\"Rotation\":{\"y\":0.979998946,\"w\":-0.199002728},\"LinkedStructures\":[{\"TypeID\":3,\"InstanceID\":35},{\"TypeID\":3,\"InstanceID\":34},null,null,null,null,null],\"Elements\":[{\"ProfileID\":66,\"Position\":{\"x\":-209.4589,\"y\":375.885681,\"z\":22.8212986},\"Rotation\":{\"x\":-0.692963958,\"y\":0.1407162,\"z\":0.1407162,\"w\":0.692963958},\"LengthScale\":1.0}],\"Storages\":[]},{\"TypeID\":1,\"Position\":{\"x\":-210.3404,\"y\":375.885681,\"z\":20.7403},\"Rotation\":{\"y\":0.979998946,\"w\":-0.199002728},\"LinkedStructures\":[{\"TypeID\":3,\"InstanceID\":34},null,null,null,null,null,null],\"Elements\":[{\"ProfileID\":66,\"Position\":{\"x\":-210.3404,\"y\":375.885681,\"z\":20.7403},\"Rotation\":{\"x\":-0.692963958,\"y\":0.1407162,\"z\":0.1407162,\"w\":0.692963958},\"LengthScale\":1.0}],\"Storages\":[]}],[{\"TypeID\":2,\"Position\":{\"x\":-205.908035,\"y\":374.215637,\"z\":52.37451},\"Rotation\":{\"x\":-2.780298E-08,\"y\":-0.456747442,\"z\":-1.42749439E-08,\"w\":0.8895964},\"LinkedStructures\":[null,null,null,null,null,null,null],\"Elements\":[{\"ProfileID\":2,\"Position\":{\"x\":-205.908035,\"y\":375.565643,\"z\":52.37451},\"Rotation\":{\"x\":-0.322969228,\"y\":0.6290397,\"z\":0.6290397,\"w\":0.322969228},\"LengthScale\":1.0}],\"Storages\":[]},{\"TypeID\":2,\"Position\":{\"x\":-204.4154,\"y\":375.885681,\"z\":23.1392937},\"Rotation\":{\"y\":0.979998946,\"w\":-0.199002758},\"LinkedStructures\":[null,{\"TypeID\":3,\"InstanceID\":29},{\"TypeID\":3,\"InstanceID\":31},{\"TypeID\":3,\"InstanceID\":5},null,{\"TypeID\":3,\"InstanceID\":2},null],\"Elements\":[{\"ProfileID\":42,\"Position\":{\"x\":-204.4154,\"y\":376.223175,\"z\":23.1392937},\"Rotation\":{\"x\":-0.692963958,\"y\":0.1407162,\"z\":0.1407162,\"w\":0.692963958},\"LengthScale\":1.0}],\"Storages\":[]},{\"TypeID\":2,\"Position\":{\"x\":-205.2969,\"y\":375.885681,\"z\":21.0582943},\"Rotation\":{\"y\":-0.552247763,\"w\":0.8336801},\"LinkedStructures\":[null,null,{\"TypeID\":3,\"InstanceID\":30},{\"TypeID\":3,\"InstanceID\":29},null,{\"TypeID\":3,\"InstanceID\":7},null],\"Elements\":[{\"ProfileID\":42,\"Position\":{\"x\":-205.2969,\"y\":376.223175,\"z\":21.0582943},\"Rotation\":{\"x\":-0.3904982,\"y\":0.589500844,\"z\":0.5895009,\"w\":0.390498221},\"LengthScale\":1.0}],\"Storages\":[]},{\"TypeID\":2,\"Position\":{\"x\":-206.4964,\"y\":375.885681,\"z\":24.0207939},\"Rotation\":{\"y\":0.979998946,\"w\":-0.199002758},\"LinkedStructures\":[null,null,{\"TypeID\":3,\"InstanceID\":5},null,null,{\"TypeID\":3,\"InstanceID\":1},null],\"Elements\":[{\"ProfileID\":42,\"Position\":{\"x\":-206.4964,\"y\":376.223175,\"z\":24.0207939},\"Rotation\":{\"x\":-0.692963958,\"y\":0.1407162,\"z\":0.1407162,\"w\":0.692963958},\"LengthScale\":1.0}],\"Storages\":[]},{\"TypeID\":2,\"Position\":{\"x\":-207.3779,\"y\":375.885681,\"z\":21.9397945},\"Rotation\":{\"y\":0.979998946,\"w\":-0.199002758},\"LinkedStructures\":[null,{\"TypeID\":3,\"InstanceID\":22},null,{\"TypeID\":3,\"InstanceID\":40},null,{\"TypeID\":3,\"InstanceID\":12},null],\"Elements\":[{\"ProfileID\":42,\"Position\":{\"x\":-207.3779,\"y\":376.223175,\"z\":21.9397945},\"Rotation\":{\"x\":-0.692963958,\"y\":0.1407162,\"z\":0.1407162,\"w\":0.692963958},\"LengthScale\":1.0}],\"Storages\":[]},{\"TypeID\":2,\"Position\":{\"x\":-202.334412,\"y\":375.885681,\"z\":22.25779},\"Rotation\":{\"y\":0.833680153,\"w\":0.552247643},\"LinkedStructures\":[{\"TypeID\":3,\"InstanceID\":31},{\"TypeID\":3,\"InstanceID\":10},null,{\"TypeID\":3,\"InstanceID\":20},null,{\"TypeID\":3,\"InstanceID\":9},null],\"Elements\":[{\"ProfileID\":42,\"Position\":{\"x\":-202.334412,\"y\":376.223175,\"z\":22.25779},\"Rotation\":{\"x\":-0.5895009,\"y\":-0.390498042,\"z\":-0.390498042,\"w\":0.5895009},\"LengthScale\":1.0}],\"Storages\":[]},{\"TypeID\":2,\"Position\":{\"x\":-203.215912,\"y\":375.885681,\"z\":20.1767921},\"Rotation\":{\"y\":-0.552247763,\"w\":0.8336801},\"LinkedStructures\":[null,null,{\"TypeID\":3,\"InstanceID\":27},{\"TypeID\":3,\"InstanceID\":20},null,{\"TypeID\":3,\"InstanceID\":7},null],\"Elements\":[{\"ProfileID\":42,\"Position\":{\"x\":-203.215912,\"y\":376.223175,\"z\":20.1767921},\"Rotation\":{\"x\":-0.3904982,\"y\":0.589500844,\"z\":0.5895009,\"w\":0.390498221},\"LengthScale\":1.0}],\"Storages\":[]},{\"TypeID\":2,\"Position\":{\"x\":-201.134918,\"y\":375.885681,\"z\":19.2952881},\"Rotation\":{\"y\":0.833680153,\"w\":0.552247643},\"LinkedStructures\":[null,null,{\"TypeID\":3,\"InstanceID\":3},{\"TypeID\":3,\"InstanceID\":13},null,{\"TypeID\":3,\"InstanceID\":8},null],\"Elements\":[{\"ProfileID\":42,\"Position\":{\"x\":-201.134918,\"y\":376.223175,\"z\":19.2952881},\"Rotation\":{\"x\":-0.5895009,\"y\":-0.390498042,\"z\":-0.390498042,\"w\":0.5895009},\"LengthScale\":1.0}],\"Storages\":[]},{\"TypeID\":2,\"Position\":{\"x\":-202.016418,\"y\":375.885681,\"z\":17.21429},\"Rotation\":{\"y\":0.199002758,\"w\":0.979998946},\"LinkedStructures\":[null,{\"TypeID\":3,\"InstanceID\":13},{\"TypeID\":3,\"InstanceID\":19},null,null,{\"TypeID\":3,\"InstanceID\":15},null],\"Elements\":[{\"ProfileID\":42,\"Position\":{\"x\":-202.016418,\"y\":376.223175,\"z\":17.21429},\"Rotation\":{\"x\":0.14071621,\"y\":0.692963958,\"z\":0.692963958,\"w\":-0.14071621},\"LengthScale\":1.0}],\"Storages\":[]},{\"TypeID\":2,\"Position\":{\"x\":-204.097412,\"y\":375.885681,\"z\":18.0957928},\"Rotation\":{\"y\":0.8336801,\"w\":0.552247763},\"LinkedStructures\":[null,{\"TypeID\":3,\"InstanceID\":19},{\"TypeID\":3,\"InstanceID\":27},{\"TypeID\":3,\"InstanceID\":24},null,{\"TypeID\":3,\"InstanceID\":14},null],\"Elements\":[{\"ProfileID\":42,\"Position\":{\"x\":-204.097412,\"y\":376.223175,\"z\":18.0957928},\"Rotation\":{\"x\":-0.5895009,\"y\":-0.390498132,\"z\":-0.390498132,\"w\":0.5895009},\"LengthScale\":1.0}],\"Storages\":[]},{\"TypeID\":2,\"Position\":{\"x\":-206.1784,\"y\":375.885681,\"z\":18.9772949},\"Rotation\":{\"y\":0.8336801,\"w\":0.552247763},\"LinkedStructures\":[null,null,{\"TypeID\":3,\"InstanceID\":30},{\"TypeID\":3,\"InstanceID\":28},null,{\"TypeID\":3,\"InstanceID\":16},null],\"Elements\":[{\"ProfileID\":42,\"Position\":{\"x\":-206.1784,\"y\":376.223175,\"z\":18.9772949},\"Rotation\":{\"x\":-0.5895009,\"y\":-0.390498132,\"z\":-0.390498132,\"w\":0.5895009},\"LengthScale\":1.0}],\"Storages\":[]},{\"TypeID\":2,\"Position\":{\"x\":-200.253418,\"y\":375.885681,\"z\":21.3762875},\"Rotation\":{\"y\":0.833680153,\"w\":0.552247643},\"LinkedStructures\":[{\"TypeID\":3,\"InstanceID\":10},null,null,{\"TypeID\":3,\"InstanceID\":3},null,{\"TypeID\":3,\"InstanceID\":9},null],\"Elements\":[{\"ProfileID\":42,\"Position\":{\"x\":-200.253418,\"y\":376.223175,\"z\":21.3762875},\"Rotation\":{\"x\":-0.5895009,\"y\":-0.390498042,\"z\":-0.390498042,\"w\":0.5895009},\"LengthScale\":1.0}],\"Storages\":[]},{\"TypeID\":2,\"Position\":{\"x\":-208.2594,\"y\":375.885681,\"z\":19.858799},\"Rotation\":{\"y\":-0.552247763,\"w\":0.833680034},\"LinkedStructures\":[null,{\"TypeID\":3,\"InstanceID\":39},{\"TypeID\":3,\"InstanceID\":23},{\"TypeID\":3,\"InstanceID\":22},null,{\"TypeID\":3,\"InstanceID\":6},null],\"Elements\":[{\"ProfileID\":42,\"Position\":{\"x\":-208.2594,\"y\":376.223175,\"z\":19.858799},\"Rotation\":{\"x\":-0.390498161,\"y\":0.5895008,\"z\":0.589500844,\"w\":0.390498161},\"LengthScale\":1.0}],\"Storages\":[]},{\"TypeID\":2,\"Position\":{\"x\":-209.1409,\"y\":375.885681,\"z\":17.7778},\"Rotation\":{\"y\":-0.552247763,\"w\":0.833680034},\"LinkedStructures\":[{\"TypeID\":3,\"InstanceID\":26},null,null,{\"TypeID\":3,\"InstanceID\":23},null,{\"TypeID\":3,\"InstanceID\":17},null],\"Elements\":[{\"ProfileID\":42,\"Position\":{\"x\":-209.1409,\"y\":376.223175,\"z\":17.7778},\"Rotation\":{\"x\":-0.390498161,\"y\":0.5895008,\"z\":0.589500844,\"w\":0.390498161},\"LengthScale\":1.0}],\"Storages\":[]},{\"TypeID\":2,\"Position\":{\"x\":-207.0599,\"y\":375.885681,\"z\":16.8962955},\"Rotation\":{\"y\":-0.552247763,\"w\":0.833680034},\"LinkedStructures\":[{\"TypeID\":3,\"InstanceID\":25},{\"TypeID\":3,\"InstanceID\":26},null,{\"TypeID\":3,\"InstanceID\":28},null,{\"TypeID\":3,\"InstanceID\":17},null],\"Elements\":[{\"ProfileID\":42,\"Position\":{\"x\":-207.0599,\"y\":376.223175,\"z\":16.8962955},\"Rotation\":{\"x\":-0.390498161,\"y\":0.5895008,\"z\":0.589500844,\"w\":0.390498161},\"LengthScale\":1.0}],\"Storages\":[]},{\"TypeID\":2,\"Position\":{\"x\":-204.978912,\"y\":375.885681,\"z\":16.0147934},\"Rotation\":{\"y\":0.979998946,\"w\":-0.199002728},\"LinkedStructures\":[{\"TypeID\":3,\"InstanceID\":24},null,null,{\"TypeID\":3,\"InstanceID\":25},null,{\"TypeID\":3,\"InstanceID\":11},null],\"Elements\":[{\"ProfileID\":42,\"Position\":{\"x\":-204.978912,\"y\":376.223175,\"z\":16.0147934},\"Rotation\":{\"x\":-0.692963958,\"y\":0.1407162,\"z\":0.1407162,\"w\":0.692963958},\"LengthScale\":1.0}],\"Storages\":[]},{\"TypeID\":2,\"Position\":{\"x\":-209.1409,\"y\":376.560669,\"z\":17.7778},\"Rotation\":{\"y\":0.833680034,\"w\":0.5522479},\"LinkedStructures\":[null,null,null,null,null,{\"TypeID\":3,\"InstanceID\":26},null],\"Elements\":[{\"ProfileID\":2,\"Position\":{\"x\":-209.1409,\"y\":377.910675,\"z\":17.7778},\"Rotation\":{\"x\":-0.589500844,\"y\":-0.390498221,\"z\":-0.390498221,\"w\":0.589500844},\"LengthScale\":1.0}],\"Storages\":[]},{\"TypeID\":2,\"Position\":{\"x\":-209.4589,\"y\":375.885681,\"z\":22.8212986},\"Rotation\":{\"y\":0.979998946,\"w\":-0.199002728},\"LinkedStructures\":[{\"TypeID\":3,\"InstanceID\":21},{\"TypeID\":3,\"InstanceID\":38},{\"TypeID\":3,\"InstanceID\":40},null,null,{\"TypeID\":3,\"InstanceID\":34},null],\"Elements\":[{\"ProfileID\":42,\"Position\":{\"x\":-209.4589,\"y\":376.223175,\"z\":22.8212986},\"Rotation\":{\"x\":-0.692963958,\"y\":0.1407162,\"z\":0.1407162,\"w\":0.692963958},\"LengthScale\":1.0}],\"Storages\":[]},{\"TypeID\":2,\"Position\":{\"x\":-200.253418,\"y\":376.560669,\"z\":21.3762875},\"Rotation\":{\"y\":0.199002862,\"w\":0.9799989},\"LinkedStructures\":[null,null,null,null,null,{\"TypeID\":3,\"InstanceID\":3},null],\"Elements\":[{\"ProfileID\":2,\"Position\":{\"x\":-200.253418,\"y\":377.910675,\"z\":21.3762875},\"Rotation\":{\"x\":0.14071627,\"y\":0.692963839,\"z\":0.6929639,\"w\":-0.14071627},\"LengthScale\":1.0}],\"Storages\":[]},{\"TypeID\":2,\"Position\":{\"x\":-202.016418,\"y\":376.560669,\"z\":17.21429},\"Rotation\":{\"y\":0.199002758,\"w\":0.979998946},\"LinkedStructures\":[null,null,null,null,null,{\"TypeID\":3,\"InstanceID\":13},null],\"Elements\":[{\"ProfileID\":2,\"Position\":{\"x\":-202.016418,\"y\":377.910675,\"z\":17.21429},\"Rotation\":{\"x\":0.14071621,\"y\":0.692963958,\"z\":0.692963958,\"w\":-0.14071621},\"LengthScale\":1.0}],\"Storages\":[]},{\"TypeID\":2,\"Position\":{\"x\":-204.978912,\"y\":376.560669,\"z\":16.0147934},\"Rotation\":{\"y\":-0.552247763,\"w\":0.833680034},\"LinkedStructures\":[null,{\"TypeID\":3,\"InstanceID\":36},null,null,null,{\"TypeID\":3,\"InstanceID\":25},null],\"Elements\":[{\"ProfileID\":2,\"Position\":{\"x\":-204.978912,\"y\":377.910675,\"z\":16.0147934},\"Rotation\":{\"x\":-0.390498161,\"y\":0.5895008,\"z\":0.589500844,\"w\":0.390498161},\"LengthScale\":1.0}],\"Storages\":[]},{\"TypeID\":2,\"Position\":{\"x\":-210.3404,\"y\":375.885681,\"z\":20.7403},\"Rotation\":{\"y\":0.979998946,\"w\":-0.199002728},\"LinkedStructures\":[{\"TypeID\":3,\"InstanceID\":38},null,{\"TypeID\":3,\"InstanceID\":39},null,null,{\"TypeID\":3,\"InstanceID\":34},null],\"Elements\":[{\"ProfileID\":42,\"Position\":{\"x\":-210.3404,\"y\":376.223175,\"z\":20.7403},\"Rotation\":{\"x\":-0.692963958,\"y\":0.1407162,\"z\":0.1407162,\"w\":0.692963958},\"LengthScale\":1.0}],\"Storages\":[]}],[{\"TypeID\":3,\"Position\":{\"x\":-206.4964,\"y\":375.885681,\"z\":24.0207939},\"Rotation\":{\"y\":0.833680153,\"w\":0.552247643},\"LinkedStructures\":[{\"TypeID\":1,\"InstanceID\":4},{\"TypeID\":1,\"InstanceID\":11},null,null,null,null,{\"TypeID\":3,\"InstanceID\":2},null,{\"TypeID\":3,\"InstanceID\":4},{\"TypeID\":3,\"InstanceID\":1},{\"TypeID\":3,\"InstanceID\":37},null,{\"TypeID\":2,\"InstanceID\":3},{\"TypeID\":2,\"InstanceID\":1},null,null],\"Elements\":[{\"ProfileID\":1,\"Position\":{\"x\":-205.4559,\"y\":375.885681,\"z\":23.5800438},\"Rotation\":{\"y\":0.8336802,\"w\":0.5522476},\"LengthScale\":1.0}],\"Storages\":[]},{\"TypeID\":3,\"Position\":{\"x\":-205.6149,\"y\":375.885681,\"z\":26.1017933},\"Rotation\":{\"y\":0.979998946,\"w\":-0.199002847},\"LinkedStructures\":[{\"TypeID\":1,\"InstanceID\":6},{\"TypeID\":1,\"InstanceID\":4},null,{\"TypeID\":4},{\"TypeID\":4,\"InstanceID\":8},null,{\"TypeID\":3},null,{\"TypeID\":3,\"InstanceID\":37},{\"TypeID\":20},{\"TypeID\":20,\"InstanceID\":12},{\"TypeID\":20,\"InstanceID\":2},null,{\"TypeID\":2,\"InstanceID\":3},null,null],\"Elements\":[{\"ProfileID\":1,\"Position\":{\"x\":-206.055649,\"y\":375.885681,\"z\":25.0612946},\"Rotation\":{\"y\":0.979999065,\"w\":-0.1990024},\"LengthScale\":1.0}],\"Storages\":[]},{\"TypeID\":3,\"Position\":{\"x\":-203.5339,\"y\":375.885681,\"z\":25.2202911},\"Rotation\":{\"y\":0.979998946,\"w\":-0.199002847},\"LinkedStructures\":[{\"TypeID\":1,\"InstanceID\":7},{\"TypeID\":1,\"InstanceID\":11},null,{\"TypeID\":4,\"InstanceID\":7},{\"TypeID\":4},null,{\"TypeID\":3,\"InstanceID\":4},{\"TypeID\":3},null,{\"TypeID\":20,\"InstanceID\":10},{\"TypeID\":20},{\"TypeID\":20,\"InstanceID\":1},null,{\"TypeID\":2,\"InstanceID\":1},null,null],\"Elements\":[{\"ProfileID\":1,\"Position\":{\"x\":-203.974655,\"y\":375.885681,\"z\":24.1797924},\"Rotation\":{\"y\":0.979999,\"w\":-0.199002564},\"LengthScale\":1.0}],\"Storages\":[]},{\"TypeID\":3,\"Position\":{\"x\":-201.134918,\"y\":376.560669,\"z\":19.2952881},\"Rotation\":{\"y\":0.199002847,\"w\":0.979998946},\"LinkedStructures\":[{\"TypeID\":2,\"InstanceID\":7},{\"TypeID\":2,\"InstanceID\":11},null,{\"TypeID\":4,\"InstanceID\":1},null,null,{\"TypeID\":3,\"InstanceID\":10},null,null,null,null,{\"TypeID\":3,\"InstanceID\":13},null,{\"TypeID\":2,\"InstanceID\":18},null,null],\"Elements\":[{\"ProfileID\":1,\"Position\":{\"x\":-200.694168,\"y\":376.560669,\"z\":20.3357887},\"Rotation\":{\"y\":0.1990024,\"w\":0.979999065},\"LengthScale\":1.0}],\"Storages\":[]},{\"TypeID\":3,\"Position\":{\"x\":-202.334412,\"y\":375.885681,\"z\":22.2577915},\"Rotation\":{\"y\":-0.552247643,\"w\":0.833680153},\"LinkedStructures\":[{\"TypeID\":1,\"InstanceID\":14},{\"TypeID\":1,\"InstanceID\":11},null,null,null,null,null,{\"TypeID\":3,\"InstanceID\":2},{\"TypeID\":3},null,{\"TypeID\":3,\"InstanceID\":32},{\"TypeID\":3,\"InstanceID\":9},{\"TypeID\":2,\"InstanceID\":5},{\"TypeID\":2,\"InstanceID\":1},null,null],\"Elements\":[{\"ProfileID\":1,\"Position\":{\"x\":-203.374908,\"y\":375.885681,\"z\":22.6985435},\"Rotation\":{\"y\":-0.552247345,\"w\":0.833680332},\"LengthScale\":1.0}],\"Storages\":[]},{\"TypeID\":3,\"Position\":{\"x\":-204.4154,\"y\":376.560669,\"z\":23.1392937},\"Rotation\":{\"y\":-0.5522477,\"w\":0.8336801},\"LinkedStructures\":[{\"TypeID\":2,\"InstanceID\":1},{\"TypeID\":2,\"InstanceID\":3},null,null,null,null,null,null,null,{\"TypeID\":3,\"InstanceID\":29},null,{\"TypeID\":3,\"InstanceID\":31},null,null,null,null],\"Elements\":[{\"ProfileID\":1,\"Position\":{\"x\":-205.4559,\"y\":376.560669,\"z\":23.5800438},\"Rotation\":{\"y\":-0.5522476,\"w\":0.833680153},\"LengthScale\":1.0}],\"Storages\":[]},{\"TypeID\":3,\"Position\":{\"x\":-208.2594,\"y\":375.885681,\"z\":19.8587971},\"Rotation\":{\"y\":0.979998946,\"w\":-0.199002683},\"LinkedStructures\":[{\"TypeID\":1,\"InstanceID\":21},{\"TypeID\":1,\"InstanceID\":28},null,null,null,null,{\"TypeID\":3,\"InstanceID\":17},null,null,null,null,{\"TypeID\":3,\"InstanceID\":12},{\"TypeID\":2,\"InstanceID\":12},{\"TypeID\":2,\"InstanceID\":13},null,null],\"Elements\":[{\"ProfileID\":1,\"Position\":{\"x\":-208.70015,\"y\":375.885681,\"z\":18.8182983},\"Rotation\":{\"y\":0.979999,\"w\":-0.199002385},\"LengthScale\":1.0}],\"Storages\":[]},{\"TypeID\":3,\"Position\":{\"x\":-203.215912,\"y\":375.885681,\"z\":20.1767921},\"Rotation\":{\"y\":-0.5522477,\"w\":0.8336801},\"LinkedStructures\":[{\"TypeID\":1,\"InstanceID\":15},{\"TypeID\":1,\"InstanceID\":12},null,null,null,null,null,null,null,null,null,null,{\"TypeID\":2,\"InstanceID\":6},{\"TypeID\":2,\"InstanceID\":2},null,null],\"Elements\":[{\"ProfileID\":1,\"Position\":{\"x\":-204.256409,\"y\":375.885681,\"z\":20.6175423},\"Rotation\":{\"y\":-0.552247345,\"w\":0.833680332},\"LengthScale\":1.0}],\"Storages\":[]},{\"TypeID\":3,\"Position\":{\"x\":-200.253418,\"y\":375.885681,\"z\":21.37629},\"Rotation\":{\"y\":0.979998946,\"w\":-0.199002847},\"LinkedStructures\":[{\"TypeID\":1,\"InstanceID\":16},{\"TypeID\":1,\"InstanceID\":17},null,null,null,null,null,null,{\"TypeID\":3,\"InstanceID\":15},null,{\"TypeID\":3,\"InstanceID\":9},null,{\"TypeID\":2,\"InstanceID\":11},{\"TypeID\":2,\"InstanceID\":7},null,null],\"Elements\":[{\"ProfileID\":1,\"Position\":{\"x\":-200.694168,\"y\":375.885681,\"z\":20.3357887},\"Rotation\":{\"y\":0.979999065,\"w\":-0.1990024},\"LengthScale\":1.0}],\"Storages\":[]},{\"TypeID\":3,\"Position\":{\"x\":-202.334412,\"y\":375.885681,\"z\":22.2577915},\"Rotation\":{\"y\":0.833680153,\"w\":0.552247643},\"LinkedStructures\":[{\"TypeID\":1,\"InstanceID\":14},{\"TypeID\":1,\"InstanceID\":16},null,null,null,null,null,{\"TypeID\":3,\"InstanceID\":8},null,{\"TypeID\":3,\"InstanceID\":32},null,{\"TypeID\":3,\"InstanceID\":4},{\"TypeID\":2,\"InstanceID\":5},{\"TypeID\":2,\"InstanceID\":11},null,null],\"Elements\":[{\"ProfileID\":1,\"Position\":{\"x\":-201.293915,\"y\":375.885681,\"z\":21.81704},\"Rotation\":{\"y\":0.8336804,\"w\":0.5522472},\"LengthScale\":1.0}],\"Storages\":[]},{\"TypeID\":3,\"Position\":{\"x\":-200.253418,\"y\":376.560669,\"z\":21.3762875},\"Rotation\":{\"y\":-0.552247643,\"w\":0.833680153},\"LinkedStructures\":[{\"TypeID\":2,\"InstanceID\":11},{\"TypeID\":2,\"InstanceID\":5},null,null,null,null,{\"TypeID\":3,\"InstanceID\":20},null,{\"TypeID\":3,\"InstanceID\":31},{\"TypeID\":3,\"InstanceID\":3},null,null,{\"TypeID\":2,\"InstanceID\":18},null,null,null],\"Elements\":[{\"ProfileID\":1,\"Position\":{\"x\":-201.293915,\"y\":376.560669,\"z\":21.81704},\"Rotation\":{\"y\":-0.552247345,\"w\":0.833680332},\"LengthScale\":1.0}],\"Storages\":[]},{\"TypeID\":3,\"Position\":{\"x\":-204.097412,\"y\":375.885681,\"z\":18.0957928},\"Rotation\":{\"y\":0.979998946,\"w\":-0.199002728},\"LinkedStructures\":[{\"TypeID\":1,\"InstanceID\":19},{\"TypeID\":1,\"InstanceID\":29},null,null,null,null,null,{\"TypeID\":3,\"InstanceID\":18},null,{\"TypeID\":3,\"InstanceID\":14},null,null,{\"TypeID\":2,\"InstanceID\":9},{\"TypeID\":2,\"InstanceID\":15},null,null],\"Elements\":[{\"ProfileID\":1,\"Position\":{\"x\":-204.538162,\"y\":375.885681,\"z\":17.055294},\"Rotation\":{\"y\":0.979999,\"w\":-0.199002385},\"LengthScale\":1.0}],\"Storages\":[]},{\"TypeID\":3,\"Position\":{\"x\":-208.2594,\"y\":375.885681,\"z\":19.8587971},\"Rotation\":{\"y\":0.199002683,\"w\":0.979998946},\"LinkedStructures\":[{\"TypeID\":1,\"InstanceID\":21},{\"TypeID\":1,\"InstanceID\":13},null,{\"TypeID\":4,\"InstanceID\":11},null,null,null,null,{\"TypeID\":3,\"InstanceID\":37},null,null,{\"TypeID\":3,\"InstanceID\":6},{\"TypeID\":2,\"InstanceID\":12},{\"TypeID\":2,\"InstanceID\":4},null,null],\"Elements\":[{\"ProfileID\":1,\"Position\":{\"x\":-207.818649,\"y\":375.885681,\"z\":20.8992958},\"Rotation\":{\"y\":0.199002385,\"w\":0.979999},\"LengthScale\":1.0}],\"Storages\":[]},{\"TypeID\":3,\"Position\":{\"x\":-202.016418,\"y\":376.560669,\"z\":17.21429},\"Rotation\":{\"y\":0.199002758,\"w\":0.979998946},\"LinkedStructures\":[{\"TypeID\":2,\"InstanceID\":8},{\"TypeID\":2,\"InstanceID\":7},null,{\"TypeID\":4,\"InstanceID\":2},null,null,null,null,{\"TypeID\":3,\"InstanceID\":3},{\"TypeID\":3,\"InstanceID\":19},null,null,{\"TypeID\":2,\"InstanceID\":19},null,null,null],\"Elements\":[{\"ProfileID\":1,\"Position\":{\"x\":-201.575668,\"y\":376.560669,\"z\":18.25479},\"Rotation\":{\"y\":0.199002564,\"w\":0.979999},\"LengthScale\":1.0}],\"Storages\":[]},{\"TypeID\":3,\"Position\":{\"x\":-204.097412,\"y\":375.885681,\"z\":18.0957928},\"Rotation\":{\"y\":0.8336801,\"w\":0.552247763},\"LinkedStructures\":[{\"TypeID\":1,\"InstanceID\":19},{\"TypeID\":1,\"InstanceID\":20},null,null,null,null,{\"TypeID\":3,\"InstanceID\":15},null,null,null,{\"TypeID\":3,\"InstanceID\":11},null,{\"TypeID\":2,\"InstanceID\":9},{\"TypeID\":2,\"InstanceID\":8},null,null],\"Elements\":[{\"ProfileID\":1,\"Position\":{\"x\":-203.056915,\"y\":375.885681,\"z\":17.65504},\"Rotation\":{\"y\":0.833680451,\"w\":0.5522472},\"LengthScale\":1.0}],\"Storages\":[]},{\"TypeID\":3,\"Position\":{\"x\":-202.016418,\"y\":375.885681,\"z\":17.21429},\"Rotation\":{\"y\":0.199002758,\"w\":0.979998946},\"LinkedStructures\":[{\"TypeID\":1,\"InstanceID\":20},{\"TypeID\":1,\"InstanceID\":17},null,null,null,null,null,null,{\"TypeID\":3,\"InstanceID\":8},{\"TypeID\":3,\"InstanceID\":14},null,null,{\"TypeID\":2,\"InstanceID\":8},{\"TypeID\":2,\"InstanceID\":7},null,null],\"Elements\":[{\"ProfileID\":1,\"Position\":{\"x\":-201.575668,\"y\":375.885681,\"z\":18.2547913},\"Rotation\":{\"y\":0.1990024,\"w\":0.979999},\"LengthScale\":1.0}],\"Storages\":[]},{\"TypeID\":3,\"Position\":{\"x\":-207.0599,\"y\":375.885681,\"z\":16.8962955},\"Rotation\":{\"y\":0.199002728,\"w\":0.979998946},\"LinkedStructures\":[{\"TypeID\":1,\"InstanceID\":27},{\"TypeID\":1,\"InstanceID\":18},null,null,null,null,null,null,null,{\"TypeID\":3,\"InstanceID\":17},{\"TypeID\":3,\"InstanceID\":18},null,{\"TypeID\":2,\"InstanceID\":14},{\"TypeID\":2,\"InstanceID\":10},null,null],\"Elements\":[{\"ProfileID\":1,\"Position\":{\"x\":-206.619156,\"y\":375.885681,\"z\":17.9367943},\"Rotation\":{\"y\":0.199002385,\"w\":0.979999},\"LengthScale\":1.0}],\"Storages\":[]},{\"TypeID\":3,\"Position\":{\"x\":-207.0599,\"y\":375.885681,\"z\":16.8962955},\"Rotation\":{\"y\":-0.552247763,\"w\":0.8336801},\"LinkedStructures\":[{\"TypeID\":1,\"InstanceID\":27},{\"TypeID\":1,\"InstanceID\":28},null,null,null,null,null,{\"TypeID\":3,\"InstanceID\":6},null,null,{\"TypeID\":3,\"InstanceID\":16},{\"TypeID\":3,\"InstanceID\":18},{\"TypeID\":2,\"InstanceID\":14},{\"TypeID\":2,\"InstanceID\":13},null,null],\"Elements\":[{\"ProfileID\":1,\"Position\":{\"x\":-208.1004,\"y\":375.885681,\"z\":17.3370476},\"Rotation\":{\"y\":-0.552247345,\"w\":0.8336804},\"LengthScale\":1.0}],\"Storages\":[]},{\"TypeID\":3,\"Position\":{\"x\":-207.0599,\"y\":375.885681,\"z\":16.8962955},\"Rotation\":{\"y\":0.8336801,\"w\":0.552247763},\"LinkedStructures\":[{\"TypeID\":1,\"InstanceID\":27},{\"TypeID\":1,\"InstanceID\":29},null,null,null,null,{\"TypeID\":3,\"InstanceID\":11},null,null,{\"TypeID\":3,\"InstanceID\":16},null,{\"TypeID\":3,\"InstanceID\":17},{\"TypeID\":2,\"InstanceID\":14},{\"TypeID\":2,\"InstanceID\":15},null,null],\"Elements\":[{\"ProfileID\":1,\"Position\":{\"x\":-206.019409,\"y\":375.885681,\"z\":16.4555435},\"Rotation\":{\"y\":0.833680451,\"w\":0.5522472},\"LengthScale\":1.0}],\"Storages\":[]},{\"TypeID\":3,\"Position\":{\"x\":-204.097412,\"y\":376.560669,\"z\":18.0957928},\"Rotation\":{\"y\":0.8336801,\"w\":0.552247763},\"LinkedStructures\":[{\"TypeID\":2,\"InstanceID\":9},{\"TypeID\":2,\"InstanceID\":8},null,null,null,null,{\"TypeID\":3,\"InstanceID\":13},null,null,{\"TypeID\":3,\"InstanceID\":27},{\"TypeID\":3,\"InstanceID\":24},null,null,{\"TypeID\":2,\"InstanceID\":19},null,null],\"Elements\":[{\"ProfileID\":1,\"Position\":{\"x\":-203.056915,\"y\":376.560669,\"z\":17.65504},\"Rotation\":{\"y\":0.833680451,\"w\":0.5522472},\"LengthScale\":1.0}],\"Storages\":[]},{\"TypeID\":3,\"Position\":{\"x\":-203.215912,\"y\":376.560669,\"z\":20.1767921},\"Rotation\":{\"y\":0.199002653,\"w\":0.979998946},\"LinkedStructures\":[{\"TypeID\":2,\"InstanceID\":6},{\"TypeID\":2,\"InstanceID\":5},null,{\"TypeID\":4,\"InstanceID\":4},{\"TypeID\":4,\"InstanceID\":1},null,{\"TypeID\":3,\"InstanceID\":31},{\"TypeID\":3,\"InstanceID\":10},null,null,null,{\"TypeID\":3,\"InstanceID\":27},null,null,null,null],\"Elements\":[{\"ProfileID\":1,\"Position\":{\"x\":-202.775162,\"y\":376.560669,\"z\":21.21729},\"Rotation\":{\"y\":0.199002564,\"w\":0.979998946},\"LengthScale\":1.0}],\"Storages\":[]},{\"TypeID\":3,\"Position\":{\"x\":-209.4589,\"y\":376.560669,\"z\":22.8212986},\"Rotation\":{\"y\":0.199002728,\"w\":0.979998946},\"LinkedStructures\":[{\"TypeID\":2,\"InstanceID\":17},{\"TypeID\":3,\"InstanceID\":35},null,null,null,{\"TypeID\":40},null,null,null,null,{\"TypeID\":3,\"InstanceID\":40},{\"TypeID\":3,\"InstanceID\":38},null,null,null,null],\"Elements\":[{\"ProfileID\":1,\"Position\":{\"x\":-209.018143,\"y\":376.223175,\"z\":23.8617973},\"Rotation\":{\"x\":0.141715646,\"y\":0.196910664,\"z\":-0.0287773311,\"w\":0.9696983},\"LengthScale\":1.04364848}],\"Storages\":[]},{\"TypeID\":3,\"Position\":{\"x\":-207.3779,\"y\":376.560669,\"z\":21.9397945},\"Rotation\":{\"y\":0.979998946,\"w\":-0.199002728},\"LinkedStructures\":[{\"TypeID\":2,\"InstanceID\":4},{\"TypeID\":2,\"InstanceID\":12},null,{\"TypeID\":4,\"InstanceID\":9},null,null,null,{\"TypeID\":3,\"InstanceID\":39},{\"TypeID\":3,\"InstanceID\":23},null,{\"TypeID\":3,\"InstanceID\":40},null,null,null,null,null],\"Elements\":[{\"ProfileID\":1,\"Position\":{\"x\":-207.818649,\"y\":376.560669,\"z\":20.8992958},\"Rotation\":{\"y\":0.979998946,\"w\":-0.199002743},\"LengthScale\":1.0}],\"Storages\":[]},{\"TypeID\":3,\"Position\":{\"x\":-209.1409,\"y\":376.560669,\"z\":17.7778},\"Rotation\":{\"y\":0.199002683,\"w\":0.979998946},\"LinkedStructures\":[{\"TypeID\":2,\"InstanceID\":13},{\"TypeID\":2,\"InstanceID\":12},null,null,{\"TypeID\":4,\"InstanceID\":6},null,{\"TypeID\":3,\"InstanceID\":39},null,{\"TypeID\":3,\"InstanceID\":22},null,{\"TypeID\":3,\"InstanceID\":26},null,{\"TypeID\":2,\"InstanceID\":16},null,null,null],\"Elements\":[{\"ProfileID\":1,\"Position\":{\"x\":-208.70015,\"y\":376.560669,\"z\":18.8182983},\"Rotation\":{\"y\":0.199002385,\"w\":0.979999},\"LengthScale\":1.0}],\"Storages\":[]},{\"TypeID\":3,\"Position\":{\"x\":-204.097412,\"y\":376.560669,\"z\":18.0957928},\"Rotation\":{\"y\":0.979998946,\"w\":-0.199002758},\"LinkedStructures\":[{\"TypeID\":2,\"InstanceID\":9},{\"TypeID\":2,\"InstanceID\":15},null,null,{\"TypeID\":4,\"InstanceID\":5},null,null,{\"TypeID\":3,\"InstanceID\":25},null,{\"TypeID\":3,\"InstanceID\":19},null,{\"TypeID\":3,\"InstanceID\":27},null,{\"TypeID\":2,\"InstanceID\":20},null,null],\"Elements\":[{\"ProfileID\":1,\"Position\":{\"x\":-204.538162,\"y\":376.560669,\"z\":17.055294},\"Rotation\":{\"y\":0.979999,\"w\":-0.1990024},\"LengthScale\":1.0}],\"Storages\":[]},{\"TypeID\":3,\"Position\":{\"x\":-204.978912,\"y\":376.560669,\"z\":16.0147934},\"Rotation\":{\"y\":-0.552247763,\"w\":0.8336801},\"LinkedStructures\":[{\"TypeID\":2,\"InstanceID\":15},{\"TypeID\":2,\"InstanceID\":14},null,null,null,{\"TypeID\":8},null,{\"TypeID\":3,\"InstanceID\":28},{\"TypeID\":3,\"InstanceID\":26},null,{\"TypeID\":3,\"InstanceID\":24},null,{\"TypeID\":2,\"InstanceID\":20},null,null,null],\"Elements\":[{\"ProfileID\":1,\"Position\":{\"x\":-206.019409,\"y\":376.560669,\"z\":16.4555435},\"Rotation\":{\"y\":-0.552247345,\"w\":0.8336804},\"LengthScale\":1.0}],\"Storages\":[]},{\"TypeID\":3,\"Position\":{\"x\":-209.1409,\"y\":376.560669,\"z\":17.7778},\"Rotation\":{\"y\":0.833680034,\"w\":0.5522479},\"LinkedStructures\":[{\"TypeID\":2,\"InstanceID\":13},{\"TypeID\":2,\"InstanceID\":14},null,null,null,null,{\"TypeID\":3,\"InstanceID\":28},null,{\"TypeID\":3,\"InstanceID\":25},{\"TypeID\":3,\"InstanceID\":23},null,null,{\"TypeID\":2,\"InstanceID\":16},null,null,null],\"Elements\":[{\"ProfileID\":1,\"Position\":{\"x\":-208.1004,\"y\":376.560669,\"z\":17.3370476},\"Rotation\":{\"y\":0.8336806,\"w\":0.5522469},\"LengthScale\":1.0}],\"Storages\":[]},{\"TypeID\":3,\"Position\":{\"x\":-204.097412,\"y\":376.560669,\"z\":18.0957928},\"Rotation\":{\"y\":0.199002758,\"w\":0.979998946},\"LinkedStructures\":[{\"TypeID\":2,\"InstanceID\":9},{\"TypeID\":2,\"InstanceID\":6},null,{\"TypeID\":4,\"InstanceID\":3},{\"TypeID\":4,\"InstanceID\":2},null,null,null,{\"TypeID\":3,\"InstanceID\":20},null,{\"TypeID\":3,\"InstanceID\":19},{\"TypeID\":3,\"InstanceID\":24},null,null,null,null],\"Elements\":[{\"ProfileID\":1,\"Position\":{\"x\":-203.656662,\"y\":376.560669,\"z\":19.1362915},\"Rotation\":{\"y\":0.1990024,\"w\":0.979999},\"LengthScale\":1.0}],\"Storages\":[]},{\"TypeID\":3,\"Position\":{\"x\":-207.0599,\"y\":376.560669,\"z\":16.8962955},\"Rotation\":{\"y\":0.199002683,\"w\":0.979998946},\"LinkedStructures\":[{\"TypeID\":2,\"InstanceID\":14},{\"TypeID\":2,\"InstanceID\":10},null,{\"TypeID\":4,\"InstanceID\":6},{\"TypeID\":4,\"InstanceID\":5},null,null,null,{\"TypeID\":3,\"InstanceID\":30},{\"TypeID\":3,\"InstanceID\":26},{\"TypeID\":3,\"InstanceID\":25},null,null,null,null,null],\"Elements\":[{\"ProfileID\":1,\"Position\":{\"x\":-206.619156,\"y\":376.560669,\"z\":17.9367943},\"Rotation\":{\"y\":0.199002385,\"w\":0.979999},\"LengthScale\":1.0}],\"Storages\":[]},{\"TypeID\":3,\"Position\":{\"x\":-204.4154,\"y\":376.560669,\"z\":23.1392937},\"Rotation\":{\"y\":0.979998946,\"w\":-0.199002728},\"LinkedStructures\":[{\"TypeID\":2,\"InstanceID\":1},{\"TypeID\":2,\"InstanceID\":2},null,{\"TypeID\":4,\"InstanceID\":4},null,null,null,null,{\"TypeID\":3,\"InstanceID\":30},{\"TypeID\":3,\"InstanceID\":31},{\"TypeID\":3,\"InstanceID\":5},null,null,null,null,null],\"Elements\":[{\"ProfileID\":1,\"Position\":{\"x\":-204.856155,\"y\":376.560669,\"z\":22.098793},\"Rotation\":{\"y\":0.979999,\"w\":-0.199002385},\"LengthScale\":1.0}],\"Storages\":[]},{\"TypeID\":3,\"Position\":{\"x\":-205.2969,\"y\":376.560669,\"z\":21.0582943},\"Rotation\":{\"y\":0.979998946,\"w\":-0.199002653},\"LinkedStructures\":[{\"TypeID\":2,\"InstanceID\":2},{\"TypeID\":2,\"InstanceID\":10},null,{\"TypeID\":4,\"InstanceID\":3},{\"TypeID\":4,\"InstanceID\":9},null,null,null,{\"TypeID\":3,\"InstanceID\":28},null,null,{\"TypeID\":3,\"InstanceID\":29},null,null,null,null],\"Elements\":[{\"ProfileID\":1,\"Position\":{\"x\":-205.737656,\"y\":376.560669,\"z\":20.0177956},\"Rotation\":{\"y\":0.979999,\"w\":-0.199002385},\"LengthScale\":1.0}],\"Storages\":[]},{\"TypeID\":3,\"Position\":{\"x\":-204.4154,\"y\":376.560669,\"z\":23.1392937},\"Rotation\":{\"y\":0.8336801,\"w\":0.552247763},\"LinkedStructures\":[{\"TypeID\":2,\"InstanceID\":1},{\"TypeID\":2,\"InstanceID\":5},null,null,null,null,null,{\"TypeID\":3,\"InstanceID\":20},{\"TypeID\":3,\"InstanceID\":10},null,{\"TypeID\":3,\"InstanceID\":29},{\"TypeID\":3,\"InstanceID\":5},null,null,null,null],\"Elements\":[{\"ProfileID\":1,\"Position\":{\"x\":-203.374908,\"y\":376.560669,\"z\":22.6985416},\"Rotation\":{\"y\":0.8336806,\"w\":0.5522469},\"LengthScale\":1.0}],\"Storages\":[]},{\"TypeID\":3,\"Position\":{\"x\":-201.452911,\"y\":375.885681,\"z\":24.338789},\"Rotation\":{\"y\":0.979998946,\"w\":-0.199002847},\"LinkedStructures\":[{\"TypeID\":1,\"InstanceID\":22},{\"TypeID\":1,\"InstanceID\":14},null,null,{\"TypeID\":4,\"InstanceID\":7},null,{\"TypeID\":3,\"InstanceID\":9},{\"TypeID\":3,\"InstanceID\":4},null,null,{\"TypeID\":20,\"InstanceID\":10},null,null,{\"TypeID\":2,\"InstanceID\":5},null,null],\"Elements\":[{\"ProfileID\":1,\"Position\":{\"x\":-201.893661,\"y\":375.885681,\"z\":23.29829},\"Rotation\":{\"y\":0.979999,\"w\":-0.199002564},\"LengthScale\":1.0}],\"Storages\":[]},{\"TypeID\":3,\"Position\":{\"x\":-207.695892,\"y\":375.885681,\"z\":26.9832954},\"Rotation\":{\"y\":0.979998946,\"w\":-0.199002817},\"LinkedStructures\":[{\"TypeID\":1,\"InstanceID\":24},{\"TypeID\":1,\"InstanceID\":30},null,{\"TypeID\":4,\"InstanceID\":8},null,null,null,null,{\"TypeID\":3,\"InstanceID\":35},{\"TypeID\":20,\"InstanceID\":12},null,{\"TypeID\":20,\"InstanceID\":13},null,{\"TypeID\":3,\"InstanceID\":21},null,null],\"Elements\":[{\"ProfileID\":1,\"Position\":{\"x\":-208.136642,\"y\":375.885681,\"z\":25.9427967},\"Rotation\":{\"y\":0.979999,\"w\":-0.199002564},\"LengthScale\":1.0}],\"Storages\":[]},{\"TypeID\":3,\"Position\":{\"x\":-209.4589,\"y\":375.885681,\"z\":22.8212986},\"Rotation\":{\"y\":0.979998946,\"w\":-0.199002728},\"LinkedStructures\":[{\"TypeID\":1,\"InstanceID\":31},{\"TypeID\":1,\"InstanceID\":32},null,{\"TypeID\":4,\"InstanceID\":11},null,null,null,null,null,null,null,{\"TypeID\":3,\"InstanceID\":35},{\"TypeID\":2,\"InstanceID\":17},{\"TypeID\":2,\"InstanceID\":21},null,null],\"Elements\":[{\"ProfileID\":1,\"Position\":{\"x\":-209.899643,\"y\":375.885681,\"z\":21.7808},\"Rotation\":{\"y\":0.979999,\"w\":-0.199002385},\"LengthScale\":1.0}],\"Storages\":[]},{\"TypeID\":3,\"Position\":{\"x\":-208.5774,\"y\":375.885681,\"z\":24.902298},\"Rotation\":{\"y\":0.979998946,\"w\":-0.199002758},\"LinkedStructures\":[{\"TypeID\":1,\"InstanceID\":30},{\"TypeID\":1,\"InstanceID\":31},null,{\"TypeID\":4,\"InstanceID\":10},null,{\"TypeID\":40},null,null,{\"TypeID\":3,\"InstanceID\":34},null,null,{\"TypeID\":3,\"InstanceID\":33},{\"TypeID\":3,\"InstanceID\":21},{\"TypeID\":2,\"InstanceID\":17},null,null],\"Elements\":[{\"ProfileID\":1,\"Position\":{\"x\":-209.018143,\"y\":375.885681,\"z\":23.8617973},\"Rotation\":{\"y\":0.979999,\"w\":-0.1990024},\"LengthScale\":1.0}],\"Storages\":[]},{\"TypeID\":3,\"Position\":{\"x\":-204.978912,\"y\":379.260681,\"z\":16.0147915},\"Rotation\":{\"y\":-0.5522474,\"w\":0.8336803},\"LinkedStructures\":[{\"TypeID\":2,\"InstanceID\":20},{\"TypeID\":8},null,null,null,null,null,null,null,null,null,null,null,null,{\"TypeID\":8},null],\"Elements\":[{\"ProfileID\":1,\"Position\":{\"x\":-206.019409,\"y\":379.260681,\"z\":16.4555435},\"Rotation\":{\"y\":-0.5522474,\"w\":0.8336803},\"LengthScale\":1.0}],\"Storages\":[]},{\"TypeID\":3,\"Position\":{\"x\":-207.3779,\"y\":375.885681,\"z\":21.9397964},\"Rotation\":{\"y\":0.199002653,\"w\":0.979998946},\"LinkedStructures\":[{\"TypeID\":1,\"InstanceID\":13},{\"TypeID\":1,\"InstanceID\":4},null,{\"TypeID\":4,\"InstanceID\":10},null,null,null,{\"TypeID\":3},{\"TypeID\":3,\"InstanceID\":1},null,null,{\"TypeID\":3,\"InstanceID\":12},{\"TypeID\":2,\"InstanceID\":4},{\"TypeID\":2,\"InstanceID\":3},null,null],\"Elements\":[{\"ProfileID\":1,\"Position\":{\"x\":-206.937149,\"y\":375.885681,\"z\":22.9802952},\"Rotation\":{\"y\":0.199002564,\"w\":0.979998946},\"LengthScale\":1.0}],\"Storages\":[]},{\"TypeID\":3,\"Position\":{\"x\":-210.3404,\"y\":376.560669,\"z\":20.7403},\"Rotation\":{\"y\":0.199002728,\"w\":0.979998946},\"LinkedStructures\":[{\"TypeID\":2,\"InstanceID\":21},{\"TypeID\":2,\"InstanceID\":17},null,null,null,null,null,{\"TypeID\":3,\"InstanceID\":40},{\"TypeID\":3,\"InstanceID\":21},null,{\"TypeID\":3,\"InstanceID\":39},null,null,null,null,null],\"Elements\":[{\"ProfileID\":1,\"Position\":{\"x\":-209.899643,\"y\":376.560669,\"z\":21.7808},\"Rotation\":{\"y\":0.199002385,\"w\":0.979999},\"LengthScale\":1.0}],\"Storages\":[]},{\"TypeID\":3,\"Position\":{\"x\":-208.2594,\"y\":376.560669,\"z\":19.858799},\"Rotation\":{\"y\":-0.552247763,\"w\":0.8336801},\"LinkedStructures\":[{\"TypeID\":2,\"InstanceID\":12},{\"TypeID\":2,\"InstanceID\":21},null,null,null,null,null,{\"TypeID\":3,\"InstanceID\":38},null,{\"TypeID\":3,\"InstanceID\":23},{\"TypeID\":3,\"InstanceID\":22},null,null,null,null,null],\"Elements\":[{\"ProfileID\":1,\"Position\":{\"x\":-209.2999,\"y\":376.560669,\"z\":20.29955},\"Rotation\":{\"y\":-0.5522476,\"w\":0.8336802},\"LengthScale\":1.0}],\"Storages\":[]},{\"TypeID\":3,\"Position\":{\"x\":-207.3779,\"y\":376.560669,\"z\":21.9397945},\"Rotation\":{\"y\":-0.5522477,\"w\":0.8336801},\"LinkedStructures\":[{\"TypeID\":2,\"InstanceID\":4},{\"TypeID\":2,\"InstanceID\":17},null,null,null,null,{\"TypeID\":3,\"InstanceID\":38},{\"TypeID\":3,\"InstanceID\":21},null,{\"TypeID\":3,\"InstanceID\":22},null,null,null,null,null,null],\"Elements\":[{\"ProfileID\":1,\"Position\":{\"x\":-208.4184,\"y\":376.560669,\"z\":22.3805466},\"Rotation\":{\"y\":-0.5522469,\"w\":0.83368057},\"LengthScale\":1.0}],\"Storages\":[]}],[{\"TypeID\":4,\"Position\":{\"x\":-205.015152,\"y\":376.0482,\"z\":24.6205444},\"Rotation\":{\"y\":0.8336804,\"w\":0.5522472},\"LinkedStructures\":[{\"TypeID\":3,\"InstanceID\":1},{\"TypeID\":3,\"InstanceID\":2},null,null,null,null,null,null,null,null,null],\"Elements\":[{\"ProfileID\":314,\"Position\":{\"x\":-205.368057,\"y\":376.0482,\"z\":23.7874527},\"Rotation\":{\"y\":0.8336804,\"w\":0.5522472},\"LengthScale\":1.0},{\"ProfileID\":315,\"Position\":{\"x\":-205.1916,\"y\":376.0482,\"z\":24.2039986},\"Rotation\":{\"y\":0.8336804,\"w\":0.5522472},\"LengthScale\":1.0},{\"ProfileID\":315,\"Position\":{\"x\":-205.015152,\"y\":376.0482,\"z\":24.6205444},\"Rotation\":{\"y\":0.8336804,\"w\":0.5522472},\"LengthScale\":1.0},{\"ProfileID\":315,\"Position\":{\"x\":-204.8387,\"y\":376.0482,\"z\":25.0370884},\"Rotation\":{\"y\":-0.552247345,\"w\":0.833680332},\"LengthScale\":1.0},{\"ProfileID\":315,\"Position\":{\"x\":-204.662247,\"y\":376.0482,\"z\":25.4536324},\"Rotation\":{\"y\":-0.552247345,\"w\":0.833680332},\"LengthScale\":1.0}],\"Storages\":[]},{\"TypeID\":4,\"Position\":{\"x\":-201.734665,\"y\":376.723175,\"z\":20.7765388},\"Rotation\":{\"y\":0.8336804,\"w\":0.5522472},\"LinkedStructures\":[{\"TypeID\":3,\"InstanceID\":20},{\"TypeID\":3,\"InstanceID\":3},null,null,null,null,null,null,null,null,null],\"Elements\":[{\"ProfileID\":314,\"Position\":{\"x\":-202.08757,\"y\":376.723175,\"z\":19.94345},\"Rotation\":{\"y\":0.8336804,\"w\":0.5522472},\"LengthScale\":1.0},{\"ProfileID\":315,\"Position\":{\"x\":-201.911118,\"y\":376.723175,\"z\":20.3599949},\"Rotation\":{\"y\":0.8336804,\"w\":0.5522472},\"LengthScale\":1.0},{\"ProfileID\":315,\"Position\":{\"x\":-201.734665,\"y\":376.723175,\"z\":20.7765388},\"Rotation\":{\"y\":0.8336804,\"w\":0.5522472},\"LengthScale\":1.0},{\"ProfileID\":315,\"Position\":{\"x\":-201.558212,\"y\":376.723175,\"z\":21.1930847},\"Rotation\":{\"y\":-0.552247345,\"w\":0.833680332},\"LengthScale\":1.0},{\"ProfileID\":315,\"Position\":{\"x\":-201.38176,\"y\":376.723175,\"z\":21.60963},\"Rotation\":{\"y\":-0.552247345,\"w\":0.833680332},\"LengthScale\":1.0}],\"Storages\":[]},{\"TypeID\":4,\"Position\":{\"x\":-202.616165,\"y\":376.723175,\"z\":18.6955414},\"Rotation\":{\"y\":0.8336804,\"w\":0.5522472},\"LinkedStructures\":[{\"TypeID\":3,\"InstanceID\":27},{\"TypeID\":3,\"InstanceID\":13},null,null,null,null,null,null,null,null,null],\"Elements\":[{\"ProfileID\":314,\"Position\":{\"x\":-202.96907,\"y\":376.723175,\"z\":17.86245},\"Rotation\":{\"y\":0.8336804,\"w\":0.5522472},\"LengthScale\":1.0},{\"ProfileID\":315,\"Position\":{\"x\":-202.792618,\"y\":376.723175,\"z\":18.2789955},\"Rotation\":{\"y\":0.8336804,\"w\":0.5522472},\"LengthScale\":1.0},{\"ProfileID\":315,\"Position\":{\"x\":-202.616165,\"y\":376.723175,\"z\":18.6955414},\"Rotation\":{\"y\":0.8336804,\"w\":0.5522472},\"LengthScale\":1.0},{\"ProfileID\":315,\"Position\":{\"x\":-202.439713,\"y\":376.723175,\"z\":19.1120853},\"Rotation\":{\"y\":-0.552247345,\"w\":0.833680332},\"LengthScale\":1.0},{\"ProfileID\":315,\"Position\":{\"x\":-202.26326,\"y\":376.723175,\"z\":19.52863},\"Rotation\":{\"y\":-0.552247345,\"w\":0.833680332},\"LengthScale\":1.0}],\"Storages\":[]},{\"TypeID\":4,\"Position\":{\"x\":-204.697159,\"y\":376.723175,\"z\":19.5770435},\"Rotation\":{\"y\":-0.5522469,\"w\":0.83368057},\"LinkedStructures\":[{\"TypeID\":3,\"InstanceID\":27},{\"TypeID\":3,\"InstanceID\":30},null,null,null,null,null,null,null,null,null],\"Elements\":[{\"ProfileID\":314,\"Position\":{\"x\":-204.344254,\"y\":376.723175,\"z\":20.4101334},\"Rotation\":{\"y\":-0.5522469,\"w\":0.83368057},\"LengthScale\":1.0},{\"ProfileID\":315,\"Position\":{\"x\":-204.5207,\"y\":376.723175,\"z\":19.99359},\"Rotation\":{\"y\":-0.5522469,\"w\":0.83368057},\"LengthScale\":1.0},{\"ProfileID\":315,\"Position\":{\"x\":-204.697159,\"y\":376.723175,\"z\":19.5770435},\"Rotation\":{\"y\":-0.5522469,\"w\":0.83368057},\"LengthScale\":1.0},{\"ProfileID\":315,\"Position\":{\"x\":-204.873611,\"y\":376.723175,\"z\":19.1604977},\"Rotation\":{\"y\":-0.8336805,\"w\":-0.552247047},\"LengthScale\":1.0},{\"ProfileID\":315,\"Position\":{\"x\":-205.050064,\"y\":376.723175,\"z\":18.7439537},\"Rotation\":{\"y\":-0.8336805,\"w\":-0.552247047},\"LengthScale\":1.0}],\"Storages\":[]},{\"TypeID\":4,\"Position\":{\"x\":-203.815659,\"y\":376.723175,\"z\":21.6580429},\"Rotation\":{\"y\":-0.552247345,\"w\":0.8336804},\"LinkedStructures\":[{\"TypeID\":3,\"InstanceID\":20},{\"TypeID\":3,\"InstanceID\":29},null,null,null,null,null,null,null,null,null],\"Elements\":[{\"ProfileID\":314,\"Position\":{\"x\":-203.462753,\"y\":376.723175,\"z\":22.49113},\"Rotation\":{\"y\":-0.552247345,\"w\":0.8336804},\"LengthScale\":1.0},{\"ProfileID\":315,\"Position\":{\"x\":-203.6392,\"y\":376.723175,\"z\":22.0745869},\"Rotation\":{\"y\":-0.552247345,\"w\":0.8336804},\"LengthScale\":1.0},{\"ProfileID\":315,\"Position\":{\"x\":-203.815659,\"y\":376.723175,\"z\":21.6580429},\"Rotation\":{\"y\":-0.552247345,\"w\":0.8336804},\"LengthScale\":1.0},{\"ProfileID\":315,\"Position\":{\"x\":-203.992111,\"y\":376.723175,\"z\":21.241497},\"Rotation\":{\"y\":-0.833680332,\"w\":-0.552247465},\"LengthScale\":1.0},{\"ProfileID\":315,\"Position\":{\"x\":-204.168564,\"y\":376.723175,\"z\":20.8249512},\"Rotation\":{\"y\":-0.833680332,\"w\":-0.552247465},\"LengthScale\":1.0}],\"Storages\":[]},{\"TypeID\":4,\"Position\":{\"x\":-205.578659,\"y\":376.723175,\"z\":17.4960442},\"Rotation\":{\"y\":-0.5522474,\"w\":0.8336803},\"LinkedStructures\":[{\"TypeID\":3,\"InstanceID\":24},{\"TypeID\":3,\"InstanceID\":28},{\"TypeID\":8},null,null,null,null,null,null,null,null],\"Elements\":[{\"ProfileID\":314,\"Position\":{\"x\":-205.225754,\"y\":376.723175,\"z\":18.329134},\"Rotation\":{\"y\":-0.5522474,\"w\":0.8336803},\"LengthScale\":1.0},{\"ProfileID\":315,\"Position\":{\"x\":-205.4022,\"y\":376.723175,\"z\":17.91259},\"Rotation\":{\"y\":-0.5522474,\"w\":0.8336803},\"LengthScale\":1.0},{\"ProfileID\":315,\"Position\":{\"x\":-205.578659,\"y\":376.723175,\"z\":17.4960442},\"Rotation\":{\"y\":-0.5522474,\"w\":0.8336803},\"LengthScale\":1.0},{\"ProfileID\":315,\"Position\":{\"x\":-205.755112,\"y\":376.723175,\"z\":17.0794983},\"Rotation\":{\"y\":-0.8336802,\"w\":-0.5522475},\"LengthScale\":1.0},{\"ProfileID\":315,\"Position\":{\"x\":-205.931564,\"y\":376.723175,\"z\":16.6629543},\"Rotation\":{\"y\":-0.8336802,\"w\":-0.5522475},\"LengthScale\":1.0}],\"Storages\":[]},{\"TypeID\":4,\"Position\":{\"x\":-207.659653,\"y\":376.723175,\"z\":18.3775463},\"Rotation\":{\"y\":0.8336806,\"w\":0.5522469},\"LinkedStructures\":[{\"TypeID\":3,\"InstanceID\":23},{\"TypeID\":3,\"InstanceID\":28},null,null,null,null,null,null,null,null,null],\"Elements\":[{\"ProfileID\":314,\"Position\":{\"x\":-208.012558,\"y\":376.723175,\"z\":17.5444565},\"Rotation\":{\"y\":0.8336806,\"w\":0.5522469},\"LengthScale\":1.0},{\"ProfileID\":315,\"Position\":{\"x\":-207.8361,\"y\":376.723175,\"z\":17.961},\"Rotation\":{\"y\":0.8336806,\"w\":0.5522469},\"LengthScale\":1.0},{\"ProfileID\":315,\"Position\":{\"x\":-207.659653,\"y\":376.723175,\"z\":18.3775463},\"Rotation\":{\"y\":0.8336806,\"w\":0.5522469},\"LengthScale\":1.0},{\"ProfileID\":315,\"Position\":{\"x\":-207.4832,\"y\":376.723175,\"z\":18.7940922},\"Rotation\":{\"y\":-0.552247047,\"w\":0.83368057},\"LengthScale\":1.0},{\"ProfileID\":315,\"Position\":{\"x\":-207.306747,\"y\":376.723175,\"z\":19.2106361},\"Rotation\":{\"y\":-0.552247047,\"w\":0.83368057},\"LengthScale\":1.0}],\"Storages\":[]},{\"TypeID\":4,\"Position\":{\"x\":-202.934158,\"y\":376.0482,\"z\":23.73904},\"Rotation\":{\"y\":0.8336804,\"w\":0.5522472},\"LinkedStructures\":[{\"TypeID\":3,\"InstanceID\":2},{\"TypeID\":3,\"InstanceID\":32},null,null,null,null,null,null,null,null,null],\"Elements\":[{\"ProfileID\":6,\"Position\":{\"x\":-203.110611,\"y\":376.0482,\"z\":23.3224964},\"Rotation\":{\"y\":0.8336806,\"w\":0.5522469},\"LengthScale\":0.987405539},{\"ProfileID\":6,\"Position\":{\"x\":-202.934158,\"y\":376.0482,\"z\":23.73904},\"Rotation\":{\"y\":0.8336804,\"w\":0.5522472},\"LengthScale\":0.987405241},{\"ProfileID\":6,\"Position\":{\"x\":-202.7577,\"y\":376.0482,\"z\":24.1555862},\"Rotation\":{\"y\":0.5522475,\"w\":-0.833680153},\"LengthScale\":0.987404943},{\"ProfileID\":6,\"Position\":{\"x\":-202.581253,\"y\":376.0482,\"z\":24.5721321},\"Rotation\":{\"y\":0.552247167,\"w\":-0.833680451},\"LengthScale\":0.987405241}],\"Storages\":[]},{\"TypeID\":4,\"Position\":{\"x\":-207.096146,\"y\":376.0482,\"z\":25.5020466},\"Rotation\":{\"y\":0.8336804,\"w\":0.5522472},\"LinkedStructures\":[{\"TypeID\":3,\"InstanceID\":33},{\"TypeID\":3,\"InstanceID\":1},null,null,null,null,null,null,null,null,null],\"Elements\":[{\"ProfileID\":314,\"Position\":{\"x\":-207.449051,\"y\":376.0482,\"z\":24.6689568},\"Rotation\":{\"y\":0.8336804,\"w\":0.5522472},\"LengthScale\":1.0},{\"ProfileID\":315,\"Position\":{\"x\":-207.2726,\"y\":376.0482,\"z\":25.0855},\"Rotation\":{\"y\":0.8336804,\"w\":0.5522472},\"LengthScale\":1.0},{\"ProfileID\":315,\"Position\":{\"x\":-207.096146,\"y\":376.0482,\"z\":25.5020447},\"Rotation\":{\"y\":0.8336804,\"w\":0.5522472},\"LengthScale\":1.0},{\"ProfileID\":315,\"Position\":{\"x\":-206.9197,\"y\":376.0482,\"z\":25.91859},\"Rotation\":{\"y\":-0.552247345,\"w\":0.833680332},\"LengthScale\":1.0},{\"ProfileID\":315,\"Position\":{\"x\":-206.74324,\"y\":376.0482,\"z\":26.3351364},\"Rotation\":{\"y\":-0.552247345,\"w\":0.833680332},\"LengthScale\":1.0}],\"Storages\":[]},{\"TypeID\":4,\"Position\":{\"x\":-206.778152,\"y\":376.723175,\"z\":20.4585457},\"Rotation\":{\"y\":0.833680153,\"w\":0.5522476},\"LinkedStructures\":[{\"TypeID\":3,\"InstanceID\":22},{\"TypeID\":3,\"InstanceID\":30},null,null,null,null,null,null,null,null,null],\"Elements\":[{\"ProfileID\":314,\"Position\":{\"x\":-207.131058,\"y\":376.723175,\"z\":19.6254559},\"Rotation\":{\"y\":0.833680153,\"w\":0.5522476},\"LengthScale\":1.0},{\"ProfileID\":315,\"Position\":{\"x\":-206.9546,\"y\":376.723175,\"z\":20.042},\"Rotation\":{\"y\":0.833680153,\"w\":0.5522476},\"LengthScale\":1.0},{\"ProfileID\":315,\"Position\":{\"x\":-206.778152,\"y\":376.723175,\"z\":20.4585457},\"Rotation\":{\"y\":0.833680153,\"w\":0.5522476},\"LengthScale\":1.0},{\"ProfileID\":315,\"Position\":{\"x\":-206.6017,\"y\":376.723175,\"z\":20.8750916},\"Rotation\":{\"y\":-0.5522477,\"w\":0.8336801},\"LengthScale\":1.0},{\"ProfileID\":315,\"Position\":{\"x\":-206.425247,\"y\":376.723175,\"z\":21.2916355},\"Rotation\":{\"y\":-0.5522477,\"w\":0.8336801},\"LengthScale\":1.0}],\"Storages\":[]},{\"TypeID\":4,\"Position\":{\"x\":-207.977646,\"y\":376.0482,\"z\":23.4210472},\"Rotation\":{\"y\":-0.552247345,\"w\":0.8336804},\"LinkedStructures\":[{\"TypeID\":3,\"InstanceID\":37},{\"TypeID\":3,\"InstanceID\":35},null,null,null,null,null,null,null,null,null],\"Elements\":[{\"ProfileID\":314,\"Position\":{\"x\":-207.624741,\"y\":376.0482,\"z\":24.2541351},\"Rotation\":{\"y\":-0.552247345,\"w\":0.8336804},\"LengthScale\":1.0},{\"ProfileID\":315,\"Position\":{\"x\":-207.8012,\"y\":376.0482,\"z\":23.8375912},\"Rotation\":{\"y\":-0.552247345,\"w\":0.8336804},\"LengthScale\":1.0},{\"ProfileID\":315,\"Position\":{\"x\":-207.977646,\"y\":376.0482,\"z\":23.4210472},\"Rotation\":{\"y\":-0.552247345,\"w\":0.8336804},\"LengthScale\":1.0},{\"ProfileID\":315,\"Position\":{\"x\":-208.1541,\"y\":376.0482,\"z\":23.0045013},\"Rotation\":{\"y\":-0.833680332,\"w\":-0.552247465},\"LengthScale\":1.0},{\"ProfileID\":315,\"Position\":{\"x\":-208.330551,\"y\":376.0482,\"z\":22.5879555},\"Rotation\":{\"y\":-0.833680332,\"w\":-0.552247465},\"LengthScale\":1.0}],\"Storages\":[]},{\"TypeID\":4,\"Position\":{\"x\":-208.859146,\"y\":376.0482,\"z\":21.34005},\"Rotation\":{\"y\":-0.5522469,\"w\":0.83368057},\"LinkedStructures\":[{\"TypeID\":3,\"InstanceID\":12},{\"TypeID\":3,\"InstanceID\":34},null,null,null,null,null,null,null,null,null],\"Elements\":[{\"ProfileID\":6,\"Position\":{\"x\":-208.506241,\"y\":376.0482,\"z\":22.1731377},\"Rotation\":{\"y\":0.8336806,\"w\":0.552246869},\"LengthScale\":0.987405539}],\"Storages\":[]}],null,null,null,[{\"TypeID\":8,\"Position\":{\"x\":-206.019409,\"y\":377.010681,\"z\":16.4555435},\"Rotation\":{\"y\":-0.5522474,\"w\":0.833680332},\"LinkedStructures\":[null,null,null,null,null,null,null,null,null,null,null,null,null,null,{\"TypeID\":3,\"InstanceID\":36},{\"TypeID\":3,\"InstanceID\":25},null,null],\"Elements\":[{\"ProfileID\":5,\"Position\":{\"x\":-206.019409,\"y\":377.010681,\"z\":16.4555435},\"Rotation\":{\"y\":-0.5522474,\"w\":0.833680332},\"LengthScale\":1.0},{\"ProfileID\":5,\"Position\":{\"x\":-206.019409,\"y\":377.4607,\"z\":16.4555435},\"Rotation\":{\"x\":0.314726144,\"y\":-0.453789264,\"z\":-0.475114942,\"w\":0.685046554},\"LengthScale\":1.0},{\"ProfileID\":5,\"Position\":{\"x\":-206.019409,\"y\":377.910675,\"z\":16.4555435},\"Rotation\":{\"x\":0.4719229,\"y\":0.287170231,\"z\":-0.704619348,\"w\":-0.445346743},\"LengthScale\":1.0},{\"ProfileID\":5,\"Position\":{\"x\":-206.019409,\"y\":378.3607,\"z\":16.4555435},\"Rotation\":{\"y\":-0.5522474,\"w\":0.833680332},\"LengthScale\":1.0},{\"ProfileID\":5,\"Position\":{\"x\":-206.019409,\"y\":378.810669,\"z\":16.4555435},\"Rotation\":{\"y\":-0.5522474,\"w\":0.833680332},\"LengthScale\":1.0}],\"Storages\":[]}],[{\"TypeID\":9,\"Position\":{\"x\":-185.25354,\"y\":373.223,\"z\":63.03696},\"Rotation\":{\"y\":-0.8192549,\"w\":0.573429644},\"LinkedStructures\":[null,null,null,null,null,null],\"Elements\":[{\"ProfileID\":13,\"Position\":{\"x\":-183.927719,\"y\":373.212341,\"z\":62.9616928},\"Rotation\":{\"x\":-0.7071068,\"w\":0.7071068},\"LengthScale\":1.0},{\"ProfileID\":13,\"Position\":{\"x\":-184.367081,\"y\":373.182983,\"z\":63.0589523},\"Rotation\":{\"x\":-0.7071068,\"w\":0.7071068},\"LengthScale\":1.0},{\"ProfileID\":13,\"Position\":{\"x\":-184.8084,\"y\":373.225342,\"z\":62.9710045},\"Rotation\":{\"x\":-0.7071068,\"w\":0.7071068},\"LengthScale\":1.0},{\"ProfileID\":13,\"Position\":{\"x\":-185.25354,\"y\":373.223,\"z\":63.03696},\"Rotation\":{\"x\":-0.7071068,\"w\":0.7071068},\"LengthScale\":1.0},{\"ProfileID\":13,\"Position\":{\"x\":-185.676346,\"y\":373.436584,\"z\":62.8829},\"Rotation\":{\"x\":-0.698867857,\"y\":0.107627809,\"z\":0.107627809,\"w\":0.698867857},\"LengthScale\":1.0}],\"Storages\":[]},{\"TypeID\":9,\"Position\":{\"x\":-178.21167,\"y\":378.5693,\"z\":50.26372},\"Rotation\":{\"y\":0.30356288,\"w\":0.9528114},\"LinkedStructures\":[null,null,null,null,null,null],\"Elements\":[{\"ProfileID\":13,\"Position\":{\"x\":-178.7165,\"y\":379.032959,\"z\":49.0328178},\"Rotation\":{\"x\":-0.7071068,\"y\":-4.47034836E-08,\"z\":-4.47034836E-08,\"w\":0.7071068},\"LengthScale\":1.0},{\"ProfileID\":13,\"Position\":{\"x\":-178.4971,\"y\":378.919739,\"z\":49.425705},\"Rotation\":{\"x\":-0.7071068,\"y\":-4.47034836E-08,\"z\":-4.47034836E-08,\"w\":0.7071068},\"LengthScale\":1.0},{\"ProfileID\":13,\"Position\":{\"x\":-178.2777,\"y\":378.801178,\"z\":49.8185921},\"Rotation\":{\"x\":-0.7071068,\"y\":-4.47034836E-08,\"z\":-4.47034836E-08,\"w\":0.7071068},\"LengthScale\":1.0},{\"ProfileID\":13,\"Position\":{\"x\":-178.21167,\"y\":378.5693,\"z\":50.26372},\"Rotation\":{\"x\":-0.7071068,\"y\":-4.47034836E-08,\"z\":-4.47034836E-08,\"w\":0.7071068},\"LengthScale\":1.0},{\"ProfileID\":13,\"Position\":{\"x\":-177.951355,\"y\":378.519867,\"z\":50.6307869},\"Rotation\":{\"x\":0.10230691,\"y\":0.69966656,\"z\":0.69966656,\"w\":-0.10230691},\"LengthScale\":1.0}],\"Storages\":[]},{\"TypeID\":9,\"Position\":{\"x\":-180.778381,\"y\":373.401031,\"z\":63.0249},\"Rotation\":{\"y\":-0.714165747,\"w\":0.6999766},\"LinkedStructures\":[null,null,null,null,null,null],\"Elements\":[{\"ProfileID\":13,\"Position\":{\"x\":-179.671509,\"y\":373.805237,\"z\":62.2735634},\"Rotation\":{\"x\":-0.7071068,\"w\":0.7071068},\"LengthScale\":1.0},{\"ProfileID\":13,\"Position\":{\"x\":-180.0182,\"y\":373.668182,\"z\":62.56045},\"Rotation\":{\"x\":-0.7071068,\"w\":0.7071068},\"LengthScale\":1.0},{\"ProfileID\":13,\"Position\":{\"x\":-180.3649,\"y\":373.5219,\"z\":62.8473434},\"Rotation\":{\"x\":-0.7071068,\"w\":0.7071068},\"LengthScale\":1.0},{\"ProfileID\":13,\"Position\":{\"x\":-180.778381,\"y\":373.401031,\"z\":63.0249},\"Rotation\":{\"x\":-0.7071068,\"w\":0.7071068},\"LengthScale\":1.0},{\"ProfileID\":13,\"Position\":{\"x\":-181.228287,\"y\":373.349121,\"z\":63.01587},\"Rotation\":{\"x\":-0.5049914,\"y\":0.4949582,\"z\":0.494958133,\"w\":0.504991531},\"LengthScale\":1.0}],\"Storages\":[]},{\"TypeID\":9,\"Position\":{\"x\":-178.978119,\"y\":374.106171,\"z\":61.6997871},\"Rotation\":{\"y\":-0.425719559,\"w\":0.9048552},\"LinkedStructures\":[null,null,null,null,null,null],\"Elements\":[{\"ProfileID\":13,\"Position\":{\"x\":-177.938034,\"y\":374.55838,\"z\":60.8391228},\"Rotation\":{\"x\":-0.7071068,\"w\":0.7071068},\"LengthScale\":1.0},{\"ProfileID\":13,\"Position\":{\"x\":-178.284729,\"y\":374.412018,\"z\":61.12601},\"Rotation\":{\"x\":-0.7071068,\"w\":0.7071068},\"LengthScale\":1.0},{\"ProfileID\":13,\"Position\":{\"x\":-178.631424,\"y\":374.253357,\"z\":61.4129},\"Rotation\":{\"x\":-0.7071068,\"w\":0.7071068},\"LengthScale\":1.0},{\"ProfileID\":13,\"Position\":{\"x\":-178.978119,\"y\":374.106171,\"z\":61.6997871},\"Rotation\":{\"x\":-0.7071068,\"w\":0.7071068},\"LengthScale\":1.0},{\"ProfileID\":13,\"Position\":{\"x\":-179.324814,\"y\":373.962463,\"z\":61.9866753},\"Rotation\":{\"x\":-0.301029235,\"y\":0.6398293,\"z\":0.6398293,\"w\":0.301029235},\"LengthScale\":1.0}],\"Storages\":[]},{\"TypeID\":9,\"Position\":{\"x\":-177.244644,\"y\":374.9261,\"z\":60.26535},\"Rotation\":{\"y\":-0.425719559,\"w\":0.9048552},\"LinkedStructures\":[null,null,null,null,null,null],\"Elements\":[{\"ProfileID\":13,\"Position\":{\"x\":-177.2304,\"y\":374.930237,\"z\":60.2666931},\"Rotation\":{\"x\":-0.7128289,\"y\":0.0193963051,\"z\":0.0193963647,\"w\":0.700801432},\"LengthScale\":1.0},{\"ProfileID\":13,\"Position\":{\"x\":-177.552521,\"y\":374.721741,\"z\":60.5529747},\"Rotation\":{\"x\":-0.261248052,\"y\":0.6513839,\"z\":0.660931766,\"w\":0.265740246},\"LengthScale\":1.0}],\"Storages\":[]},{\"TypeID\":9,\"Position\":{\"x\":-176.271088,\"y\":375.62204,\"z\":59.2373123},\"Rotation\":{\"y\":0.8191034,\"w\":0.5736459},\"LinkedStructures\":[null,null,null,null,null,null],\"Elements\":[{\"ProfileID\":13,\"Position\":{\"x\":-177.418381,\"y\":374.923645,\"z\":59.94878},\"Rotation\":{\"x\":-0.7071068,\"w\":0.7071068},\"LengthScale\":1.0},{\"ProfileID\":13,\"Position\":{\"x\":-177.03595,\"y\":375.141174,\"z\":59.71162},\"Rotation\":{\"x\":-0.7071068,\"w\":0.7071068},\"LengthScale\":1.0},{\"ProfileID\":13,\"Position\":{\"x\":-176.653519,\"y\":375.370422,\"z\":59.4744644},\"Rotation\":{\"x\":-0.7071068,\"w\":0.7071068},\"LengthScale\":1.0},{\"ProfileID\":13,\"Position\":{\"x\":-176.271088,\"y\":375.62204,\"z\":59.2373123},\"Rotation\":{\"x\":-0.7071068,\"w\":0.7071068},\"LengthScale\":1.0},{\"ProfileID\":13,\"Position\":{\"x\":-175.8482,\"y\":375.914978,\"z\":59.083477},\"Rotation\":{\"x\":-0.693686545,\"y\":-0.1371094,\"z\":-0.1371094,\"w\":0.693686545},\"LengthScale\":1.0}],\"Storages\":[]},{\"TypeID\":9,\"Position\":{\"x\":-175.438431,\"y\":376.521667,\"z\":58.2829933},\"Rotation\":{\"y\":-0.234727338,\"w\":0.9720613},\"LinkedStructures\":[null,null,null,null,null,null],\"Elements\":[{\"ProfileID\":2,\"Position\":{\"x\":-175.279724,\"y\":377.220917,\"z\":56.95418},\"Rotation\":{\"x\":-0.707106769,\"y\":-2.98023224E-08,\"z\":-2.98023224E-08,\"w\":0.707106769},\"LengthScale\":1.0},{\"ProfileID\":13,\"Position\":{\"x\":-175.249069,\"y\":377.046875,\"z\":57.4031372},\"Rotation\":{\"x\":-0.707106769,\"y\":-4.47034836E-08,\"z\":-4.47034836E-08,\"w\":0.707106769},\"LengthScale\":1.0},{\"ProfileID\":13,\"Position\":{\"x\":-175.34375,\"y\":376.772522,\"z\":57.8430634},\"Rotation\":{\"x\":-0.707106769,\"y\":-4.47034836E-08,\"z\":-4.47034836E-08,\"w\":0.707106769},\"LengthScale\":1.0},{\"ProfileID\":13,\"Position\":{\"x\":-175.438431,\"y\":376.521667,\"z\":58.2829933},\"Rotation\":{\"x\":-0.707106769,\"y\":-4.47034836E-08,\"z\":-4.47034836E-08,\"w\":0.707106769},\"LengthScale\":1.0},{\"ProfileID\":13,\"Position\":{\"x\":-175.643784,\"y\":376.216034,\"z\":58.6834068},\"Rotation\":{\"x\":-0.165463567,\"y\":0.687475,\"z\":0.687474966,\"w\":0.165463522},\"LengthScale\":1.0}],\"Storages\":[]},{\"TypeID\":9,\"Position\":{\"x\":-175.341034,\"y\":377.594818,\"z\":56.05627},\"Rotation\":{\"y\":0.03408074,\"w\":0.9994191},\"LinkedStructures\":[null,null,null,null,null,null],\"Elements\":[{\"ProfileID\":13,\"Position\":{\"x\":-175.5271,\"y\":378.072174,\"z\":54.75389},\"Rotation\":{\"x\":-0.7071068,\"y\":1.11758709E-08,\"z\":1.11758709E-08,\"w\":0.7071068},\"LengthScale\":1.0},{\"ProfileID\":13,\"Position\":{\"x\":-175.34697,\"y\":378.021,\"z\":55.1662636},\"Rotation\":{\"x\":-0.7071068,\"y\":1.11758709E-08,\"z\":1.11758709E-08,\"w\":0.7071068},\"LengthScale\":1.0},{\"ProfileID\":13,\"Position\":{\"x\":-175.2772,\"y\":377.8604,\"z\":55.61082},\"Rotation\":{\"x\":-0.7071068,\"y\":1.11758709E-08,\"z\":1.11758709E-08,\"w\":0.7071068},\"LengthScale\":1.0},{\"ProfileID\":13,\"Position\":{\"x\":-175.341034,\"y\":377.594818,\"z\":56.05627},\"Rotation\":{\"x\":-0.7071068,\"y\":1.49011612E-08,\"z\":1.49011612E-08,\"w\":0.7071068},\"LengthScale\":1.0},{\"ProfileID\":2,\"Position\":{\"x\":-175.310379,\"y\":377.4025,\"z\":56.5052261},\"Rotation\":{\"x\":0.0240987167,\"y\":0.7066961,\"z\":0.706696033,\"w\":-0.0240987167},\"LengthScale\":1.0}],\"Storages\":[]},{\"TypeID\":9,\"Position\":{\"x\":-175.88736,\"y\":378.1959,\"z\":53.92914},\"Rotation\":{\"y\":0.204463363,\"w\":0.9788742},\"LinkedStructures\":[null,null,null,null,null,null],\"Elements\":[{\"ProfileID\":13,\"Position\":{\"x\":-176.281418,\"y\":378.5758,\"z\":52.68582},\"Rotation\":{\"x\":-0.707106769,\"w\":0.707106769},\"LengthScale\":1.0},{\"ProfileID\":13,\"Position\":{\"x\":-176.042938,\"y\":378.549225,\"z\":53.0674324},\"Rotation\":{\"x\":-0.707106769,\"w\":0.707106769},\"LengthScale\":1.0},{\"ProfileID\":13,\"Position\":{\"x\":-176.06749,\"y\":378.275818,\"z\":53.51676},\"Rotation\":{\"x\":-0.707106769,\"w\":0.707106769},\"LengthScale\":1.0},{\"ProfileID\":13,\"Position\":{\"x\":-175.88736,\"y\":378.1959,\"z\":53.92914},\"Rotation\":{\"x\":-0.707106769,\"w\":0.707106769},\"LengthScale\":1.0},{\"ProfileID\":13,\"Position\":{\"x\":-175.70723,\"y\":378.132141,\"z\":54.3415146},\"Rotation\":{\"x\":0.144577444,\"y\":0.692168653,\"z\":0.692168653,\"w\":-0.144577444},\"LengthScale\":1.0}],\"Storages\":[]},{\"TypeID\":9,\"Position\":{\"x\":-176.845551,\"y\":378.5327,\"z\":51.9936447},\"Rotation\":{\"y\":0.39360854,\"w\":0.919278145},\"LinkedStructures\":[null,null,null,null,null,null],\"Elements\":[{\"ProfileID\":13,\"Position\":{\"x\":-177.82251,\"y\":378.342682,\"z\":51.0619469},\"Rotation\":{\"x\":-0.7071068,\"w\":0.7071068},\"LengthScale\":1.0},{\"ProfileID\":13,\"Position\":{\"x\":-177.496857,\"y\":378.4022,\"z\":51.3725128},\"Rotation\":{\"x\":-0.7071068,\"w\":0.7071068},\"LengthScale\":1.0},{\"ProfileID\":13,\"Position\":{\"x\":-177.1712,\"y\":378.465057,\"z\":51.68308},\"Rotation\":{\"x\":-0.7071068,\"w\":0.7071068},\"LengthScale\":1.0},{\"ProfileID\":13,\"Position\":{\"x\":-176.845551,\"y\":378.5327,\"z\":51.9936447},\"Rotation\":{\"x\":-0.7071068,\"w\":0.7071068},\"LengthScale\":1.0},{\"ProfileID\":13,\"Position\":{\"x\":-176.5199,\"y\":378.609528,\"z\":52.30421},\"Rotation\":{\"x\":0.194919646,\"y\":0.679710567,\"z\":0.6797105,\"w\":-0.194919556},\"LengthScale\":1.0}],\"Storages\":[]},{\"TypeID\":9,\"Position\":{\"x\":-186.159653,\"y\":374.0353,\"z\":62.96558},\"Rotation\":{\"y\":-0.396572053,\"w\":0.9180036},\"LinkedStructures\":[null,null,null,null,null,null],\"Elements\":[{\"ProfileID\":117,\"Position\":{\"x\":-186.159653,\"y\":374.0353,\"z\":62.96558},\"Rotation\":{\"x\":0.0279832184,\"y\":0.706552863,\"z\":0.706552863,\"w\":-0.0279832184},\"LengthScale\":1.0},{\"ProfileID\":117,\"Position\":{\"x\":-186.4873,\"y\":374.108124,\"z\":63.27404},\"Rotation\":{\"x\":-0.707106769,\"w\":0.707106769},\"LengthScale\":1.0}],\"Storages\":[]},{\"TypeID\":9,\"Position\":{\"x\":-179.155319,\"y\":379.3077,\"z\":48.2470436},\"Rotation\":{\"y\":0.2519088,\"w\":0.967751},\"LinkedStructures\":[null,null,null,null,null,null],\"Elements\":[{\"ProfileID\":13,\"Position\":{\"x\":-179.813538,\"y\":379.77475,\"z\":47.0683823},\"Rotation\":{\"x\":-0.7071068,\"w\":0.7071068},\"LengthScale\":1.0},{\"ProfileID\":13,\"Position\":{\"x\":-179.594131,\"y\":379.612061,\"z\":47.46127},\"Rotation\":{\"x\":-0.7071068,\"w\":0.7071068},\"LengthScale\":1.0},{\"ProfileID\":13,\"Position\":{\"x\":-179.374725,\"y\":379.4515,\"z\":47.8541565},\"Rotation\":{\"x\":-0.7071068,\"w\":0.7071068},\"LengthScale\":1.0},{\"ProfileID\":13,\"Position\":{\"x\":-179.155319,\"y\":379.3077,\"z\":48.2470436},\"Rotation\":{\"x\":-0.7071068,\"w\":0.7071068},\"LengthScale\":1.0},{\"ProfileID\":13,\"Position\":{\"x\":-178.935913,\"y\":379.15686,\"z\":48.63993},\"Rotation\":{\"x\":0.178126439,\"y\":0.684303343,\"z\":0.6843033,\"w\":-0.178126439},\"LengthScale\":1.0}],\"Storages\":[]},{\"TypeID\":9,\"Position\":{\"x\":-180.25235,\"y\":380.091217,\"z\":46.282608},\"Rotation\":{\"y\":0.2519088,\"w\":0.967751},\"LinkedStructures\":[null,null,null,null,null,null],\"Elements\":[{\"ProfileID\":13,\"Position\":{\"x\":-180.9161,\"y\":380.481659,\"z\":45.1874},\"Rotation\":{\"x\":-0.7071068,\"w\":0.7071068},\"LengthScale\":1.0},{\"ProfileID\":13,\"Position\":{\"x\":-180.6032,\"y\":380.439423,\"z\":45.5108032},\"Rotation\":{\"x\":-0.7071068,\"w\":0.7071068},\"LengthScale\":1.0},{\"ProfileID\":13,\"Position\":{\"x\":-180.290283,\"y\":380.4023,\"z\":45.83421},\"Rotation\":{\"x\":-0.7071068,\"w\":0.7071068},\"LengthScale\":1.0},{\"ProfileID\":13,\"Position\":{\"x\":-180.25235,\"y\":380.091217,\"z\":46.282608},\"Rotation\":{\"x\":-0.7071068,\"w\":0.7071068},\"LengthScale\":1.0},{\"ProfileID\":13,\"Position\":{\"x\":-180.032944,\"y\":379.934753,\"z\":46.6754951},\"Rotation\":{\"x\":0.178126439,\"y\":0.684303343,\"z\":0.6843033,\"w\":-0.178126439},\"LengthScale\":1.0}],\"Storages\":[]},{\"TypeID\":9,\"Position\":{\"x\":-181.601044,\"y\":380.451324,\"z\":44.60918},\"Rotation\":{\"y\":0.4666913,\"w\":0.884420335},\"LinkedStructures\":[null,null,null,null,null,null],\"Elements\":[{\"ProfileID\":13,\"Position\":{\"x\":-182.366226,\"y\":380.460754,\"z\":43.5458832},\"Rotation\":{\"x\":-0.7071068,\"w\":0.7071068},\"LengthScale\":1.0},{\"ProfileID\":13,\"Position\":{\"x\":-182.169373,\"y\":380.447144,\"z\":43.9505424},\"Rotation\":{\"x\":-0.7071068,\"w\":0.7071068},\"LengthScale\":1.0},{\"ProfileID\":13,\"Position\":{\"x\":-181.972519,\"y\":380.343933,\"z\":44.3552},\"Rotation\":{\"x\":-0.7071068,\"w\":0.7071068},\"LengthScale\":1.0},{\"ProfileID\":13,\"Position\":{\"x\":-181.601044,\"y\":380.451324,\"z\":44.60918},\"Rotation\":{\"x\":-0.7071068,\"w\":0.7071068},\"LengthScale\":1.0},{\"ProfileID\":13,\"Position\":{\"x\":-181.229568,\"y\":380.5172,\"z\":44.86316},\"Rotation\":{\"x\":0.2650671,\"y\":0.655545235,\"z\":0.655545235,\"w\":-0.2650671},\"LengthScale\":1.0}],\"Storages\":[]},{\"TypeID\":9,\"Position\":{\"x\":-182.759933,\"y\":380.478333,\"z\":42.7365646},\"Rotation\":{\"y\":0.224452958,\"w\":0.974485},\"LinkedStructures\":[null,null,null,null,null,null],\"Elements\":[{\"ProfileID\":13,\"Position\":{\"x\":-183.3505,\"y\":380.452972,\"z\":41.5225868},\"Rotation\":{\"x\":-0.7071068,\"y\":-4.47034836E-08,\"z\":-4.47034836E-08,\"w\":0.7071068},\"LengthScale\":1.0},{\"ProfileID\":13,\"Position\":{\"x\":-183.153641,\"y\":380.472778,\"z\":41.9272461},\"Rotation\":{\"x\":-0.7071068,\"y\":-4.47034836E-08,\"z\":-4.47034836E-08,\"w\":0.7071068},\"LengthScale\":1.0},{\"ProfileID\":13,\"Position\":{\"x\":-182.956787,\"y\":380.47757,\"z\":42.3319054},\"Rotation\":{\"x\":-0.7071068,\"y\":-4.47034836E-08,\"z\":-4.47034836E-08,\"w\":0.7071068},\"LengthScale\":1.0},{\"ProfileID\":13,\"Position\":{\"x\":-182.759933,\"y\":380.478333,\"z\":42.7365646},\"Rotation\":{\"x\":-0.7071068,\"y\":-4.47034836E-08,\"z\":-4.47034836E-08,\"w\":0.7071068},\"LengthScale\":1.0},{\"ProfileID\":13,\"Position\":{\"x\":-182.56308,\"y\":380.474426,\"z\":43.1412239},\"Rotation\":{\"x\":0.158712283,\"y\":0.6890649,\"z\":0.689065,\"w\":-0.158712283},\"LengthScale\":1.0}],\"Storages\":[]},{\"TypeID\":9,\"Position\":{\"x\":-183.7442,\"y\":380.40564,\"z\":40.71327},\"Rotation\":{\"y\":0.224452958,\"w\":0.974485},\"LinkedStructures\":[null,null,null,null,null,null],\"Elements\":[{\"ProfileID\":13,\"Position\":{\"x\":-184.137909,\"y\":380.352142,\"z\":39.90395},\"Rotation\":{\"x\":-0.7071068,\"y\":-4.47034836E-08,\"z\":-4.47034836E-08,\"w\":0.7071068},\"LengthScale\":1.0},{\"ProfileID\":13,\"Position\":{\"x\":-183.941055,\"y\":380.380676,\"z\":40.30861},\"Rotation\":{\"x\":-0.7071068,\"y\":-4.47034836E-08,\"z\":-4.47034836E-08,\"w\":0.7071068},\"LengthScale\":1.0},{\"ProfileID\":13,\"Position\":{\"x\":-183.7442,\"y\":380.40564,\"z\":40.71327},\"Rotation\":{\"x\":-0.7071068,\"y\":-4.47034836E-08,\"z\":-4.47034836E-08,\"w\":0.7071068},\"LengthScale\":1.0},{\"ProfileID\":13,\"Position\":{\"x\":-183.547348,\"y\":380.433167,\"z\":41.1179276},\"Rotation\":{\"x\":0.158712283,\"y\":0.6890649,\"z\":0.689065,\"w\":-0.158712283},\"LengthScale\":1.0}],\"Storages\":[]}],null,null,null,null,null,null,null,null,null,null,[{\"TypeID\":20,\"Position\":{\"x\":-205.6149,\"y\":375.885681,\"z\":26.1017933},\"Rotation\":{\"y\":0.833680153,\"w\":0.552247643},\"LinkedStructures\":[{\"TypeID\":1,\"InstanceID\":6},{\"TypeID\":1,\"InstanceID\":7},null,{\"TypeID\":22},null,null,{\"TypeID\":20,\"InstanceID\":1},{\"TypeID\":3,\"InstanceID\":2},{\"TypeID\":20,\"InstanceID\":10},{\"TypeID\":20,\"InstanceID\":2},{\"TypeID\":3,\"InstanceID\":1},{\"TypeID\":20,\"InstanceID\":12},null,null,null,null],\"Elements\":[{\"ProfileID\":212,\"Position\":{\"x\":-204.5744,\"y\":375.885681,\"z\":25.6610413},\"Rotation\":{\"y\":0.8336804,\"w\":0.5522472},\"LengthScale\":1.0}],\"Storages\":[]},{\"TypeID\":20,\"Position\":{\"x\":-203.5339,\"y\":375.885681,\"z\":25.2202911},\"Rotation\":{\"y\":0.199002847,\"w\":0.979998946},\"LinkedStructures\":[{\"TypeID\":1,\"InstanceID\":7},{\"TypeID\":1,\"InstanceID\":8},null,null,{\"TypeID\":22,\"InstanceID\":3},null,null,{\"TypeID\":20,\"InstanceID\":9},{\"TypeID\":20,\"InstanceID\":7},{\"TypeID\":20},{\"TypeID\":20,\"InstanceID\":10},{\"TypeID\":3,\"InstanceID\":2},null,null,null,null],\"Elements\":[{\"ProfileID\":212,\"Position\":{\"x\":-203.093155,\"y\":375.885681,\"z\":26.26079},\"Rotation\":{\"y\":0.199002534,\"w\":0.979999},\"LengthScale\":1.0}],\"Storages\":[]},{\"TypeID\":20,\"Position\":{\"x\":-205.6149,\"y\":375.885681,\"z\":26.1017933},\"Rotation\":{\"y\":0.199002847,\"w\":0.979998946},\"LinkedStructures\":[{\"TypeID\":1,\"InstanceID\":6},{\"TypeID\":1,\"InstanceID\":9},null,null,null,null,{\"TypeID\":20,\"InstanceID\":14},{\"TypeID\":20,\"InstanceID\":3},{\"TypeID\":20,\"InstanceID\":6},{\"TypeID\":20,\"InstanceID\":12},{\"TypeID\":20},{\"TypeID\":3,\"InstanceID\":1},null,null,null,null],\"Elements\":[{\"ProfileID\":212,\"Position\":{\"x\":-205.174149,\"y\":375.885681,\"z\":27.142292},\"Rotation\":{\"y\":0.1990024,\"w\":0.979999065},\"LengthScale\":1.0}],\"Storages\":[]},{\"TypeID\":20,\"Position\":{\"x\":-204.7334,\"y\":375.885681,\"z\":28.1827927},\"Rotation\":{\"y\":0.8336802,\"w\":0.5522476},\"LinkedStructures\":[{\"TypeID\":1,\"InstanceID\":9},{\"TypeID\":1,\"InstanceID\":10},null,{\"TypeID\":22,\"InstanceID\":1},{\"TypeID\":22},null,null,null,null,{\"TypeID\":20,\"InstanceID\":6},{\"TypeID\":20,\"InstanceID\":2},{\"TypeID\":20,\"InstanceID\":14},null,null,null,null],\"Elements\":[{\"ProfileID\":212,\"Position\":{\"x\":-203.6929,\"y\":375.885681,\"z\":27.7420425},\"Rotation\":{\"y\":0.833680451,\"w\":0.5522472},\"LengthScale\":1.0}],\"Storages\":[]},{\"TypeID\":20,\"Position\":{\"x\":-199.689911,\"y\":375.885681,\"z\":28.5007839},\"Rotation\":{\"y\":0.9799989,\"w\":-0.199002981},\"LinkedStructures\":[{\"TypeID\":1},{\"TypeID\":1,\"InstanceID\":2},null,null,null,null,null,{\"TypeID\":20,\"InstanceID\":9},{\"TypeID\":20,\"InstanceID\":11},null,{\"TypeID\":20,\"InstanceID\":8},null,null,null,null,null],\"Elements\":[{\"ProfileID\":212,\"Position\":{\"x\":-200.130661,\"y\":375.885681,\"z\":27.4602852},\"Rotation\":{\"y\":0.979998946,\"w\":-0.199002564},\"LengthScale\":1.0}],\"Storages\":[]},{\"TypeID\":20,\"Position\":{\"x\":-201.7709,\"y\":375.885681,\"z\":29.3822861},\"Rotation\":{\"y\":-0.5522476,\"w\":0.833680153},\"LinkedStructures\":[{\"TypeID\":1,\"InstanceID\":5},{\"TypeID\":1,\"InstanceID\":3},null,{\"TypeID\":22,\"InstanceID\":1},null,null,null,null,{\"TypeID\":20,\"InstanceID\":17},{\"TypeID\":20,\"InstanceID\":7},null,{\"TypeID\":20,\"InstanceID\":8},null,null,null,null],\"Elements\":[{\"ProfileID\":212,\"Position\":{\"x\":-202.8114,\"y\":375.885681,\"z\":29.8230362},\"Rotation\":{\"y\":-0.5522473,\"w\":0.833680332},\"LengthScale\":1.0}],\"Storages\":[]},{\"TypeID\":20,\"Position\":{\"x\":-204.7334,\"y\":375.885681,\"z\":28.1827927},\"Rotation\":{\"y\":0.199002862,\"w\":0.9799989},\"LinkedStructures\":[{\"TypeID\":1,\"InstanceID\":9},{\"TypeID\":1,\"InstanceID\":1},null,{\"TypeID\":22,\"InstanceID\":2},null,null,{\"TypeID\":20,\"InstanceID\":16},null,null,{\"TypeID\":20,\"InstanceID\":14},{\"TypeID\":20,\"InstanceID\":3},{\"TypeID\":20,\"InstanceID\":2},null,null,null,null],\"Elements\":[{\"ProfileID\":212,\"Position\":{\"x\":-204.292648,\"y\":375.885681,\"z\":29.2232914},\"Rotation\":{\"y\":0.199002549,\"w\":0.979998946},\"LengthScale\":1.0}],\"Storages\":[]},{\"TypeID\":20,\"Position\":{\"x\":-202.6524,\"y\":375.885681,\"z\":27.3012886},\"Rotation\":{\"y\":0.199002862,\"w\":0.9799989},\"LinkedStructures\":[{\"TypeID\":1,\"InstanceID\":8},{\"TypeID\":1,\"InstanceID\":5},null,null,null,null,{\"TypeID\":20,\"InstanceID\":5},{\"TypeID\":20,\"InstanceID\":8},null,null,{\"TypeID\":20,\"InstanceID\":9},{\"TypeID\":20,\"InstanceID\":1},null,null,null,null],\"Elements\":[{\"ProfileID\":212,\"Position\":{\"x\":-202.211655,\"y\":375.885681,\"z\":28.3417873},\"Rotation\":{\"y\":0.199002534,\"w\":0.979998946},\"LengthScale\":1.0}],\"Storages\":[]},{\"TypeID\":20,\"Position\":{\"x\":-201.7709,\"y\":375.885681,\"z\":29.3822861},\"Rotation\":{\"y\":0.8336802,\"w\":0.5522476},\"LinkedStructures\":[{\"TypeID\":1,\"InstanceID\":5},{\"TypeID\":1},null,null,null,null,null,{\"TypeID\":20,\"InstanceID\":4},null,null,{\"TypeID\":20,\"InstanceID\":7},{\"TypeID\":20,\"InstanceID\":5},null,null,null,null],\"Elements\":[{\"ProfileID\":212,\"Position\":{\"x\":-200.730408,\"y\":375.885681,\"z\":28.9415359},\"Rotation\":{\"y\":0.833680451,\"w\":0.5522472},\"LengthScale\":1.0}],\"Storages\":[]},{\"TypeID\":20,\"Position\":{\"x\":-202.6524,\"y\":375.885681,\"z\":27.3012886},\"Rotation\":{\"y\":0.8336802,\"w\":0.5522476},\"LinkedStructures\":[{\"TypeID\":1,\"InstanceID\":8},{\"TypeID\":1,\"InstanceID\":2},null,null,null,null,{\"TypeID\":20,\"InstanceID\":4},{\"TypeID\":20,\"InstanceID\":11},null,{\"TypeID\":20,\"InstanceID\":7},{\"TypeID\":20,\"InstanceID\":1},null,null,null,null,null],\"Elements\":[{\"ProfileID\":212,\"Position\":{\"x\":-201.611908,\"y\":375.885681,\"z\":26.8605385},\"Rotation\":{\"y\":0.833680451,\"w\":0.5522472},\"LengthScale\":1.0}],\"Storages\":[]},{\"TypeID\":20,\"Position\":{\"x\":-203.5339,\"y\":375.885681,\"z\":25.2202911},\"Rotation\":{\"y\":0.833680153,\"w\":0.552247643},\"LinkedStructures\":[{\"TypeID\":1,\"InstanceID\":7},{\"TypeID\":1,\"InstanceID\":22},null,null,null,null,null,{\"TypeID\":3,\"InstanceID\":32},null,{\"TypeID\":20,\"InstanceID\":1},{\"TypeID\":3,\"InstanceID\":2},{\"TypeID\":20},null,null,null,null],\"Elements\":[{\"ProfileID\":212,\"Position\":{\"x\":-202.493408,\"y\":375.885681,\"z\":24.779541},\"Rotation\":{\"y\":0.8336804,\"w\":0.5522472},\"LengthScale\":1.0}],\"Storages\":[]},{\"TypeID\":20,\"Position\":{\"x\":-200.571411,\"y\":375.885681,\"z\":26.4197865},\"Rotation\":{\"y\":0.9799989,\"w\":-0.199002981},\"LinkedStructures\":[{\"TypeID\":1,\"InstanceID\":2},{\"TypeID\":1,\"InstanceID\":23},null,null,{\"TypeID\":22,\"InstanceID\":3},null,null,null,null,null,{\"TypeID\":20,\"InstanceID\":9},{\"TypeID\":20,\"InstanceID\":4},null,null,null,null],\"Elements\":[{\"ProfileID\":212,\"Position\":{\"x\":-201.012161,\"y\":375.885681,\"z\":25.3792877},\"Rotation\":{\"y\":0.979998946,\"w\":-0.199002564},\"LengthScale\":1.0}],\"Storages\":[]},{\"TypeID\":20,\"Position\":{\"x\":-205.6149,\"y\":375.885681,\"z\":26.1017933},\"Rotation\":{\"y\":-0.552247643,\"w\":0.833680153},\"LinkedStructures\":[{\"TypeID\":1,\"InstanceID\":6},{\"TypeID\":1,\"InstanceID\":24},null,null,null,null,{\"TypeID\":3,\"InstanceID\":33},{\"TypeID\":20,\"InstanceID\":13},null,{\"TypeID\":3,\"InstanceID\":1},{\"TypeID\":20,\"InstanceID\":2},{\"TypeID\":20},null,null,null,null],\"Elements\":[{\"ProfileID\":212,\"Position\":{\"x\":-206.6554,\"y\":375.885681,\"z\":26.5425453},\"Rotation\":{\"y\":-0.552247345,\"w\":0.833680332},\"LengthScale\":1.0}],\"Storages\":[]},{\"TypeID\":20,\"Position\":{\"x\":-207.695892,\"y\":375.885681,\"z\":26.9832954},\"Rotation\":{\"y\":0.199002817,\"w\":0.979998946},\"LinkedStructures\":[{\"TypeID\":1,\"InstanceID\":24},{\"TypeID\":1,\"InstanceID\":25},null,null,null,null,null,{\"TypeID\":20,\"InstanceID\":14},{\"TypeID\":20,\"InstanceID\":15},null,{\"TypeID\":20,\"InstanceID\":12},{\"TypeID\":3,\"InstanceID\":33},null,null,null,null],\"Elements\":[{\"ProfileID\":212,\"Position\":{\"x\":-207.255142,\"y\":375.885681,\"z\":28.0237942},\"Rotation\":{\"y\":0.199002564,\"w\":0.979999},\"LengthScale\":1.0}],\"Storages\":[]},{\"TypeID\":20,\"Position\":{\"x\":-206.814392,\"y\":375.885681,\"z\":29.0642929},\"Rotation\":{\"y\":0.8336802,\"w\":0.5522476},\"LinkedStructures\":[{\"TypeID\":1,\"InstanceID\":25},{\"TypeID\":1,\"InstanceID\":9},null,null,null,null,{\"TypeID\":20,\"InstanceID\":6},{\"TypeID\":20,\"InstanceID\":2},{\"TypeID\":20,\"InstanceID\":3},{\"TypeID\":20,\"InstanceID\":15},{\"TypeID\":20,\"InstanceID\":13},null,null,null,null,null],\"Elements\":[{\"ProfileID\":212,\"Position\":{\"x\":-205.7739,\"y\":375.885681,\"z\":28.6235428},\"Rotation\":{\"y\":0.8336802,\"w\":0.5522476},\"LengthScale\":1.0}],\"Storages\":[]},{\"TypeID\":20,\"Position\":{\"x\":-206.814392,\"y\":375.885681,\"z\":29.0642929},\"Rotation\":{\"y\":0.199002862,\"w\":0.9799989},\"LinkedStructures\":[{\"TypeID\":1,\"InstanceID\":25},{\"TypeID\":1,\"InstanceID\":26},null,null,{\"TypeID\":22,\"InstanceID\":2},null,null,{\"TypeID\":20,\"InstanceID\":17},null,null,{\"TypeID\":20,\"InstanceID\":14},{\"TypeID\":20,\"InstanceID\":13},null,null,null,null],\"Elements\":[{\"ProfileID\":212,\"Position\":{\"x\":-206.373642,\"y\":375.885681,\"z\":30.1047916},\"Rotation\":{\"y\":0.199002549,\"w\":0.979998946},\"LengthScale\":1.0}],\"Storages\":[]},{\"TypeID\":20,\"Position\":{\"x\":-205.932892,\"y\":375.885681,\"z\":31.14529},\"Rotation\":{\"y\":0.8336802,\"w\":0.5522476},\"LinkedStructures\":[{\"TypeID\":1,\"InstanceID\":26},{\"TypeID\":1,\"InstanceID\":1},null,null,null,null,null,{\"TypeID\":20,\"InstanceID\":6},{\"TypeID\":20,\"InstanceID\":17},null,{\"TypeID\":20,\"InstanceID\":15},null,null,null,null,null],\"Elements\":[{\"ProfileID\":212,\"Position\":{\"x\":-204.8924,\"y\":375.885681,\"z\":30.70454},\"Rotation\":{\"y\":0.8336802,\"w\":0.5522476},\"LengthScale\":1.0}],\"Storages\":[]},{\"TypeID\":20,\"Position\":{\"x\":-203.8519,\"y\":375.885681,\"z\":30.2637882},\"Rotation\":{\"y\":-0.5522476,\"w\":0.833680153},\"LinkedStructures\":[{\"TypeID\":1,\"InstanceID\":3},{\"TypeID\":20,\"InstanceID\":15},null,null,null,null,{\"TypeID\":20,\"InstanceID\":15},null,{\"TypeID\":20,\"InstanceID\":16},null,null,{\"TypeID\":20,\"InstanceID\":5},null,null,null,null],\"Elements\":[{\"ProfileID\":229,\"Position\":{\"x\":-204.024948,\"y\":375.885681,\"z\":30.33709},\"Rotation\":{\"y\":-0.5522469,\"w\":0.83368057},\"LengthScale\":1.0}],\"Storages\":[]}],null,[{\"TypeID\":22,\"Position\":{\"x\":-204.133652,\"y\":376.0482,\"z\":26.7015419},\"Rotation\":{\"y\":0.199002251,\"w\":0.979999},\"LinkedStructures\":[{\"TypeID\":20},{\"TypeID\":20,\"InstanceID\":3},null,null,null,null,null,null,null,null,null],\"Elements\":[{\"ProfileID\":274,\"Position\":{\"x\":-203.300568,\"y\":376.0482,\"z\":26.3486481},\"Rotation\":{\"y\":0.199002251,\"w\":0.979999},\"LengthScale\":1.00444543},{\"ProfileID\":273,\"Position\":{\"x\":-203.717117,\"y\":376.0482,\"z\":26.525095},\"Rotation\":{\"y\":0.199002251,\"w\":0.979999},\"LengthScale\":1.00444543},{\"ProfileID\":272,\"Position\":{\"x\":-204.133652,\"y\":376.0482,\"z\":26.7015419},\"Rotation\":{\"y\":0.199002251,\"w\":0.979999},\"LengthScale\":1.00444543},{\"ProfileID\":271,\"Position\":{\"x\":-204.550186,\"y\":376.0482,\"z\":26.8779888},\"Rotation\":{\"y\":0.199002251,\"w\":0.979999},\"LengthScale\":1.00444543},{\"ProfileID\":270,\"Position\":{\"x\":-204.966736,\"y\":376.0482,\"z\":27.0544357},\"Rotation\":{\"y\":0.199002251,\"w\":0.979999},\"LengthScale\":1.00444543}],\"Storages\":[]},{\"TypeID\":22,\"Position\":{\"x\":-203.252151,\"y\":376.0482,\"z\":28.78254},\"Rotation\":{\"y\":0.9799989,\"w\":-0.199002892},\"LinkedStructures\":[{\"TypeID\":20,\"InstanceID\":5},{\"TypeID\":20,\"InstanceID\":3},null,null,null,null,null,null,null,null,null],\"Elements\":[{\"ProfileID\":274,\"Position\":{\"x\":-204.085236,\"y\":376.0482,\"z\":29.1354332},\"Rotation\":{\"y\":0.9799989,\"w\":-0.199002892},\"LengthScale\":1.00444221},{\"ProfileID\":273,\"Position\":{\"x\":-203.668686,\"y\":376.0482,\"z\":28.9589863},\"Rotation\":{\"y\":0.9799989,\"w\":-0.199002892},\"LengthScale\":1.00444221},{\"ProfileID\":272,\"Position\":{\"x\":-203.252151,\"y\":376.0482,\"z\":28.78254},\"Rotation\":{\"y\":0.9799989,\"w\":-0.199002892},\"LengthScale\":1.00444221},{\"ProfileID\":271,\"Position\":{\"x\":-202.835617,\"y\":376.0482,\"z\":28.6060925},\"Rotation\":{\"y\":0.9799989,\"w\":-0.199002892},\"LengthScale\":1.00444221},{\"ProfileID\":270,\"Position\":{\"x\":-202.419067,\"y\":376.0482,\"z\":28.4296455},\"Rotation\":{\"y\":0.9799989,\"w\":-0.199002892},\"LengthScale\":1.00444221}],\"Storages\":[]},{\"TypeID\":22,\"Position\":{\"x\":-205.333145,\"y\":376.0482,\"z\":29.6640415},\"Rotation\":{\"y\":0.833680153,\"w\":0.5522476},\"LinkedStructures\":[{\"TypeID\":20,\"InstanceID\":15},{\"TypeID\":20,\"InstanceID\":6},null,null,null,null,null,null,null,null,null],\"Elements\":[{\"ProfileID\":274,\"Position\":{\"x\":-205.68605,\"y\":376.0482,\"z\":28.8309517},\"Rotation\":{\"y\":0.833680153,\"w\":0.5522476},\"LengthScale\":1.00444221},{\"ProfileID\":273,\"Position\":{\"x\":-205.5096,\"y\":376.0482,\"z\":29.2474976},\"Rotation\":{\"y\":0.833680153,\"w\":0.5522476},\"LengthScale\":1.00444221},{\"ProfileID\":272,\"Position\":{\"x\":-205.333145,\"y\":376.0482,\"z\":29.6640415},\"Rotation\":{\"y\":0.833680153,\"w\":0.5522476},\"LengthScale\":1.00444221},{\"ProfileID\":271,\"Position\":{\"x\":-205.1567,\"y\":376.0482,\"z\":30.0805855},\"Rotation\":{\"y\":0.833680153,\"w\":0.5522476},\"LengthScale\":1.00444221}],\"Storages\":[]},{\"TypeID\":22,\"Position\":{\"x\":-202.052658,\"y\":376.0482,\"z\":25.82004},\"Rotation\":{\"y\":-0.552247345,\"w\":0.8336804},\"LinkedStructures\":[{\"TypeID\":20,\"InstanceID\":11},{\"TypeID\":20,\"InstanceID\":1},null,null,null,null,null,null,null,null,null],\"Elements\":[{\"ProfileID\":279,\"Position\":{\"x\":-200.915909,\"y\":376.0482,\"z\":26.3210964},\"Rotation\":{\"y\":-0.552247345,\"w\":0.8336804},\"LengthScale\":1.00444257},{\"ProfileID\":282,\"Position\":{\"x\":-202.4836,\"y\":376.0482,\"z\":26.9851627},\"Rotation\":{\"y\":-0.552247345,\"w\":0.8336804},\"LengthScale\":1.00444257},{\"ProfileID\":286,\"Position\":{\"x\":-201.438477,\"y\":376.0482,\"z\":26.5424519},\"Rotation\":{\"y\":-0.552247345,\"w\":0.8336804},\"LengthScale\":1.00444257}],\"Storages\":[]}],null,null,null,null,null,null,null,null,null,[{\"TypeID\":32,\"Position\":{\"x\":-204.329422,\"y\":376.1459,\"z\":26.80183},\"Rotation\":{\"x\":-0.06398329,\"y\":0.9738676,\"z\":-0.0142864287,\"w\":0.217448846},\"LinkedStructures\":[null],\"Elements\":[{\"ProfileID\":31,\"Position\":{\"x\":-204.329422,\"y\":376.1459,\"z\":26.80183},\"Rotation\":{\"x\":-0.06398329,\"y\":0.9738676,\"z\":-0.0142864259,\"w\":0.217448846},\"LengthScale\":1.0},{\"ProfileID\":120,\"Position\":{\"x\":-203.928818,\"y\":376.219025,\"z\":26.6950951},\"Rotation\":{\"x\":-0.06398329,\"y\":0.9738676,\"z\":-0.0142864259,\"w\":0.217448846},\"LengthScale\":1.0},{\"ProfileID\":119,\"Position\":{\"x\":-203.989044,\"y\":376.2303,\"z\":27.0236855},\"Rotation\":{\"x\":-0.06398329,\"y\":0.9738676,\"z\":-0.0142864259,\"w\":0.217448846},\"LengthScale\":1.0},{\"ProfileID\":121,\"Position\":{\"x\":-204.12149,\"y\":376.1464,\"z\":26.4399014},\"Rotation\":{\"x\":-0.06398329,\"y\":0.9738676,\"z\":-0.0142864259,\"w\":0.217448846},\"LengthScale\":1.0},{\"ProfileID\":119,\"Position\":{\"x\":-204.4896,\"y\":376.102753,\"z\":26.4635754},\"Rotation\":{\"x\":-0.06398329,\"y\":0.9738676,\"z\":-0.0142864259,\"w\":0.217448846},\"LengthScale\":1.0},{\"ProfileID\":122,\"Position\":{\"x\":-204.710388,\"y\":376.11264,\"z\":26.714489},\"Rotation\":{\"x\":-0.06398329,\"y\":0.9738676,\"z\":-0.0142864259,\"w\":0.217448846},\"LengthScale\":1.0},{\"ProfileID\":124,\"Position\":{\"x\":-204.310852,\"y\":376.195221,\"z\":27.20944},\"Rotation\":{\"x\":-0.06398329,\"y\":0.9738676,\"z\":-0.0142864259,\"w\":0.217448846},\"LengthScale\":1.0},{\"ProfileID\":123,\"Position\":{\"x\":-204.655334,\"y\":376.153229,\"z\":27.06853},\"Rotation\":{\"x\":-0.06398329,\"y\":0.9738676,\"z\":-0.0142864259,\"w\":0.217448846},\"LengthScale\":1.0}],\"Storages\":[{\"Version\":\"0.0.0\",\"ItemBlocks\":[]}]}],null,null,null,null,[{\"TypeID\":37,\"Position\":{\"x\":-181.678192,\"y\":373.290344,\"z\":63.00684},\"Rotation\":{\"y\":-0.714165747,\"w\":0.6999766},\"LinkedStructures\":[null,null,{\"TypeID\":37},null,null,null],\"Elements\":[{\"ProfileID\":13,\"Position\":{\"x\":-181.678192,\"y\":373.290344,\"z\":63.00684},\"Rotation\":{\"x\":-0.7071068,\"w\":0.7071068},\"LengthScale\":1.0},{\"ProfileID\":13,\"Position\":{\"x\":-182.1281,\"y\":373.261322,\"z\":62.99781},\"Rotation\":{\"x\":-0.7071068,\"w\":0.7071068},\"LengthScale\":1.0},{\"ProfileID\":13,\"Position\":{\"x\":-182.578,\"y\":373.222626,\"z\":62.98878},\"Rotation\":{\"x\":-0.7071068,\"w\":0.7071068},\"LengthScale\":1.0},{\"ProfileID\":13,\"Position\":{\"x\":-183.027908,\"y\":373.211853,\"z\":62.97975},\"Rotation\":{\"x\":-0.7071068,\"w\":0.7071068},\"LengthScale\":1.0},{\"ProfileID\":13,\"Position\":{\"x\":-183.477814,\"y\":373.204224,\"z\":62.9707222},\"Rotation\":{\"x\":-0.5049914,\"y\":0.4949582,\"z\":0.494958133,\"w\":0.504991531},\"LengthScale\":1.0},{\"ProfileID\":193,\"Position\":{\"x\":-182.578,\"y\":373.247284,\"z\":62.98878},\"Rotation\":{\"x\":-0.235322714,\"y\":-0.672598064,\"z\":-0.2400929,\"w\":0.6592348},\"LengthScale\":1.0}],\"Storages\":[]}],null,null,[{\"TypeID\":40,\"Position\":{\"x\":-209.4589,\"y\":376.3357,\"z\":22.8212986},\"Rotation\":{\"y\":0.199002728,\"w\":0.979998946},\"LinkedStructures\":[{\"TypeID\":3,\"InstanceID\":21},null,null,null,null,{\"TypeID\":3,\"InstanceID\":35}],\"Elements\":[{\"ProfileID\":7,\"Position\":{\"x\":-209.312,\"y\":376.3357,\"z\":23.1681},\"Rotation\":{\"y\":0.199002728,\"w\":0.979998946},\"LengthScale\":0.902114034}],\"Storages\":[]}],null,null,null,null,null,null,null,null]}"}}