{"Version":"0.0.0","Data":{"CookingSaveManager":"{\"_cookingPotData\":[{\"RecipeId\":-1},{\"RecipeId\":-1},{\"RecipeId\":-1},{\"RecipeId\":-1},{\"RecipeId\":-1},{\"RecipeId\":-1},{\"HasPot\":true,\"IsCooking\":true,\"CurrentLiquidVolume\":2000.0,\"RecipeId\":-1959027832,\"CookTimeRemaining\":583.2734},{\"HasPot\":true,\"IsDoneCooking\":true,\"CurrentLiquidVolume\":2000.0,\"RecipeId\":-521362042,\"CookTimeRemaining\":-0.192926526},{\"HasPot\":true,\"CurrentLiquidVolume\":2000.0,\"RecipeId\":-1}]}"}}