{"Version":"0.0.0","Data":{"Fires":"{\"Version\":\"0.0.0\",\"FiresPerStructureType\":{\"32\":[{\"PutOutChance\":-1,\"Fuel\":0.0001,\"FuelDrainRate\":1.0},{\"PutOutChance\":1,\"Fuel\":120.0,\"FuelDrainRate\":1.0},{\"PutOutChance\":1,\"Fuel\":120.0,\"FuelDrainRate\":0.892857134},{\"PutOutChance\":1,\"Fuel\":120.0,\"FuelDrainRate\":1.0},{\"Fuel\":0.0001,\"FuelDrainRate\":1.0},{\"PutOutChance\":1,\"Fuel\":120.0,\"FuelDrainRate\":0.0999999642},{\"IsLit\":true,\"PutOutChance\":2,\"Fuel\":18.8657036,\"FuelDrainRate\":0.25},{\"IsLit\":true,\"PutOutChance\":1,\"Fuel\":107.370659,\"FuelDrainRate\":0.0999999642},{\"IsLit\":true,\"PutOutChance\":1,\"Fuel\":731.567261,\"FuelDrainRate\":0.0999999642}]}}"}}