{"Version":"0.0.0","Data":{"Fires":"{\"Version\":\"0.0.0\",\"FiresPerStructureType\":{\"32\":[{\"PutOutChance\":-1,\"Fuel\":0.0001,\"FuelDrainRate\":1.0},{\"PutOutChance\":1,\"Fuel\":120.0,\"FuelDrainRate\":1.0},{\"PutOutChance\":1,\"Fuel\":120.0,\"FuelDrainRate\":0.892857134},{\"PutOutChance\":1,\"Fuel\":120.0,\"FuelDrainRate\":1.0},{\"PutOutChance\":1,\"Fuel\":120.0,\"FuelDrainRate\":1.0},{\"PutOutChance\":1,\"Fuel\":120.0,\"FuelDrainRate\":0.0999999642},{\"IsLit\":true,\"PutOutChance\":1,\"Fuel\":1199.28223,\"FuelDrainRate\":0.25},{\"Fuel\":0.00379382074,\"FuelDrainRate\":0.0999999642},{\"IsLit\":true,\"PutOutChance\":1,\"Fuel\":623.5421,\"FuelDrainRate\":0.0999999642}]}}"}}