{"Version":"0.0.0","Data":{"FreeFormFreeLinksManager":"{\"_supportingStructuresData\":[{\"Structure\":{\"_typeId\":22,\"_instanceId\":1},\"List\":[{\"_typeId\":32,\"_instanceId\":1}]},{\"Structure\":{\"_typeId\":22,\"_instanceId\":9},\"List\":[{\"_typeId\":32,\"_instanceId\":4}]},{\"Structure\":{\"_typeId\":5,\"_instanceId\":8},\"List\":[{\"_typeId\":42,\"_instanceId\":1}]},{\"Structure\":{\"_typeId\":42,\"_instanceId\":1},\"List\":[{\"_typeId\":41,\"_instanceId\":1}]},{\"Structure\":{\"_typeId\":3,\"_instanceId\":105},\"List\":[{\"_typeId\":41,\"_instanceId\":1}]},{\"Structure\":{\"_typeId\":5,\"_instanceId\":20},\"List\":[{\"_typeId\":32,\"_instanceId\":3}]},{\"Structure\":{\"_typeId\":5,\"_instanceId\":26},\"List\":[{\"_typeId\":42,\"_instanceId\":2},{\"_typeId\":42,\"_instanceId\":3}]},{\"Structure\":{\"_typeId\":2,\"_instanceId\":257},\"List\":[{\"_typeId\":41,\"_instanceId\":14}]},{\"Structure\":{\"_typeId\":2,\"_instanceId\":261},\"List\":[{\"_typeId\":41,\"_instanceId\":14}]},{\"Structure\":{\"_typeId\":42,\"_instanceId\":3},\"List\":[{\"_typeId\":41,\"_instanceId\":5}]},{\"Structure\":{\"_typeId\":3,\"_instanceId\":472},\"List\":[{\"_typeId\":41,\"_instanceId\":5}]}],\"_supportedByStructuresData\":[{\"Structure\":{\"_typeId\":32,\"_instanceId\":1},\"List\":[{\"_typeId\":22,\"_instanceId\":1}]},{\"Structure\":{\"_typeId\":32,\"_instanceId\":4},\"List\":[{\"_typeId\":22,\"_instanceId\":9}]},{\"Structure\":{\"_typeId\":42,\"_instanceId\":1},\"List\":[{\"_typeId\":5,\"_instanceId\":8}]},{\"Structure\":{\"_typeId\":41,\"_instanceId\":1},\"List\":[{\"_typeId\":42,\"_instanceId\":1},{\"_typeId\":3,\"_instanceId\":105}]},{\"Structure\":{\"_typeId\":32,\"_instanceId\":3},\"List\":[{\"_typeId\":5,\"_instanceId\":20}]},{\"Structure\":{\"_typeId\":42,\"_instanceId\":2},\"List\":[{\"_typeId\":5,\"_instanceId\":26}]},{\"Structure\":{\"_typeId\":42,\"_instanceId\":3},\"List\":[{\"_typeId\":5,\"_instanceId\":26}]},{\"Structure\":{\"_typeId\":41,\"_instanceId\":14},\"List\":[{\"_typeId\":2,\"_instanceId\":257},{\"_typeId\":2,\"_instanceId\":261}]},{\"Structure\":{\"_typeId\":41,\"_instanceId\":5},\"List\":[{\"_typeId\":42,\"_instanceId\":3},{\"_typeId\":3,\"_instanceId\":472}]}]}"}}