{"Version":"0.0.0","Data":{"PlayerState":"{\"_entries\":[{\"Name\":\"isNewItemInInventory_00000483\"},{\"Name\":\"crafted.00000379\",\"SettingType\":1,\"IntValue\":1},{\"Name\":\"crafted.00000412\",\"SettingType\":1,\"IntValue\":1},{\"Name\":\"crafted.00000413\",\"SettingType\":1,\"IntValue\":1},{\"Name\":\"crafted.00000589\",\"SettingType\":1,\"IntValue\":1},{\"Name\":\"isNewCraftingRecipe_StartingEmergencyPackRecipe\"},{\"Name\":\"isNewItemInInventory_00000486\"},{\"Name\":\"isNewItemInInventory_00000379\"},{\"Name\":\"isNewItemInInventory_00000380\"},{\"Name\":\"ShowMissingTacticalsTutorial\"},{\"Name\":\"ShowMissingPufftonsTutorial\"},{\"Name\":\"InventoryLightsActive\"},{\"Name\":\"seenFirstTimeEquip_00000412\",\"BoolValue\":true},{\"Name\":\"GotTutorialTarp\",\"BoolValue\":true},{\"Name\":\"isNewItemInInventory_00000437\"},{\"Name\":\"consumed.00000437\",\"SettingType\":1,\"IntValue\":43},{\"Name\":\"isNewCraftingRecipeTutorial_CraftedSpearRecipe\"},{\"Name\":\"isNewItemInInventory_00000392\"},{\"Name\":\"isNewItemInInventory_00000419\"},{\"Name\":\"crafted.00000474\",\"SettingType\":1,\"IntValue\":1},{\"Name\":\"isNewCraftingRecipe_CraftedSpearRecipe\"},{\"Name\":\"isNewItemInInventory_00000474\"},{\"Name\":\"seenFirstTimeEquip_00000379\",\"BoolValue\":true},{\"Name\":\"isNewCraftingRecipeTutorial_EnergyMixPlusRecipe\"},{\"Name\":\"hasOwned_00000500\",\"BoolValue\":true},{\"Name\":\"HasDismountedFromKnightVBefore\",\"BoolValue\":true},{\"Name\":\"consumed.00000438\",\"SettingType\":1,\"IntValue\":18},{\"Name\":\"isNewCraftingRecipeTutorial_CraftedAxeRecipe\"},{\"Name\":\"isNewCraftingRecipeTutorial_LeafArmourRecipe\"},{\"Name\":\"isNewCraftingRecipeTutorial_TorchRecipe\"},{\"Name\":\"Strength\",\"SettingType\":2,\"FloatValue\":36.88937},{\"Name\":\"StrengthLevel\",\"SettingType\":1,\"IntValue\":24},{\"Name\":\"CurrentStrength\",\"SettingType\":2,\"FloatValue\":8176.23633},{\"Name\":\"RequiredCurrentStrengthPerLevel\",\"SettingType\":2,\"FloatValue\":22164.207},{\"Name\":\"MaxHealth\",\"SettingType\":2,\"FloatValue\":146.0},{\"Name\":\"CurrentHealth\",\"SettingType\":2,\"FloatValue\":57.0356},{\"Name\":\"TargetHealth\",\"SettingType\":2,\"FloatValue\":126.0},{\"Name\":\"Hydration\",\"SettingType\":2,\"FloatValue\":49.50061},{\"Name\":\"Fullness\",\"SettingType\":2,\"FloatValue\":69.4002151},{\"Name\":\"Rest\",\"SettingType\":2,\"FloatValue\":76.0003357},{\"Name\":\"Stamina\",\"SettingType\":2,\"FloatValue\":68.4897461},{\"Name\":\"HydrationBuff\",\"SettingType\":2,\"FloatValue\":-0.00499388576},{\"Name\":\"FullnessBuff\",\"SettingType\":2,\"FloatValue\":-58.14637},{\"Name\":\"RestBuff\",\"SettingType\":2,\"FloatValue\":0.592284143},{\"Name\":\"CookingBuffTimeRemaining\",\"SettingType\":2,\"FloatValue\":-0.48949194},{\"Name\":\"CookingBuffRecipe\",\"SettingType\":1,\"IntValue\":-1},{\"Name\":\"player.position\",\"SettingType\":4,\"FloatArrayValue\":[-925.101563,88.78574,905.9365]},{\"Name\":\"player.rotation\",\"SettingType\":4,\"FloatArrayValue\":[-1.06865627E-10,0.9239205,3.16649675E-08,0.382584572]},{\"Name\":\"player.areaMask\",\"SettingType\":1},{\"Name\":\"isNewCraftingRecipeTutorial_CatFoodRecipe\"},{\"Name\":\"isNewCraftingRecipeTutorial_CraftedBowRecipe\"},{\"Name\":\"isNewCraftingRecipeTutorial_MolotovRecipe\"},{\"Name\":\"isNewCraftingRecipeTutorial_EnergyMixRecipe\"},{\"Name\":\"seenFirstTimeEquip_00000589\",\"BoolValue\":true},{\"Name\":\"SCREWBookLastUsed\",\"BoolValue\":true},{\"Name\":\"BlueprintBookPageIndex\",\"SettingType\":1,\"IntValue\":8},{\"Name\":\"isNewItemInInventory_00000476\"},{\"Name\":\"isNewItemInInventory_00000393\"},{\"Name\":\"hasOwned_00000402\",\"BoolValue\":true},{\"Name\":\"isNewItemInInventory_00000438\"},{\"Name\":\"isNewItemInInventory_00000517\"},{\"Name\":\"isNewItemInInventory_00000414\"},{\"Name\":\"isNewItemInInventory_00000527\"},{\"Name\":\"isNewItemInInventory_00000418\"},{\"Name\":\"isNewItemInInventory_00000410\"},{\"Name\":\"isNewItemInInventory_00000441\"},{\"Name\":\"consumed.00000441\",\"SettingType\":1,\"IntValue\":11},{\"Name\":\"isNewItemInInventory_00000439\"},{\"Name\":\"isNewItemInInventory_00000434\"},{\"Name\":\"isNewItemInInventory_00000415\"},{\"Name\":\"isNewItemInInventory_00000690\"},{\"Name\":\"isNewCraftingRecipeTutorial_TacticalArrowExplosiveUpgradeRecipe\"},{\"Name\":\"isNewCraftingRecipeTutorial_TacticalArrowFireUpgradeRecipe\"},{\"Name\":\"isNewCraftingRecipeTutorial_TacticalArrowShockUpgradeRecipe\"},{\"Name\":\"isNewItemInInventory_00000412\"},{\"Name\":\"isNewItemInInventory_00000420\"},{\"Name\":\"isNewItemInInventory_00000589\"},{\"Name\":\"isNewItemInInventory_00000416\"},{\"Name\":\"isNewItemInInventory_00000387\"},{\"Name\":\"isNewItemInInventory_00000362\"},{\"Name\":\"isNewItemInInventory_00000390\"},{\"Name\":\"consumed.00000517\",\"SettingType\":1,\"IntValue\":31},{\"Name\":\"HasBeenTiredBefore\",\"BoolValue\":true},{\"Name\":\"isNewItemInInventory_00000421\"},{\"Name\":\"consumed.00000421\",\"SettingType\":1,\"IntValue\":2},{\"Name\":\"consumed.00000433\",\"SettingType\":1,\"IntValue\":24},{\"Name\":\"isNewItemInInventory_00000432\"},{\"Name\":\"consumed.00000436\",\"SettingType\":1,\"IntValue\":52},{\"Name\":\"isNewCraftingRecipeTutorial_CraftedArrowsRecipe\"},{\"Name\":\"isNewItemInInventory_00000403\"},{\"Name\":\"crafted.00000443\",\"SettingType\":1,\"IntValue\":1},{\"Name\":\"isNewCraftingRecipe_CraftedBowRecipe\"},{\"Name\":\"isNewItemInInventory_00000524\"},{\"Name\":\"isNewItemInInventory_00000479\"},{\"Name\":\"crafted.00000507\",\"SettingType\":1,\"IntValue\":24},{\"Name\":\"isNewCraftingRecipe_CraftedArrowsRecipe\"},{\"Name\":\"isNewItemInInventory_00000436\"},{\"Name\":\"isNewItemInInventory_00000443\"},{\"Name\":\"isNewCraftingRecipeTutorial_CraftedArrowExplosiveUpgradeRecipe\"},{\"Name\":\"isNewCraftingRecipeTutorial_CraftedArrowFireUpgradeRecipe\"},{\"Name\":\"isNewCraftingRecipeTutorial_CraftedArrowShockUpgradeRecipe\"},{\"Name\":\"seenFirstTimeEquip_00000486\",\"BoolValue\":true},{\"Name\":\"DoneBuildFireTutorial\",\"BoolValue\":true},{\"Name\":\"isNewCraftingRecipeTutorial_FlashlightRechargeRecipe\"},{\"Name\":\"isNewCraftingRecipeTutorial_CraftedArrowPoisonUpgradeRecipe\"},{\"Name\":\"isNewCraftingRecipeTutorial_TacticalArrowPoisonUpgradeRecipe\"},{\"Name\":\"isNewItemInInventory_00000356\"},{\"Name\":\"isNewItemInInventory_00000453\"},{\"Name\":\"isNewItemInInventory_00000601\"},{\"Name\":\"isNewItemInInventory_00000606\"},{\"Name\":\"isNewItemInInventory_00000400\"},{\"Name\":\"isNewItemInInventory_00000397\"},{\"Name\":\"isNewItemInInventory_00000471\"},{\"Name\":\"consumed.00000439\",\"SettingType\":1,\"IntValue\":24},{\"Name\":\"isNewItemInInventory_00000376\"},{\"Name\":\"isNewItemInInventory_00000529\"},{\"Name\":\"isNewItemInInventory_00000523\"},{\"Name\":\"isNewItemInInventory_00000504\"},{\"Name\":\"seenFirstTimeEquip_00000355\",\"BoolValue\":true},{\"Name\":\"isNewCraftingRecipeTutorial_HealthMixPlusRecipe\"},{\"Name\":\"isNewCraftingRecipeTutorial_HealthMixRecipe\"},{\"Name\":\"isNewItemInInventory_00000433\"},{\"Name\":\"crafted.00000503\",\"SettingType\":1,\"IntValue\":1},{\"Name\":\"isNewCraftingRecipe_TorchRecipe\"},{\"Name\":\"seenFirstTimeEquip_00000413\",\"BoolValue\":true},{\"Name\":\"TorchWasLit\",\"BoolValue\":true},{\"Name\":\"TutorialBookPageIndex\",\"SettingType\":1,\"IntValue\":24},{\"Name\":\"isNewItemInInventory_00000466\"},{\"Name\":\"isNewItemInInventory_00000402\"},{\"Name\":\"crafted.00000422\",\"SettingType\":1,\"IntValue\":1},{\"Name\":\"isNewCraftingRecipe_CraftedAxeRecipe\"},{\"Name\":\"isNewItemInInventory_00000503\"},{\"Name\":\"isNewItemInInventory_00000422\"},{\"Name\":\"isNewItemInInventory_00000364\"},{\"Name\":\"isNewItemInInventory_00000355\"},{\"Name\":\"crafted.00000355\",\"SettingType\":1,\"IntValue\":2},{\"Name\":\"isNewCraftingRecipe_CompactPistolRailModRecipe\"},{\"Name\":\"isNewItemInInventory_00000440\"},{\"Name\":\"isNewItemInInventory_00000369\"},{\"Name\":\"isNewItemInInventory_00000381\"},{\"Name\":\"isNewCraftingRecipeTutorial_BoneArmourRecipe\"},{\"Name\":\"isNewCraftingRecipeTutorial_CraftedClubRecipe\"},{\"Name\":\"isNewItemInInventory_00000363\"},{\"Name\":\"isNewItemInInventory_00000661\"},{\"Name\":\"hasOwned_00000491\",\"BoolValue\":true},{\"Name\":\"isNewCraftingRecipeTutorial_TimeBombRecipe\"},{\"Name\":\"consumed.00000445\",\"SettingType\":1,\"IntValue\":43},{\"Name\":\"consumed.00000465\",\"SettingType\":1,\"IntValue\":3},{\"Name\":\"isNewItemInInventory_00000405\"},{\"Name\":\"isNewItemInInventory_00000430\"},{\"Name\":\"isNewItemInInventory_00000506\"},{\"Name\":\"crafted.00000494\",\"SettingType\":1,\"IntValue\":6},{\"Name\":\"isNewCraftingRecipe_BoneArmourRecipe\"},{\"Name\":\"isNewItemInInventory_00000494\"},{\"Name\":\"isNewItemInInventory_00000491\"},{\"Name\":\"hasOwned_00000495\",\"BoolValue\":true},{\"Name\":\"isNewItemInInventory_00000500\"},{\"Name\":\"isNewItemInInventory_00000495\"},{\"Name\":\"hasOwned_00000557\",\"BoolValue\":true},{\"Name\":\"consumed.00000400\",\"SettingType\":1,\"IntValue\":1},{\"Name\":\"crafted.00000464\",\"SettingType\":1,\"IntValue\":7},{\"Name\":\"isNewCraftingRecipe_CatFoodRecipe\"},{\"Name\":\"consumed.00000464\",\"SettingType\":1,\"IntValue\":7},{\"Name\":\"consumed.00000453\",\"SettingType\":1,\"IntValue\":2},{\"Name\":\"consumed.00000466\",\"SettingType\":1,\"IntValue\":8},{\"Name\":\"isNewItemInInventory_00000502\"},{\"Name\":\"isNewItemInInventory_00000413\"},{\"Name\":\"consumed.00000447\",\"SettingType\":1,\"IntValue\":11},{\"Name\":\"consumed.00000454\",\"SettingType\":1,\"IntValue\":1},{\"Name\":\"PointOfInterestFound_Bunker Entertainment\",\"BoolValue\":true},{\"Name\":\"isNewItemInInventory_00000635\"},{\"Name\":\"seenFirstTimeEquip_00000471\",\"BoolValue\":true},{\"Name\":\"seenFirstTimeEquip_00000353\",\"BoolValue\":true},{\"Name\":\"hasOwned_00000444\",\"BoolValue\":true},{\"Name\":\"seenFirstTimeEquip_00000444\",\"BoolValue\":true},{\"Name\":\"isNewItemInInventory_00000480\"},{\"Name\":\"isNewItemInInventory_00000444\"},{\"Name\":\"isNewItemInInventory_00000469\"},{\"Name\":\"isNewItemInInventory_00000593\"},{\"Name\":\"isNewItemInInventory_00000353\"},{\"Name\":\"consumed.00000448\",\"SettingType\":1,\"IntValue\":1},{\"Name\":\"consumed.00000446\",\"SettingType\":1,\"IntValue\":1},{\"Name\":\"isNewItemInInventory_00000459\"},{\"Name\":\"isNewItemInInventory_00000425\"},{\"Name\":\"isNewItemInInventory_00000484\"},{\"Name\":\"isNewItemInInventory_00000446\"},{\"Name\":\"isNewItemInInventory_00000450\"},{\"Name\":\"isNewItemInInventory_00000451\"},{\"Name\":\"isNewItemInInventory_00000445\"},{\"Name\":\"consumed.00000449\",\"SettingType\":1,\"IntValue\":3},{\"Name\":\"seenFirstTimeEquip_00000396\",\"BoolValue\":true},{\"Name\":\"isNewItemInInventory_00000396\"},{\"Name\":\"seenFirstTimeEquip_00000522\",\"BoolValue\":true},{\"Name\":\"hasOwned_00000499\",\"BoolValue\":true},{\"Name\":\"isNewItemInInventory_00000417\"},{\"Name\":\"isNewItemInInventory_00000485\"},{\"Name\":\"isNewItemInInventory_00000481\"},{\"Name\":\"seenFirstTimeEquip_00000358\",\"BoolValue\":true},{\"Name\":\"consumed.00000480\",\"SettingType\":1,\"IntValue\":1},{\"Name\":\"consumed.00000452\",\"SettingType\":1,\"IntValue\":1},{\"Name\":\"consumed.00000451\",\"SettingType\":1,\"IntValue\":3},{\"Name\":\"isNewItemInInventory_00000499\"},{\"Name\":\"isNewItemInInventory_00000522\"},{\"Name\":\"isNewItemInInventory_00000358\"},{\"Name\":\"isNewItemInInventory_00000482\"},{\"Name\":\"consumed.00000425\",\"SettingType\":1,\"IntValue\":10},{\"Name\":\"hasOwned_00000619\",\"BoolValue\":true},{\"Name\":\"isNewItemInInventory_00000590\"},{\"Name\":\"isNewItemInInventory_00000449\"},{\"Name\":\"isNewItemInInventory_00000595\"},{\"Name\":\"consumed.00000595\",\"SettingType\":1,\"IntValue\":1},{\"Name\":\"isNewItemInInventory_00000447\"},{\"Name\":\"isNewItemInInventory_00000599\"},{\"Name\":\"isNewItemInInventory_00000604\"},{\"Name\":\"isNewItemInInventory_00000373\"},{\"Name\":\"isNewCraftingRecipeTutorial_DeerHideArmourRecipe\"},{\"Name\":\"isNewItemInInventory_00000600\"},{\"Name\":\"consumed.00000594\",\"SettingType\":1,\"IntValue\":1},{\"Name\":\"isNewItemInInventory_00000496\"},{\"Name\":\"isNewItemInInventory_00000508\"},{\"Name\":\"crafted.00000479\",\"SettingType\":1,\"IntValue\":3},{\"Name\":\"crafted.00000419\",\"SettingType\":1,\"IntValue\":4},{\"Name\":\"crafted.00000476\",\"SettingType\":1,\"IntValue\":1},{\"Name\":\"isNewCraftingRecipe_LootPouchRecipe\"},{\"Name\":\"crafted.00000418\",\"SettingType\":1,\"IntValue\":3},{\"Name\":\"crafted.00000415\",\"SettingType\":1,\"IntValue\":1},{\"Name\":\"crafted.00000496\",\"SettingType\":1,\"IntValue\":2},{\"Name\":\"crafted.00000441\",\"SettingType\":1,\"IntValue\":1},{\"Name\":\"crafted.00000439\",\"SettingType\":1,\"IntValue\":2},{\"Name\":\"crafted.00000437\",\"SettingType\":1,\"IntValue\":2},{\"Name\":\"isNewItemInInventory_00000464\"},{\"Name\":\"consumed.00000570\",\"SettingType\":1,\"IntValue\":2},{\"Name\":\"isNewItemInInventory_00000634\"},{\"Name\":\"isNewItemInInventory_00000507\"},{\"Name\":\"isNewItemInInventory_00000368\"},{\"Name\":\"isNewItemInInventory_00000571\"},{\"Name\":\"crafted.00000388\",\"SettingType\":1,\"IntValue\":9},{\"Name\":\"isNewCraftingRecipe_MolotovRecipe\"},{\"Name\":\"isNewItemInInventory_00000388\"},{\"Name\":\"seenFirstTimeEquip_00000566\",\"BoolValue\":true},{\"Name\":\"crafted.00000618\",\"SettingType\":1,\"IntValue\":5},{\"Name\":\"isNewCraftingRecipeTutorial_PrintedArrowExplosiveUpgradeRecipe\"},{\"Name\":\"isNewCraftingRecipeTutorial_PrintedArrowFireUpgradeRecipe\"},{\"Name\":\"isNewCraftingRecipeTutorial_PrintedArrowPoisonUpgradeRecipe\"},{\"Name\":\"isNewCraftingRecipeTutorial_PrintedArrowShockUpgradeRecipe\"},{\"Name\":\"PointOfInterestFound_Bunker Food\",\"BoolValue\":true},{\"Name\":\"crafted.00000426\",\"SettingType\":1,\"IntValue\":2},{\"Name\":\"crafted.00000553\",\"SettingType\":1,\"IntValue\":7},{\"Name\":\"seenFirstTimeEquip_00000423\",\"BoolValue\":true},{\"Name\":\"hasOwned_00000492\",\"BoolValue\":true},{\"Name\":\"crafted.00000391\",\"SettingType\":1,\"IntValue\":3},{\"Name\":\"seenFirstTimeEquip_00000391\",\"BoolValue\":true},{\"Name\":\"isNewCraftingRecipeTutorial_TechArmourRecipe\"},{\"Name\":\"isNewItemInInventory_00000423\"},{\"Name\":\"isNewItemInInventory_00000467\"},{\"Name\":\"isNewItemInInventory_00000426\"},{\"Name\":\"isNewItemInInventory_00000518\"},{\"Name\":\"isNewItemInInventory_00000375\"},{\"Name\":\"isNewItemInInventory_00000553\"},{\"Name\":\"crafted.00000554\",\"SettingType\":1,\"IntValue\":3},{\"Name\":\"isNewCraftingRecipe_TechArmourRecipe\"},{\"Name\":\"isNewItemInInventory_00000554\"},{\"Name\":\"isNewItemInInventory_00000465\"},{\"Name\":\"isNewItemInInventory_00000492\"},{\"Name\":\"isNewItemInInventory_00000570\"},{\"Name\":\"isNewItemInInventory_00000569\"},{\"Name\":\"isNewItemInInventory_00000391\"},{\"Name\":\"consumed.00000426\",\"SettingType\":1,\"IntValue\":2},{\"Name\":\"isNewItemInInventory_00000431\"},{\"Name\":\"crafted.00000410\",\"SettingType\":1,\"IntValue\":1},{\"Name\":\"isNewItemInInventory_00000651\"},{\"Name\":\"consumed.00000397\",\"SettingType\":1,\"IntValue\":1},{\"Name\":\"seenFirstTimeEquip_00000468\",\"BoolValue\":true},{\"Name\":\"consumed.00000450\",\"SettingType\":1,\"IntValue\":1},{\"Name\":\"isNewItemInInventory_00000468\"}],\"NamedInts\":[{\"SaveObjectNameId\":\"BunkerLuxury.Cutscene.MutantBossIntro\"},{\"SaveObjectNameId\":\"BunkerResidential.Cutscene.GetDownSon\"}]}"}}