{"Version":"0.0.0","Data":{"ScrewStructureInstances":"{\"_structures\":[{\"Pos\":{\"x\":-205.2291,\"y\":376.252258,\"z\":52.4127045},\"Rot\":{\"y\":0.6869613,\"w\":0.7266941},\"Storages\":[{\"Version\":\"0.0.0\",\"ItemBlocks\":[{\"ItemId\":479,\"TotalCount\":5,\"UniqueItems\":[]}]}],\"Modules\":[]},{\"Id\":35,\"Pos\":{\"x\":-214.626419,\"y\":373.8525,\"z\":25.4535255},\"Rot\":{\"x\":-0.0490799472,\"y\":0.7189688,\"z\":0.03399775,\"w\":-0.6924733},\"Storages\":[{\"Version\":\"0.0.0\",\"ItemBlocks\":[{\"ItemId\":436,\"TotalCount\":5,\"UniqueItems\":[{\"Modules\":[{\"CurrentState\":1,\"TimeRemainingInState\":86400.0,\"PauseDecay\":true,\"Version\":\"0.0.0\",\"ModuleId\":3}]},{\"Modules\":[{\"CurrentState\":1,\"TimeRemainingInState\":86400.0,\"PauseDecay\":true,\"Version\":\"0.0.0\",\"ModuleId\":3}]},{\"Modules\":[{\"CurrentState\":1,\"TimeRemainingInState\":86400.0,\"PauseDecay\":true,\"Version\":\"0.0.0\",\"ModuleId\":3}]},{\"Modules\":[{\"CurrentState\":1,\"TimeRemainingInState\":86400.0,\"PauseDecay\":true,\"Version\":\"0.0.0\",\"ModuleId\":3}]},{\"Modules\":[{\"CurrentState\":1,\"TimeRemainingInState\":86400.0,\"PauseDecay\":true,\"Version\":\"0.0.0\",\"ModuleId\":3}]}]}]}],\"Modules\":[]},{\"Id\":62,\"Pos\":{\"x\":-204.995468,\"y\":374.703278,\"z\":40.9390945},\"Rot\":{\"x\":0.04828399,\"y\":0.9972663,\"z\":0.032941483,\"w\":0.04520539},\"Storages\":[{\"Version\":\"0.0.0\",\"ItemBlocks\":[{\"ItemId\":640,\"TotalCount\":27,\"UniqueItems\":[]}]}],\"Modules\":[]},{\"Id\":51,\"Pos\":{\"x\":-205.900528,\"y\":378.362335,\"z\":16.8549824},\"Rot\":{\"y\":0.19900094,\"w\":0.9799993},\"Storages\":[{\"Version\":\"0.0.0\",\"ItemBlocks\":[{\"ItemId\":403,\"TotalCount\":5,\"UniqueItems\":[]}]},{\"Version\":\"0.0.0\",\"ItemBlocks\":[]},{\"Version\":\"0.0.0\",\"ItemBlocks\":[{\"ItemId\":504,\"TotalCount\":4,\"UniqueItems\":[]}]},{\"Version\":\"0.0.0\",\"ItemBlocks\":[{\"ItemId\":415,\"TotalCount\":11,\"UniqueItems\":[]}]}],\"Modules\":[]},{\"Id\":67,\"Pos\":{\"x\":-204.247955,\"y\":374.82547,\"z\":38.06833},\"Rot\":{\"x\":-0.0162777528,\"y\":-0.994071841,\"z\":-0.0455198623,\"w\":-0.09738694},\"Storages\":[{\"Version\":\"0.0.0\",\"ItemBlocks\":[{\"ItemId\":78,\"TotalCount\":1,\"UniqueItems\":[]}]}],\"Modules\":[]},{\"Id\":52,\"Pos\":{\"x\":-203.358688,\"y\":376.160919,\"z\":28.14483},\"Rot\":{\"y\":0.8130489,\"w\":0.582195461},\"Storages\":[],\"Modules\":[]},{\"Id\":29,\"Pos\":{\"x\":-201.05304,\"y\":376.8359,\"z\":22.4015675},\"Rot\":{\"y\":0.175369471,\"w\":0.984502733},\"Storages\":[{\"Version\":\"0.0.0\",\"ItemBlocks\":[{\"ItemId\":392,\"TotalCount\":30,\"UniqueItems\":[]}]}],\"Modules\":[]},{\"Id\":31,\"Pos\":{\"x\":-204.376022,\"y\":374.9549,\"z\":35.71083},\"Rot\":{\"x\":-0.0221686,\"y\":0.997205436,\"z\":0.0128523735,\"w\":0.07017654},\"Storages\":[{\"Version\":\"0.0.0\",\"ItemBlocks\":[{\"ItemId\":393,\"TotalCount\":7,\"UniqueItems\":[]}]}],\"Modules\":[]},{\"Id\":29,\"Pos\":{\"x\":-203.388916,\"y\":376.8359,\"z\":23.4448166},\"Rot\":{\"y\":-0.2233641,\"w\":-0.974735141},\"Storages\":[{\"Version\":\"0.0.0\",\"ItemBlocks\":[{\"ItemId\":392,\"TotalCount\":25,\"UniqueItems\":[]}]}],\"Modules\":[]},{\"Id\":35,\"Pos\":{\"x\":-211.210724,\"y\":373.265747,\"z\":30.2592373},\"Rot\":{\"x\":0.07216439,\"y\":0.00249921973,\"z\":-0.0114469193,\"w\":0.997324},\"Storages\":[{\"Version\":\"0.0.0\",\"ItemBlocks\":[{\"ItemId\":436,\"TotalCount\":5,\"UniqueItems\":[{\"Modules\":[{\"CurrentState\":1,\"TimeRemainingInState\":86400.0,\"PauseDecay\":true,\"Version\":\"0.0.0\",\"ModuleId\":3}]},{\"Modules\":[{\"CurrentState\":1,\"TimeRemainingInState\":86400.0,\"PauseDecay\":true,\"Version\":\"0.0.0\",\"ModuleId\":3}]},{\"Modules\":[{\"CurrentState\":1,\"TimeRemainingInState\":86400.0,\"PauseDecay\":true,\"Version\":\"0.0.0\",\"ModuleId\":3}]},{\"Modules\":[{\"CurrentState\":1,\"TimeRemainingInState\":86400.0,\"PauseDecay\":true,\"Version\":\"0.0.0\",\"ModuleId\":3}]},{\"Modules\":[{\"CurrentState\":1,\"TimeRemainingInState\":86400.0,\"PauseDecay\":true,\"Version\":\"0.0.0\",\"ModuleId\":3}]}]}]}],\"Modules\":[]},{\"Id\":35,\"Pos\":{\"x\":-217.934464,\"y\":374.2492,\"z\":22.3942261},\"Rot\":{\"x\":0.02749811,\"y\":0.899958849,\"z\":0.07758709,\"w\":-0.4281335},\"Storages\":[{\"Version\":\"0.0.0\",\"ItemBlocks\":[{\"ItemId\":436,\"TotalCount\":5,\"UniqueItems\":[{\"Modules\":[{\"CurrentState\":1,\"TimeRemainingInState\":86400.0,\"PauseDecay\":true,\"Version\":\"0.0.0\",\"ModuleId\":3}]},{\"Modules\":[{\"CurrentState\":1,\"TimeRemainingInState\":86400.0,\"PauseDecay\":true,\"Version\":\"0.0.0\",\"ModuleId\":3}]},{\"Modules\":[{\"CurrentState\":1,\"TimeRemainingInState\":86400.0,\"PauseDecay\":true,\"Version\":\"0.0.0\",\"ModuleId\":3}]},{\"Modules\":[{\"CurrentState\":1,\"TimeRemainingInState\":86400.0,\"PauseDecay\":true,\"Version\":\"0.0.0\",\"ModuleId\":3}]},{\"Modules\":[{\"CurrentState\":1,\"TimeRemainingInState\":86400.0,\"PauseDecay\":true,\"Version\":\"0.0.0\",\"ModuleId\":3}]}]}]}],\"Modules\":[]},{\"Id\":84,\"Pos\":{\"x\":-200.687134,\"y\":376.160919,\"z\":30.7019444},\"Rot\":{\"y\":-0.198787808,\"w\":-0.9800426},\"Storages\":[{\"Version\":\"0.0.0\",\"ItemBlocks\":[{\"ItemId\":576,\"TotalCount\":10,\"UniqueItems\":[]}]}],\"Modules\":[]},{\"Id\":84,\"Pos\":{\"x\":-199.54071,\"y\":376.160919,\"z\":30.2197876},\"Rot\":{\"y\":-0.193160251,\"w\":-0.981167257},\"Storages\":[{\"Version\":\"0.0.0\",\"ItemBlocks\":[{\"ItemId\":576,\"TotalCount\":12,\"UniqueItems\":[]}]}],\"Modules\":[]},{\"Id\":20,\"Pos\":{\"x\":-201.078659,\"y\":376.160919,\"z\":28.4231033},\"Rot\":{\"y\":-0.452228278,\"w\":0.891902268},\"Storages\":[],\"Modules\":[]},{\"Id\":27,\"Pos\":{\"x\":-203.896881,\"y\":376.160919,\"z\":31.9028473},\"Rot\":{\"y\":-0.145953849,\"w\":-0.9892914},\"Storages\":[{\"Version\":\"0.0.0\",\"ItemBlocks\":[{\"ItemId\":433,\"TotalCount\":2,\"UniqueItems\":[{\"Modules\":[{\"CurrentState\":4,\"TimeRemainingInState\":172800.0,\"PauseDecay\":true,\"Version\":\"0.0.0\",\"ModuleId\":3}]},{\"Modules\":[{\"CurrentState\":4,\"TimeRemainingInState\":172800.0,\"PauseDecay\":true,\"Version\":\"0.0.0\",\"ModuleId\":3}]}]},{\"ItemId\":436,\"TotalCount\":1,\"UniqueItems\":[{\"Modules\":[{\"CurrentState\":4,\"TimeRemainingInState\":172800.0,\"PauseDecay\":true,\"Version\":\"0.0.0\",\"ModuleId\":3}]}]}]}],\"Modules\":[]},{\"Id\":32,\"Pos\":{\"x\":-188.107086,\"y\":373.645477,\"z\":62.54816},\"Rot\":{\"x\":0.02839519,\"y\":0.09825625,\"z\":0.006214209,\"w\":0.994736552},\"Storages\":[{\"Version\":\"0.0.0\",\"ItemBlocks\":[{\"ItemId\":405,\"TotalCount\":6,\"UniqueItems\":[]}]}],\"Modules\":[]},{\"Id\":58,\"Pos\":{\"x\":-203.264374,\"y\":374.3971,\"z\":44.26442},\"Rot\":{\"x\":-0.009526682,\"y\":-0.586521864,\"z\":-0.0520013347,\"w\":0.8082061},\"Storages\":[{\"Version\":\"0.0.0\",\"ItemBlocks\":[]},{\"Version\":\"0.0.0\",\"ItemBlocks\":[]},{\"Version\":\"0.0.0\",\"ItemBlocks\":[]},{\"Version\":\"0.0.0\",\"ItemBlocks\":[]},{\"Version\":\"0.0.0\",\"ItemBlocks\":[]},{\"Version\":\"0.0.0\",\"ItemBlocks\":[]},{\"Version\":\"0.0.0\",\"ItemBlocks\":[]},{\"Version\":\"0.0.0\",\"ItemBlocks\":[]},{\"Version\":\"0.0.0\",\"ItemBlocks\":[]},{\"Version\":\"0.0.0\",\"ItemBlocks\":[]},{\"Version\":\"0.0.0\",\"ItemBlocks\":[]}],\"Modules\":[]},{\"Id\":51,\"Pos\":{\"x\":-207.220184,\"y\":378.3598,\"z\":17.4161358},\"Rot\":{\"y\":0.199014142,\"w\":0.9799966},\"Storages\":[{\"Version\":\"0.0.0\",\"ItemBlocks\":[]},{\"Version\":\"0.0.0\",\"ItemBlocks\":[{\"ItemId\":414,\"TotalCount\":6,\"UniqueItems\":[]}]},{\"Version\":\"0.0.0\",\"ItemBlocks\":[]},{\"Version\":\"0.0.0\",\"ItemBlocks\":[]}],\"Modules\":[]},{\"Id\":51,\"Pos\":{\"x\":-208.30629,\"y\":378.378876,\"z\":17.8740482},\"Rot\":{\"y\":0.198992357,\"w\":0.980001032},\"Storages\":[{\"Version\":\"0.0.0\",\"ItemBlocks\":[]},{\"Version\":\"0.0.0\",\"ItemBlocks\":[{\"ItemId\":434,\"TotalCount\":6,\"UniqueItems\":[]}]},{\"Version\":\"0.0.0\",\"ItemBlocks\":[]},{\"Version\":\"0.0.0\",\"ItemBlocks\":[{\"ItemId\":420,\"TotalCount\":3,\"UniqueItems\":[]}]}],\"Modules\":[]},{\"Id\":49,\"Pos\":{\"x\":-208.119553,\"y\":376.8359,\"z\":18.82778},\"Rot\":{\"y\":-0.834914148,\"w\":-0.55038023},\"Storages\":[{\"Version\":\"0.0.0\",\"ItemBlocks\":[{\"ItemId\":410,\"TotalCount\":10,\"UniqueItems\":[]}]},{\"Version\":\"0.0.0\",\"ItemBlocks\":[{\"ItemId\":440,\"TotalCount\":10,\"UniqueItems\":[]}]},{\"Version\":\"0.0.0\",\"ItemBlocks\":[{\"ItemId\":504,\"TotalCount\":4,\"UniqueItems\":[]}]},{\"Version\":\"0.0.0\",\"ItemBlocks\":[]},{\"Version\":\"0.0.0\",\"ItemBlocks\":[{\"ItemId\":420,\"TotalCount\":3,\"UniqueItems\":[]}]},{\"Version\":\"0.0.0\",\"ItemBlocks\":[{\"ItemId\":420,\"TotalCount\":3,\"UniqueItems\":[]}]},{\"Version\":\"0.0.0\",\"ItemBlocks\":[{\"ItemId\":420,\"TotalCount\":3,\"UniqueItems\":[]}]},{\"Version\":\"0.0.0\",\"ItemBlocks\":[{\"ItemId\":496,\"TotalCount\":25,\"UniqueItems\":[]}]},{\"Version\":\"0.0.0\",\"ItemBlocks\":[{\"ItemId\":414,\"TotalCount\":3,\"UniqueItems\":[]}]},{\"Version\":\"0.0.0\",\"ItemBlocks\":[]},{\"Version\":\"0.0.0\",\"ItemBlocks\":[]},{\"Version\":\"0.0.0\",\"ItemBlocks\":[]}],\"Modules\":[]},{\"Id\":48,\"Pos\":{\"x\":-205.063965,\"y\":382.235931,\"z\":21.7609558},\"Rot\":{\"y\":0.929275751,\"w\":-0.3693869},\"Storages\":[],\"Modules\":[]},{\"Id\":23,\"Pos\":{\"x\":-203.6111,\"y\":376.55307,\"z\":25.9101887},\"Rot\":{\"y\":0.1990033,\"w\":0.9799988},\"Storages\":[],\"Modules\":[]},{\"Id\":84,\"Pos\":{\"x\":-200.061172,\"y\":376.8359,\"z\":20.2795143},\"Rot\":{\"y\":-0.8294048,\"w\":-0.5586481},\"Storages\":[{\"Version\":\"0.0.0\",\"ItemBlocks\":[{\"ItemId\":576,\"TotalCount\":12,\"UniqueItems\":[]}]}],\"Modules\":[]},{\"Id\":84,\"Pos\":{\"x\":-200.532776,\"y\":376.8359,\"z\":19.2167},\"Rot\":{\"y\":-0.8325203,\"w\":-0.5539945},\"Storages\":[{\"Version\":\"0.0.0\",\"ItemBlocks\":[{\"ItemId\":576,\"TotalCount\":12,\"UniqueItems\":[]}]}],\"Modules\":[]},{\"Id\":56,\"Pos\":{\"x\":-206.280975,\"y\":376.160919,\"z\":28.8867722},\"Rot\":{\"y\":0.56411463,\"w\":-0.825696468},\"Storages\":[],\"Modules\":[]},{\"Id\":23,\"Pos\":{\"x\":-204.689758,\"y\":376.580658,\"z\":26.37544},\"Rot\":{\"y\":0.1990033,\"w\":0.9799988},\"Storages\":[],\"Modules\":[]},{\"Id\":23,\"Pos\":{\"x\":-202.554428,\"y\":376.530548,\"z\":25.45846},\"Rot\":{\"y\":0.199003652,\"w\":0.979998767},\"Storages\":[],\"Modules\":[]},{\"Id\":23,\"Pos\":{\"x\":-201.487473,\"y\":376.522034,\"z\":25.0077629},\"Rot\":{\"y\":0.199003652,\"w\":0.979998767},\"Storages\":[],\"Modules\":[]},{\"Id\":49,\"Pos\":{\"x\":-201.940155,\"y\":376.8359,\"z\":18.5885715},\"Rot\":{\"y\":0.5612062,\"w\":-0.827676},\"Storages\":[{\"Version\":\"0.0.0\",\"ItemBlocks\":[]},{\"Version\":\"0.0.0\",\"ItemBlocks\":[]},{\"Version\":\"0.0.0\",\"ItemBlocks\":[]},{\"Version\":\"0.0.0\",\"ItemBlocks\":[]},{\"Version\":\"0.0.0\",\"ItemBlocks\":[]},{\"Version\":\"0.0.0\",\"ItemBlocks\":[]},{\"Version\":\"0.0.0\",\"ItemBlocks\":[]},{\"Version\":\"0.0.0\",\"ItemBlocks\":[]},{\"Version\":\"0.0.0\",\"ItemBlocks\":[]},{\"Version\":\"0.0.0\",\"ItemBlocks\":[]},{\"Version\":\"0.0.0\",\"ItemBlocks\":[]},{\"Version\":\"0.0.0\",\"ItemBlocks\":[]}],\"Modules\":[]},{\"Id\":84,\"Pos\":{\"x\":-201.010864,\"y\":376.8359,\"z\":18.10841},\"Rot\":{\"y\":-0.8338284,\"w\":-0.5520238},\"Storages\":[{\"Version\":\"0.0.0\",\"ItemBlocks\":[{\"ItemId\":576,\"TotalCount\":6,\"UniqueItems\":[]}]}],\"Modules\":[]},{\"Id\":22,\"Pos\":{\"x\":-208.863037,\"y\":379.535919,\"z\":21.3387623},\"Rot\":{\"y\":0.981213331,\"w\":-0.192926019},\"Storages\":[],\"Modules\":[]},{\"Id\":55,\"Pos\":{\"x\":-1061.21533,\"y\":80.37602,\"z\":803.5976},\"Rot\":{\"x\":-0.194057688,\"y\":0.256151736,\"z\":0.0525736474,\"w\":0.9454967},\"Storages\":[],\"Modules\":[]},{\"Id\":59,\"Pos\":{\"x\":-929.8757,\"y\":88.305275,\"z\":937.4485},\"Rot\":{\"x\":4.21018876E-06,\"y\":0.9914288,\"z\":-5.36441746E-07,\"w\":0.130647972},\"Storages\":[{\"Version\":\"0.0.0\",\"ItemBlocks\":[]}],\"Modules\":[]},{\"Id\":29,\"Pos\":{\"x\":-926.122559,\"y\":88.29053,\"z\":907.7239},\"Rot\":{\"y\":-0.412861466,\"w\":-0.910793841},\"Storages\":[{\"Version\":\"0.0.0\",\"ItemBlocks\":[{\"ItemId\":392,\"TotalCount\":30,\"UniqueItems\":[]}]}],\"Modules\":[]},{\"Id\":29,\"Pos\":{\"x\":-926.970642,\"y\":88.29053,\"z\":908.5543},\"Rot\":{\"y\":-0.3969015,\"w\":-0.9178612},\"Storages\":[{\"Version\":\"0.0.0\",\"ItemBlocks\":[{\"ItemId\":392,\"TotalCount\":30,\"UniqueItems\":[]}]}],\"Modules\":[]},{\"Id\":35,\"Pos\":{\"x\":-1077.6156,\"y\":61.6860275,\"z\":777.921753},\"Rot\":{\"x\":0.03614097,\"y\":-0.3044092,\"z\":-0.07456327,\"w\":-0.948930562},\"Storages\":[{\"Version\":\"0.0.0\",\"ItemBlocks\":[{\"ItemId\":436,\"TotalCount\":5,\"UniqueItems\":[{\"Modules\":[{\"CurrentState\":1,\"TimeRemainingInState\":86400.0,\"PauseDecay\":true,\"Version\":\"0.0.0\",\"ModuleId\":3}]},{\"Modules\":[{\"CurrentState\":1,\"TimeRemainingInState\":86400.0,\"PauseDecay\":true,\"Version\":\"0.0.0\",\"ModuleId\":3}]},{\"Modules\":[{\"CurrentState\":1,\"TimeRemainingInState\":86400.0,\"PauseDecay\":true,\"Version\":\"0.0.0\",\"ModuleId\":3}]},{\"Modules\":[{\"CurrentState\":1,\"TimeRemainingInState\":86400.0,\"PauseDecay\":true,\"Version\":\"0.0.0\",\"ModuleId\":3}]},{\"Modules\":[{\"CurrentState\":1,\"TimeRemainingInState\":86400.0,\"PauseDecay\":true,\"Version\":\"0.0.0\",\"ModuleId\":3}]}]}]}],\"Modules\":[]},{\"Id\":35,\"Pos\":{\"x\":-1080.3175,\"y\":61.581295,\"z\":780.4358},\"Rot\":{\"x\":-0.0588836856,\"y\":0.317606151,\"z\":0.02928156,\"w\":0.9459396},\"Storages\":[{\"Version\":\"0.0.0\",\"ItemBlocks\":[{\"ItemId\":436,\"TotalCount\":5,\"UniqueItems\":[{\"Modules\":[{\"CurrentState\":1,\"TimeRemainingInState\":86400.0,\"PauseDecay\":true,\"Version\":\"0.0.0\",\"ModuleId\":3}]},{\"Modules\":[{\"CurrentState\":1,\"TimeRemainingInState\":86400.0,\"PauseDecay\":true,\"Version\":\"0.0.0\",\"ModuleId\":3}]},{\"Modules\":[{\"CurrentState\":1,\"TimeRemainingInState\":86400.0,\"PauseDecay\":true,\"Version\":\"0.0.0\",\"ModuleId\":3}]},{\"Modules\":[{\"CurrentState\":1,\"TimeRemainingInState\":86400.0,\"PauseDecay\":true,\"Version\":\"0.0.0\",\"ModuleId\":3}]},{\"Modules\":[{\"CurrentState\":1,\"TimeRemainingInState\":86400.0,\"PauseDecay\":true,\"Version\":\"0.0.0\",\"ModuleId\":3}]}]}]}],\"Modules\":[]},{\"Id\":31,\"Pos\":{\"x\":-927.918945,\"y\":88.29053,\"z\":909.6948},\"Rot\":{\"y\":-0.2626956,\"w\":-0.964878738},\"Storages\":[{\"Version\":\"0.0.0\",\"ItemBlocks\":[{\"ItemId\":393,\"TotalCount\":17,\"UniqueItems\":[]}]}],\"Modules\":[]},{\"Id\":62,\"Pos\":{\"x\":-930.25885,\"y\":88.29053,\"z\":918.7143},\"Rot\":{\"y\":0.5190741,\"w\":0.854729235},\"Storages\":[{\"Version\":\"0.0.0\",\"ItemBlocks\":[{\"ItemId\":640,\"TotalCount\":27,\"UniqueItems\":[]}]}],\"Modules\":[]},{\"Id\":67,\"Pos\":{\"x\":-932.100342,\"y\":88.29053,\"z\":921.003},\"Rot\":{\"y\":0.84324497,\"w\":-0.5375295},\"Storages\":[{\"Version\":\"0.0.0\",\"ItemBlocks\":[]}],\"Modules\":[]},{\"Id\":52,\"Pos\":{\"x\":-917.8508,\"y\":88.29053,\"z\":909.448547},\"Rot\":{\"y\":0.0390992463,\"w\":-0.9992354},\"Storages\":[],\"Modules\":[]},{\"Id\":80,\"Pos\":{\"x\":-923.434753,\"y\":88.78574,\"z\":904.879},\"Rot\":{\"y\":0.934500635,\"w\":0.3559616},\"Storages\":[],\"Modules\":[]},{\"Id\":84,\"Pos\":{\"x\":-918.182434,\"y\":88.29053,\"z\":906.5946},\"Rot\":{\"y\":-0.9366601,\"w\":-0.350239784},\"Storages\":[{\"Version\":\"0.0.0\",\"ItemBlocks\":[{\"ItemId\":576,\"TotalCount\":5,\"UniqueItems\":[]}]}],\"Modules\":[]},{\"Id\":47,\"Pos\":{\"x\":-931.360535,\"y\":88.52974,\"z\":987.459351},\"Rot\":{\"x\":-0.00619695242,\"y\":-0.534305632,\"z\":0.009802889,\"w\":-0.8452119},\"Storages\":[],\"Modules\":[]},{\"Pos\":{\"x\":-918.5867,\"y\":90.17543,\"z\":911.3176},\"Rot\":{\"y\":-0.8369864,\"w\":0.547223747},\"Storages\":[{\"Version\":\"0.0.0\",\"ItemBlocks\":[{\"ItemId\":479,\"TotalCount\":5,\"UniqueItems\":[]}]}],\"Modules\":[]},{\"Id\":67,\"Pos\":{\"x\":-933.1229,\"y\":88.29053,\"z\":924.5248},\"Rot\":{\"y\":0.7939037,\"w\":-0.6080435},\"Storages\":[{\"Version\":\"0.0.0\",\"ItemBlocks\":[{\"ItemId\":78,\"TotalCount\":2,\"UniqueItems\":[]}]}],\"Modules\":[]},{\"Id\":27,\"Pos\":{\"x\":-918.355957,\"y\":88.29053,\"z\":913.7828},\"Rot\":{\"y\":0.7374434,\"w\":0.675408959},\"Storages\":[{\"Version\":\"0.0.0\",\"ItemBlocks\":[{\"ItemId\":436,\"TotalCount\":2,\"UniqueItems\":[{\"Modules\":[{\"CurrentState\":1,\"TimeRemainingInState\":86400.0,\"PauseDecay\":true,\"Version\":\"0.0.0\",\"ModuleId\":3}]},{\"Modules\":[{\"CurrentState\":1,\"TimeRemainingInState\":86400.0,\"PauseDecay\":true,\"Version\":\"0.0.0\",\"ModuleId\":3}]}]}]}],\"Modules\":[]},{\"Id\":27,\"Pos\":{\"x\":-916.0043,\"y\":88.2908249,\"z\":914.017},\"Rot\":{\"x\":-0.008273738,\"y\":0.7133793,\"z\":0.008126477,\"w\":0.700682163},\"Storages\":[{\"Version\":\"0.0.0\",\"ItemBlocks\":[{\"ItemId\":436,\"TotalCount\":3,\"UniqueItems\":[{\"Modules\":[{\"CurrentState\":1,\"TimeRemainingInState\":86400.0,\"PauseDecay\":true,\"Version\":\"0.0.0\",\"ModuleId\":3}]},{\"Modules\":[{\"CurrentState\":1,\"TimeRemainingInState\":86400.0,\"PauseDecay\":true,\"Version\":\"0.0.0\",\"ModuleId\":3}]},{\"Modules\":[{\"CurrentState\":1,\"TimeRemainingInState\":86400.0,\"PauseDecay\":true,\"Version\":\"0.0.0\",\"ModuleId\":3}]}]}]}],\"Modules\":[]},{\"Id\":35,\"Pos\":{\"x\":-942.531738,\"y\":86.19903,\"z\":878.113464},\"Rot\":{\"x\":0.059108384,\"y\":0.4668044,\"z\":-0.010002723,\"w\":-0.8823264},\"Storages\":[{\"Version\":\"0.0.0\",\"ItemBlocks\":[{\"ItemId\":436,\"TotalCount\":3,\"UniqueItems\":[{\"Modules\":[{\"CurrentState\":1,\"TimeRemainingInState\":86400.0,\"PauseDecay\":true,\"Version\":\"0.0.0\",\"ModuleId\":3}]},{\"Modules\":[{\"CurrentState\":1,\"TimeRemainingInState\":86400.0,\"PauseDecay\":true,\"Version\":\"0.0.0\",\"ModuleId\":3}]},{\"Modules\":[{\"CurrentState\":1,\"TimeRemainingInState\":86400.0,\"PauseDecay\":true,\"Version\":\"0.0.0\",\"ModuleId\":3}]}]}]}],\"Modules\":[]},{\"Id\":58,\"Pos\":{\"x\":-945.925842,\"y\":88.307106,\"z\":922.0549},\"Rot\":{\"x\":0.0009265681,\"y\":-0.5312543,\"z\":-0.00147914118,\"w\":0.8472107},\"Storages\":[{\"Version\":\"0.0.0\",\"ItemBlocks\":[]},{\"Version\":\"0.0.0\",\"ItemBlocks\":[]},{\"Version\":\"0.0.0\",\"ItemBlocks\":[]},{\"Version\":\"0.0.0\",\"ItemBlocks\":[]},{\"Version\":\"0.0.0\",\"ItemBlocks\":[]},{\"Version\":\"0.0.0\",\"ItemBlocks\":[]},{\"Version\":\"0.0.0\",\"ItemBlocks\":[{\"ItemId\":405,\"TotalCount\":1,\"UniqueItems\":[]}]},{\"Version\":\"0.0.0\",\"ItemBlocks\":[]},{\"Version\":\"0.0.0\",\"ItemBlocks\":[{\"ItemId\":405,\"TotalCount\":1,\"UniqueItems\":[]}]},{\"Version\":\"0.0.0\",\"ItemBlocks\":[]},{\"Version\":\"0.0.0\",\"ItemBlocks\":[{\"ItemId\":405,\"TotalCount\":1,\"UniqueItems\":[]}]}],\"Modules\":[]},{\"Id\":49,\"Pos\":{\"x\":-910.2325,\"y\":89.7862,\"z\":910.0506},\"Rot\":{\"y\":0.788246,\"w\":-0.6153604},\"Storages\":[{\"Version\":\"0.0.0\",\"ItemBlocks\":[{\"ItemId\":430,\"TotalCount\":1,\"UniqueItems\":[]}]},{\"Version\":\"0.0.0\",\"ItemBlocks\":[{\"ItemId\":430,\"TotalCount\":1,\"UniqueItems\":[]}]},{\"Version\":\"0.0.0\",\"ItemBlocks\":[{\"ItemId\":439,\"TotalCount\":5,\"UniqueItems\":[]}]},{\"Version\":\"0.0.0\",\"ItemBlocks\":[{\"ItemId\":441,\"TotalCount\":5,\"UniqueItems\":[]}]},{\"Version\":\"0.0.0\",\"ItemBlocks\":[{\"ItemId\":425,\"TotalCount\":2,\"UniqueItems\":[]}]},{\"Version\":\"0.0.0\",\"ItemBlocks\":[{\"ItemId\":421,\"TotalCount\":2,\"UniqueItems\":[]}]},{\"Version\":\"0.0.0\",\"ItemBlocks\":[{\"ItemId\":504,\"TotalCount\":3,\"UniqueItems\":[]}]},{\"Version\":\"0.0.0\",\"ItemBlocks\":[{\"ItemId\":430,\"TotalCount\":1,\"UniqueItems\":[]}]},{\"Version\":\"0.0.0\",\"ItemBlocks\":[{\"ItemId\":440,\"TotalCount\":7,\"UniqueItems\":[]}]},{\"Version\":\"0.0.0\",\"ItemBlocks\":[{\"ItemId\":437,\"TotalCount\":6,\"UniqueItems\":[]}]},{\"Version\":\"0.0.0\",\"ItemBlocks\":[{\"ItemId\":434,\"TotalCount\":6,\"UniqueItems\":[]}]},{\"Version\":\"0.0.0\",\"ItemBlocks\":[{\"ItemId\":476,\"TotalCount\":6,\"UniqueItems\":[]}]}],\"Modules\":[]},{\"Id\":49,\"Pos\":{\"x\":-910.6262,\"y\":89.78498,\"z\":912.12384},\"Rot\":{\"y\":0.782135844,\"w\":-0.623108},\"Storages\":[{\"Version\":\"0.0.0\",\"ItemBlocks\":[{\"ItemId\":420,\"TotalCount\":3,\"UniqueItems\":[]}]},{\"Version\":\"0.0.0\",\"ItemBlocks\":[{\"ItemId\":420,\"TotalCount\":3,\"UniqueItems\":[]}]},{\"Version\":\"0.0.0\",\"ItemBlocks\":[{\"ItemId\":420,\"TotalCount\":3,\"UniqueItems\":[]}]},{\"Version\":\"0.0.0\",\"ItemBlocks\":[{\"ItemId\":420,\"TotalCount\":3,\"UniqueItems\":[]}]},{\"Version\":\"0.0.0\",\"ItemBlocks\":[{\"ItemId\":635,\"TotalCount\":7,\"UniqueItems\":[]}]},{\"Version\":\"0.0.0\",\"ItemBlocks\":[{\"ItemId\":403,\"TotalCount\":7,\"UniqueItems\":[]}]},{\"Version\":\"0.0.0\",\"ItemBlocks\":[{\"ItemId\":403,\"TotalCount\":8,\"UniqueItems\":[]}]},{\"Version\":\"0.0.0\",\"ItemBlocks\":[{\"ItemId\":420,\"TotalCount\":3,\"UniqueItems\":[]}]},{\"Version\":\"0.0.0\",\"ItemBlocks\":[{\"ItemId\":410,\"TotalCount\":3,\"UniqueItems\":[]}]},{\"Version\":\"0.0.0\",\"ItemBlocks\":[{\"ItemId\":496,\"TotalCount\":59,\"UniqueItems\":[]}]},{\"Version\":\"0.0.0\",\"ItemBlocks\":[{\"ItemId\":414,\"TotalCount\":5,\"UniqueItems\":[]}]},{\"Version\":\"0.0.0\",\"ItemBlocks\":[{\"ItemId\":502,\"TotalCount\":19,\"UniqueItems\":[]}]}],\"Modules\":[]},{\"Id\":49,\"Pos\":{\"x\":-911.9995,\"y\":89.78569,\"z\":911.7705},\"Rot\":{\"y\":0.6102486,\"w\":0.792210042},\"Storages\":[{\"Version\":\"0.0.0\",\"ItemBlocks\":[{\"ItemId\":387,\"TotalCount\":2,\"UniqueItems\":[]}]},{\"Version\":\"0.0.0\",\"ItemBlocks\":[{\"ItemId\":472,\"TotalCount\":1,\"UniqueItems\":[]}]},{\"Version\":\"0.0.0\",\"ItemBlocks\":[{\"ItemId\":504,\"TotalCount\":4,\"UniqueItems\":[]}]},{\"Version\":\"0.0.0\",\"ItemBlocks\":[{\"ItemId\":418,\"TotalCount\":4,\"UniqueItems\":[]}]},{\"Version\":\"0.0.0\",\"ItemBlocks\":[{\"ItemId\":419,\"TotalCount\":10,\"UniqueItems\":[]}]},{\"Version\":\"0.0.0\",\"ItemBlocks\":[{\"ItemId\":419,\"TotalCount\":10,\"UniqueItems\":[]}]},{\"Version\":\"0.0.0\",\"ItemBlocks\":[{\"ItemId\":479,\"TotalCount\":9,\"UniqueItems\":[]}]},{\"Version\":\"0.0.0\",\"ItemBlocks\":[{\"ItemId\":416,\"TotalCount\":1,\"UniqueItems\":[]}]},{\"Version\":\"0.0.0\",\"ItemBlocks\":[{\"ItemId\":421,\"TotalCount\":3,\"UniqueItems\":[]}]},{\"Version\":\"0.0.0\",\"ItemBlocks\":[{\"ItemId\":425,\"TotalCount\":4,\"UniqueItems\":[]}]},{\"Version\":\"0.0.0\",\"ItemBlocks\":[{\"ItemId\":438,\"TotalCount\":3,\"UniqueItems\":[]}]},{\"Version\":\"0.0.0\",\"ItemBlocks\":[{\"ItemId\":437,\"TotalCount\":4,\"UniqueItems\":[]}]}],\"Modules\":[]},{\"Id\":48,\"Pos\":{\"x\":-954.998962,\"y\":93.7903,\"z\":918.2624},\"Rot\":{\"y\":-0.315765977,\"w\":-0.948837161},\"Storages\":[],\"Modules\":[]},{\"Id\":48,\"Pos\":{\"x\":-958.329346,\"y\":96.49029,\"z\":919.648},\"Rot\":{\"y\":0.956968069,\"w\":-0.2901933},\"Storages\":[],\"Modules\":[]},{\"Id\":55,\"Pos\":{\"x\":-1000.25879,\"y\":97.4426651,\"z\":877.819458},\"Rot\":{\"x\":-0.01123096,\"y\":0.3914758,\"z\":0.004778408,\"w\":0.9201075},\"Storages\":[],\"Modules\":[]},{\"Id\":55,\"Pos\":{\"x\":-975.174866,\"y\":100.14547,\"z\":948.2964},\"Rot\":{\"x\":0.0192676485,\"y\":-0.307551,\"z\":0.00622903928,\"w\":0.9513161},\"Storages\":[],\"Modules\":[]}]}"}}