{"Version":"0.0.0","Data":{"ZipLineManager":"{\"Version\":\"0.0.0\",\"Ziplines\":[{\"_anchorAPosition\":{\"x\":-1079.62292,\"y\":64.74875,\"z\":772.1183},\"_anchorBPosition\":{\"x\":-1042.80762,\"y\":96.0033,\"z\":835.0769},\"_canBeDismantled\":true},{\"_anchorAPosition\":{\"x\":-1041.88379,\"y\":96.03211,\"z\":837.7577},\"_anchorBPosition\":{\"x\":-958.6337,\"y\":98.85322,\"z\":917.8812},\"_canBeDismantled\":true},{\"_anchorAPosition\":{\"x\":-954.0758,\"y\":101.606049,\"z\":919.0752},\"_anchorBPosition\":{\"x\":-996.2739,\"y\":98.68489,\"z\":977.517639},\"_canBeDismantled\":true}]}"}}