{"Version":"0.0.0","Data":{"Constructions":"{\"Version\":\"0.0.16\",\"Structures\":[[],[{\"TypeID\":1,\"Position\":{\"x\":-199.689911,\"y\":375.885681,\"z\":28.5007839},\"Rotation\":{\"y\":0.8336802,\"w\":0.5522475},\"LinkedStructures\":[{\"TypeID\":20,\"InstanceID\":8},null,null,{\"TypeID\":20,\"InstanceID\":4},null,null,null],\"Elements\":[{\"ProfileID\":226,\"Position\":{\"x\":-199.689911,\"y\":375.885681,\"z\":28.5007839},\"Rotation\":{\"x\":-0.5895009,\"y\":-0.390497953,\"z\":-0.390497953,\"w\":0.589500964},\"LengthScale\":1.0}],\"Storages\":[]},{\"TypeID\":1,\"Position\":{\"x\":-203.8519,\"y\":375.885681,\"z\":30.26379},\"Rotation\":{\"y\":0.199002862,\"w\":0.9799989},\"LinkedStructures\":[{\"TypeID\":20,\"InstanceID\":6},null,null,null,null,null,null],\"Elements\":[{\"ProfileID\":226,\"Position\":{\"x\":-203.8519,\"y\":375.885681,\"z\":30.26379},\"Rotation\":{\"x\":0.14071627,\"y\":0.692963839,\"z\":0.6929639,\"w\":-0.14071627},\"LengthScale\":1.0}],\"Storages\":[]},{\"TypeID\":1,\"Position\":{\"x\":-200.571411,\"y\":375.885681,\"z\":26.4197865},\"Rotation\":{\"y\":0.9799989,\"w\":-0.199002981},\"LinkedStructures\":[{\"TypeID\":20,\"InstanceID\":4},null,null,{\"TypeID\":20,\"InstanceID\":9},null,null,null],\"Elements\":[{\"ProfileID\":226,\"Position\":{\"x\":-200.571411,\"y\":375.885681,\"z\":26.4197865},\"Rotation\":{\"x\":-0.6929639,\"y\":0.140716359,\"z\":0.140716359,\"w\":0.692963839},\"LengthScale\":1.0}],\"Storages\":[]},{\"TypeID\":1,\"Position\":{\"x\":-203.8519,\"y\":375.885681,\"z\":30.2637882},\"Rotation\":{\"y\":-0.5522476,\"w\":0.833680153},\"LinkedStructures\":[{\"TypeID\":20,\"InstanceID\":5},null,null,null,null,null,null],\"Elements\":[{\"ProfileID\":226,\"Position\":{\"x\":-203.8519,\"y\":375.885681,\"z\":30.2637882},\"Rotation\":{\"x\":-0.390498,\"y\":0.589500964,\"z\":0.5895009,\"w\":0.390497953},\"LengthScale\":1.0}],\"Storages\":[]},{\"TypeID\":1,\"Position\":{\"x\":-206.4964,\"y\":375.885681,\"z\":24.0207939},\"Rotation\":{\"y\":0.979998946,\"w\":-0.199002817},\"LinkedStructures\":[{\"TypeID\":3,\"InstanceID\":1},null,{\"TypeID\":3},null,null,null,null],\"Elements\":[{\"ProfileID\":66,\"Position\":{\"x\":-206.4964,\"y\":375.885681,\"z\":24.0207939},\"Rotation\":{\"x\":-0.692963958,\"y\":0.14071624,\"z\":0.14071624,\"w\":0.692963958},\"LengthScale\":1.0}],\"Storages\":[]},{\"TypeID\":1,\"Position\":{\"x\":-201.7709,\"y\":375.885681,\"z\":29.3822861},\"Rotation\":{\"y\":0.199002862,\"w\":0.9799989},\"LinkedStructures\":[{\"TypeID\":20,\"InstanceID\":7},null,{\"TypeID\":20,\"InstanceID\":5},{\"TypeID\":20,\"InstanceID\":8},null,null,null],\"Elements\":[{\"ProfileID\":226,\"Position\":{\"x\":-201.7709,\"y\":375.885681,\"z\":29.3822861},\"Rotation\":{\"x\":0.14071627,\"y\":0.692963839,\"z\":0.6929639,\"w\":-0.14071627},\"LengthScale\":1.0}],\"Storages\":[]},{\"TypeID\":1,\"Position\":{\"x\":-205.6149,\"y\":375.885681,\"z\":26.1017933},\"Rotation\":{\"y\":0.833680153,\"w\":0.552247643},\"LinkedStructures\":[null,{\"TypeID\":20},{\"TypeID\":20,\"InstanceID\":2},{\"TypeID\":3,\"InstanceID\":1},null,null,null],\"Elements\":[{\"ProfileID\":226,\"Position\":{\"x\":-205.6149,\"y\":375.885681,\"z\":26.1017933},\"Rotation\":{\"x\":-0.5895009,\"y\":-0.390498042,\"z\":-0.390498042,\"w\":0.5895009},\"LengthScale\":1.0}],\"Storages\":[]},{\"TypeID\":1,\"Position\":{\"x\":-203.5339,\"y\":375.885681,\"z\":25.2202911},\"Rotation\":{\"y\":0.833680153,\"w\":0.552247643},\"LinkedStructures\":[{\"TypeID\":20},null,{\"TypeID\":20,\"InstanceID\":1},{\"TypeID\":3,\"InstanceID\":2},null,null,null],\"Elements\":[{\"ProfileID\":226,\"Position\":{\"x\":-203.5339,\"y\":375.885681,\"z\":25.2202911},\"Rotation\":{\"x\":-0.5895009,\"y\":-0.390498042,\"z\":-0.390498042,\"w\":0.5895009},\"LengthScale\":1.0}],\"Storages\":[]},{\"TypeID\":1,\"Position\":{\"x\":-202.6524,\"y\":375.885681,\"z\":27.3012886},\"Rotation\":{\"y\":0.199002862,\"w\":0.9799989},\"LinkedStructures\":[{\"TypeID\":20,\"InstanceID\":1},{\"TypeID\":20,\"InstanceID\":7},null,{\"TypeID\":20,\"InstanceID\":9},null,null,null],\"Elements\":[{\"ProfileID\":226,\"Position\":{\"x\":-202.6524,\"y\":375.885681,\"z\":27.3012886},\"Rotation\":{\"x\":0.14071627,\"y\":0.692963839,\"z\":0.6929639,\"w\":-0.14071627},\"LengthScale\":1.0}],\"Storages\":[]},{\"TypeID\":1,\"Position\":{\"x\":-204.7334,\"y\":375.885681,\"z\":28.1827927},\"Rotation\":{\"y\":0.199002862,\"w\":0.9799989},\"LinkedStructures\":[{\"TypeID\":20,\"InstanceID\":2},{\"TypeID\":20,\"InstanceID\":6},null,{\"TypeID\":20,\"InstanceID\":3},null,null,null],\"Elements\":[{\"ProfileID\":226,\"Position\":{\"x\":-204.7334,\"y\":375.885681,\"z\":28.1827927},\"Rotation\":{\"x\":0.14071627,\"y\":0.692963839,\"z\":0.6929639,\"w\":-0.14071627},\"LengthScale\":1.0}],\"Storages\":[]},{\"TypeID\":1,\"Position\":{\"x\":-202.6524,\"y\":375.885681,\"z\":27.30129},\"Rotation\":{\"y\":0.8336802,\"w\":0.5522475},\"LinkedStructures\":[{\"TypeID\":20,\"InstanceID\":3},null,null,null,null,null,null],\"Elements\":[{\"ProfileID\":226,\"Position\":{\"x\":-202.6524,\"y\":375.885681,\"z\":27.30129},\"Rotation\":{\"x\":-0.5895009,\"y\":-0.390497953,\"z\":-0.390497953,\"w\":0.589500964},\"LengthScale\":1.0}],\"Storages\":[]},{\"TypeID\":1,\"Position\":{\"x\":-204.4154,\"y\":375.885681,\"z\":23.1392937},\"Rotation\":{\"y\":0.979998946,\"w\":-0.199002817},\"LinkedStructures\":[{\"TypeID\":3,\"InstanceID\":2},null,{\"TypeID\":3,\"InstanceID\":4},{\"TypeID\":3},null,null,null],\"Elements\":[{\"ProfileID\":66,\"Position\":{\"x\":-204.4154,\"y\":375.885681,\"z\":23.1392937},\"Rotation\":{\"x\":-0.692963958,\"y\":0.14071624,\"z\":0.14071624,\"w\":0.692963958},\"LengthScale\":1.0}],\"Storages\":[]},{\"TypeID\":1,\"Position\":{\"x\":-205.2969,\"y\":375.885681,\"z\":21.0582943},\"Rotation\":{\"y\":0.979998946,\"w\":-0.199002758},\"LinkedStructures\":[null,null,{\"TypeID\":3,\"InstanceID\":7},{\"TypeID\":3,\"InstanceID\":3},null,null,null],\"Elements\":[{\"ProfileID\":66,\"Position\":{\"x\":-205.2969,\"y\":375.885681,\"z\":21.0582943},\"Rotation\":{\"x\":-0.692963958,\"y\":0.1407162,\"z\":0.1407162,\"w\":0.692963958},\"LengthScale\":1.0}],\"Storages\":[]},{\"TypeID\":1,\"Position\":{\"x\":-207.3779,\"y\":375.885681,\"z\":21.9397964},\"Rotation\":{\"y\":-0.552247763,\"w\":0.8336801},\"LinkedStructures\":[{\"TypeID\":3,\"InstanceID\":3},null,null,null,null,null,null],\"Elements\":[{\"ProfileID\":66,\"Position\":{\"x\":-207.3779,\"y\":375.885681,\"z\":21.9397964},\"Rotation\":{\"x\":-0.3904982,\"y\":0.589500844,\"z\":0.5895009,\"w\":0.390498221},\"LengthScale\":1.0}],\"Storages\":[]},{\"TypeID\":1,\"Position\":{\"x\":-202.334412,\"y\":375.885681,\"z\":22.2577915},\"Rotation\":{\"y\":0.833680153,\"w\":0.552247643},\"LinkedStructures\":[{\"TypeID\":3,\"InstanceID\":4},{\"TypeID\":3,\"InstanceID\":9},null,{\"TypeID\":3,\"InstanceID\":8},null,null,null],\"Elements\":[{\"ProfileID\":66,\"Position\":{\"x\":-202.334412,\"y\":375.885681,\"z\":22.2577915},\"Rotation\":{\"x\":-0.5895009,\"y\":-0.390498042,\"z\":-0.390498042,\"w\":0.5895009},\"LengthScale\":1.0}],\"Storages\":[]},{\"TypeID\":1,\"Position\":{\"x\":-203.215912,\"y\":375.885681,\"z\":20.1767921},\"Rotation\":{\"y\":0.979998946,\"w\":-0.199002817},\"LinkedStructures\":[{\"TypeID\":3,\"InstanceID\":8},null,{\"TypeID\":3,\"InstanceID\":10},{\"TypeID\":3,\"InstanceID\":7},null,null,null],\"Elements\":[{\"ProfileID\":66,\"Position\":{\"x\":-203.215912,\"y\":375.885681,\"z\":20.1767921},\"Rotation\":{\"x\":-0.692963958,\"y\":0.14071624,\"z\":0.14071624,\"w\":0.692963958},\"LengthScale\":1.0}],\"Storages\":[]},{\"TypeID\":1,\"Position\":{\"x\":-200.253418,\"y\":375.812622,\"z\":21.37629},\"Rotation\":{\"y\":0.833680153,\"w\":0.552247643},\"LinkedStructures\":[{\"TypeID\":3,\"InstanceID\":9},null,null,null,null,null,null],\"Elements\":[],\"Storages\":[]},{\"TypeID\":1,\"Position\":{\"x\":-201.134918,\"y\":375.392548,\"z\":19.29529},\"Rotation\":{\"y\":0.833680153,\"w\":0.552247643},\"LinkedStructures\":[{\"TypeID\":3,\"InstanceID\":10},null,null,null,null,null,null],\"Elements\":[],\"Storages\":[]}],[{\"TypeID\":2,\"Position\":{\"x\":-205.908035,\"y\":374.215637,\"z\":52.37451},\"Rotation\":{\"x\":-2.780298E-08,\"y\":-0.456747442,\"z\":-1.42749439E-08,\"w\":0.8895964},\"LinkedStructures\":[null,null,null,null,null,null,null],\"Elements\":[{\"ProfileID\":2,\"Position\":{\"x\":-205.908035,\"y\":375.565643,\"z\":52.37451},\"Rotation\":{\"x\":-0.322969228,\"y\":0.6290397,\"z\":0.6290397,\"w\":0.322969228},\"LengthScale\":1.0}],\"Storages\":[]},{\"TypeID\":2,\"Position\":{\"x\":-204.4154,\"y\":375.885681,\"z\":23.1392937},\"Rotation\":{\"y\":0.979998946,\"w\":-0.199002758},\"LinkedStructures\":[null,null,null,{\"TypeID\":3,\"InstanceID\":5},null,{\"TypeID\":3,\"InstanceID\":2},null],\"Elements\":[{\"ProfileID\":42,\"Position\":{\"x\":-204.4154,\"y\":376.223175,\"z\":23.1392937},\"Rotation\":{\"x\":-0.692963958,\"y\":0.1407162,\"z\":0.1407162,\"w\":0.692963958},\"LengthScale\":1.0}],\"Storages\":[]},{\"TypeID\":2,\"Position\":{\"x\":-205.2969,\"y\":375.885681,\"z\":21.0582943},\"Rotation\":{\"y\":-0.552247763,\"w\":0.8336801},\"LinkedStructures\":[null,{\"TypeID\":3,\"InstanceID\":6},null,null,null,{\"TypeID\":3,\"InstanceID\":7},null],\"Elements\":[{\"ProfileID\":42,\"Position\":{\"x\":-205.2969,\"y\":376.223175,\"z\":21.0582943},\"Rotation\":{\"x\":-0.3904982,\"y\":0.589500844,\"z\":0.5895009,\"w\":0.390498221},\"LengthScale\":1.0}],\"Storages\":[]},{\"TypeID\":2,\"Position\":{\"x\":-206.4964,\"y\":375.885681,\"z\":24.0207939},\"Rotation\":{\"y\":0.979998946,\"w\":-0.199002758},\"LinkedStructures\":[null,null,{\"TypeID\":3,\"InstanceID\":5},null,null,{\"TypeID\":3,\"InstanceID\":1},null],\"Elements\":[{\"ProfileID\":42,\"Position\":{\"x\":-206.4964,\"y\":376.223175,\"z\":24.0207939},\"Rotation\":{\"x\":-0.692963958,\"y\":0.1407162,\"z\":0.1407162,\"w\":0.692963958},\"LengthScale\":1.0}],\"Storages\":[]},{\"TypeID\":2,\"Position\":{\"x\":-207.3779,\"y\":375.885681,\"z\":21.9397945},\"Rotation\":{\"y\":0.979998946,\"w\":-0.199002758},\"LinkedStructures\":[null,null,{\"TypeID\":3,\"InstanceID\":6},null,null,{\"TypeID\":3,\"InstanceID\":3},null],\"Elements\":[{\"ProfileID\":42,\"Position\":{\"x\":-207.3779,\"y\":376.223175,\"z\":21.9397945},\"Rotation\":{\"x\":-0.692963958,\"y\":0.1407162,\"z\":0.1407162,\"w\":0.692963958},\"LengthScale\":1.0}],\"Storages\":[]},{\"TypeID\":2,\"Position\":{\"x\":-202.334412,\"y\":375.885681,\"z\":22.25779},\"Rotation\":{\"y\":0.833680153,\"w\":0.552247643},\"LinkedStructures\":[null,null,null,null,null,{\"TypeID\":3,\"InstanceID\":8},null],\"Elements\":[{\"ProfileID\":42,\"Position\":{\"x\":-202.334412,\"y\":376.223175,\"z\":22.25779},\"Rotation\":{\"x\":-0.5895009,\"y\":-0.390498042,\"z\":-0.390498042,\"w\":0.5895009},\"LengthScale\":1.0}],\"Storages\":[]}],[{\"TypeID\":3,\"Position\":{\"x\":-206.4964,\"y\":375.885681,\"z\":24.0207939},\"Rotation\":{\"y\":0.833680153,\"w\":0.552247643},\"LinkedStructures\":[{\"TypeID\":1,\"InstanceID\":4},{\"TypeID\":1,\"InstanceID\":11},null,null,null,null,{\"TypeID\":3,\"InstanceID\":2},null,{\"TypeID\":3,\"InstanceID\":4},{\"TypeID\":3,\"InstanceID\":1},null,null,{\"TypeID\":2,\"InstanceID\":3},{\"TypeID\":2,\"InstanceID\":1},null,null],\"Elements\":[{\"ProfileID\":1,\"Position\":{\"x\":-205.4559,\"y\":375.885681,\"z\":23.5800438},\"Rotation\":{\"y\":0.8336802,\"w\":0.5522476},\"LengthScale\":1.0}],\"Storages\":[]},{\"TypeID\":3,\"Position\":{\"x\":-205.6149,\"y\":375.885681,\"z\":26.1017933},\"Rotation\":{\"y\":0.979998946,\"w\":-0.199002847},\"LinkedStructures\":[{\"TypeID\":1,\"InstanceID\":6},{\"TypeID\":1,\"InstanceID\":4},null,{\"TypeID\":4},null,null,{\"TypeID\":3},null,null,{\"TypeID\":20},null,{\"TypeID\":20,\"InstanceID\":2},null,{\"TypeID\":2,\"InstanceID\":3},null,null],\"Elements\":[{\"ProfileID\":1,\"Position\":{\"x\":-206.055649,\"y\":375.885681,\"z\":25.0612946},\"Rotation\":{\"y\":0.979999065,\"w\":-0.1990024},\"LengthScale\":1.0}],\"Storages\":[]},{\"TypeID\":3,\"Position\":{\"x\":-203.5339,\"y\":375.885681,\"z\":25.2202911},\"Rotation\":{\"y\":0.979998946,\"w\":-0.199002847},\"LinkedStructures\":[{\"TypeID\":1,\"InstanceID\":7},{\"TypeID\":1,\"InstanceID\":11},null,null,{\"TypeID\":4},null,{\"TypeID\":3,\"InstanceID\":4},{\"TypeID\":3},null,null,{\"TypeID\":20},{\"TypeID\":20,\"InstanceID\":1},null,{\"TypeID\":2,\"InstanceID\":1},null,null],\"Elements\":[{\"ProfileID\":1,\"Position\":{\"x\":-203.974655,\"y\":375.885681,\"z\":24.1797924},\"Rotation\":{\"y\":0.979999,\"w\":-0.199002564},\"LengthScale\":1.0}],\"Storages\":[]},{\"TypeID\":3,\"Position\":{\"x\":-207.3779,\"y\":375.885681,\"z\":21.9397964},\"Rotation\":{\"y\":0.8336801,\"w\":0.552247763},\"LinkedStructures\":[{\"TypeID\":1,\"InstanceID\":13},{\"TypeID\":1,\"InstanceID\":12},null,null,null,null,null,null,{\"TypeID\":3,\"InstanceID\":7},null,null,null,{\"TypeID\":2,\"InstanceID\":4},{\"TypeID\":2,\"InstanceID\":2},null,null],\"Elements\":[{\"ProfileID\":1,\"Position\":{\"x\":-206.3374,\"y\":375.885681,\"z\":21.4990463},\"Rotation\":{\"y\":0.833680451,\"w\":0.5522472},\"LengthScale\":1.0}],\"Storages\":[]},{\"TypeID\":3,\"Position\":{\"x\":-202.334412,\"y\":375.885681,\"z\":22.2577915},\"Rotation\":{\"y\":-0.552247643,\"w\":0.833680153},\"LinkedStructures\":[{\"TypeID\":1,\"InstanceID\":14},{\"TypeID\":1,\"InstanceID\":11},null,null,null,null,null,{\"TypeID\":3,\"InstanceID\":2},{\"TypeID\":3},{\"TypeID\":3,\"InstanceID\":8},null,{\"TypeID\":3,\"InstanceID\":9},{\"TypeID\":2,\"InstanceID\":5},{\"TypeID\":2,\"InstanceID\":1},null,null],\"Elements\":[{\"ProfileID\":1,\"Position\":{\"x\":-203.374908,\"y\":375.885681,\"z\":22.6985435},\"Rotation\":{\"y\":-0.552247345,\"w\":0.833680332},\"LengthScale\":1.0}],\"Storages\":[]},{\"TypeID\":3,\"Position\":{\"x\":-204.4154,\"y\":376.560669,\"z\":23.1392937},\"Rotation\":{\"y\":-0.5522477,\"w\":0.8336801},\"LinkedStructures\":[{\"TypeID\":2,\"InstanceID\":1},{\"TypeID\":2,\"InstanceID\":3},null,null,null,null,null,null,null,null,null,null,null,null,null,null],\"Elements\":[{\"ProfileID\":1,\"Position\":{\"x\":-205.4559,\"y\":376.560669,\"z\":23.5800438},\"Rotation\":{\"y\":-0.5522476,\"w\":0.833680153},\"LengthScale\":1.0}],\"Storages\":[]},{\"TypeID\":3,\"Position\":{\"x\":-205.2969,\"y\":376.560669,\"z\":21.0582943},\"Rotation\":{\"y\":-0.552247763,\"w\":0.833680034},\"LinkedStructures\":[{\"TypeID\":2,\"InstanceID\":2},{\"TypeID\":2,\"InstanceID\":4},null,null,null,null,null,null,null,null,null,null,null,null,null,null],\"Elements\":[{\"ProfileID\":1,\"Position\":{\"x\":-206.3374,\"y\":376.560669,\"z\":21.4990444},\"Rotation\":{\"y\":-0.5522476,\"w\":0.833680153},\"LengthScale\":1.0}],\"Storages\":[]},{\"TypeID\":3,\"Position\":{\"x\":-203.215912,\"y\":375.885681,\"z\":20.1767921},\"Rotation\":{\"y\":-0.5522477,\"w\":0.8336801},\"LinkedStructures\":[{\"TypeID\":1,\"InstanceID\":15},{\"TypeID\":1,\"InstanceID\":12},null,null,null,null,null,null,{\"TypeID\":3,\"InstanceID\":3},null,{\"TypeID\":3,\"InstanceID\":8},{\"TypeID\":3,\"InstanceID\":10},null,{\"TypeID\":2,\"InstanceID\":2},null,null],\"Elements\":[{\"ProfileID\":1,\"Position\":{\"x\":-204.256409,\"y\":375.885681,\"z\":20.6175423},\"Rotation\":{\"y\":-0.552247345,\"w\":0.833680332},\"LengthScale\":1.0}],\"Storages\":[]},{\"TypeID\":3,\"Position\":{\"x\":-202.334412,\"y\":375.885681,\"z\":22.2577915},\"Rotation\":{\"y\":0.979998946,\"w\":-0.199002847},\"LinkedStructures\":[{\"TypeID\":1,\"InstanceID\":14},{\"TypeID\":1,\"InstanceID\":15},null,null,null,null,{\"TypeID\":3,\"InstanceID\":10},{\"TypeID\":3,\"InstanceID\":7},null,{\"TypeID\":3,\"InstanceID\":9},{\"TypeID\":3,\"InstanceID\":4},null,{\"TypeID\":2,\"InstanceID\":5},null,null,null],\"Elements\":[{\"ProfileID\":1,\"Position\":{\"x\":-202.775162,\"y\":375.885681,\"z\":21.2172928},\"Rotation\":{\"y\":0.979999065,\"w\":-0.1990024},\"LengthScale\":1.0}],\"Storages\":[]},{\"TypeID\":3,\"Position\":{\"x\":-202.334412,\"y\":375.885681,\"z\":22.2577915},\"Rotation\":{\"y\":0.833680153,\"w\":0.552247643},\"LinkedStructures\":[{\"TypeID\":1,\"InstanceID\":14},{\"TypeID\":1,\"InstanceID\":16},null,null,null,null,null,null,null,null,{\"TypeID\":3,\"InstanceID\":8},{\"TypeID\":3,\"InstanceID\":4},{\"TypeID\":2,\"InstanceID\":5},null,null,null],\"Elements\":[{\"ProfileID\":1,\"Position\":{\"x\":-201.293915,\"y\":375.849152,\"z\":21.81704},\"Rotation\":{\"x\":0.00892278,\"y\":0.833571553,\"z\":-0.013469955,\"w\":0.5521752},\"LengthScale\":1.0}],\"Storages\":[]},{\"TypeID\":3,\"Position\":{\"x\":-203.215912,\"y\":375.885681,\"z\":20.1767921},\"Rotation\":{\"y\":0.833680153,\"w\":0.552247643},\"LinkedStructures\":[{\"TypeID\":1,\"InstanceID\":15},{\"TypeID\":1,\"InstanceID\":17},null,null,null,null,null,null,null,{\"TypeID\":3,\"InstanceID\":8},null,{\"TypeID\":3,\"InstanceID\":7},null,null,null,null],\"Elements\":[{\"ProfileID\":1,\"Position\":{\"x\":-202.175415,\"y\":375.6391,\"z\":19.736042},\"Rotation\":{\"x\":0.0592066646,\"y\":0.828875363,\"z\":-0.08937925,\"w\":0.5490644},\"LengthScale\":1.02352715}],\"Storages\":[]}],[{\"TypeID\":4,\"Position\":{\"x\":-205.015152,\"y\":376.0482,\"z\":24.6205444},\"Rotation\":{\"y\":0.8336804,\"w\":0.5522472},\"LinkedStructures\":[{\"TypeID\":3,\"InstanceID\":1},{\"TypeID\":3,\"InstanceID\":2},null,null,null,null,null,null,null,null,null],\"Elements\":[{\"ProfileID\":314,\"Position\":{\"x\":-205.368057,\"y\":376.0482,\"z\":23.7874527},\"Rotation\":{\"y\":0.8336804,\"w\":0.5522472},\"LengthScale\":1.0},{\"ProfileID\":315,\"Position\":{\"x\":-205.1916,\"y\":376.0482,\"z\":24.2039986},\"Rotation\":{\"y\":0.8336804,\"w\":0.5522472},\"LengthScale\":1.0},{\"ProfileID\":315,\"Position\":{\"x\":-205.015152,\"y\":376.0482,\"z\":24.6205444},\"Rotation\":{\"y\":0.8336804,\"w\":0.5522472},\"LengthScale\":1.0},{\"ProfileID\":315,\"Position\":{\"x\":-204.8387,\"y\":376.0482,\"z\":25.0370884},\"Rotation\":{\"y\":-0.552247345,\"w\":0.833680332},\"LengthScale\":1.0},{\"ProfileID\":315,\"Position\":{\"x\":-204.662247,\"y\":376.0482,\"z\":25.4536324},\"Rotation\":{\"y\":-0.552247345,\"w\":0.833680332},\"LengthScale\":1.0}],\"Storages\":[]}],null,null,null,null,[{\"TypeID\":9,\"Position\":{\"x\":-185.25354,\"y\":373.223,\"z\":63.03696},\"Rotation\":{\"y\":-0.8192549,\"w\":0.573429644},\"LinkedStructures\":[null,null,null,null,null,null],\"Elements\":[{\"ProfileID\":13,\"Position\":{\"x\":-183.927719,\"y\":373.212341,\"z\":62.9616928},\"Rotation\":{\"x\":-0.7071068,\"w\":0.7071068},\"LengthScale\":1.0},{\"ProfileID\":13,\"Position\":{\"x\":-184.367081,\"y\":373.182983,\"z\":63.0589523},\"Rotation\":{\"x\":-0.7071068,\"w\":0.7071068},\"LengthScale\":1.0},{\"ProfileID\":13,\"Position\":{\"x\":-184.8084,\"y\":373.225342,\"z\":62.9710045},\"Rotation\":{\"x\":-0.7071068,\"w\":0.7071068},\"LengthScale\":1.0},{\"ProfileID\":13,\"Position\":{\"x\":-185.25354,\"y\":373.223,\"z\":63.03696},\"Rotation\":{\"x\":-0.7071068,\"w\":0.7071068},\"LengthScale\":1.0},{\"ProfileID\":13,\"Position\":{\"x\":-185.676346,\"y\":373.436584,\"z\":62.8829},\"Rotation\":{\"x\":-0.698867857,\"y\":0.107627809,\"z\":0.107627809,\"w\":0.698867857},\"LengthScale\":1.0}],\"Storages\":[]},{\"TypeID\":9,\"Position\":{\"x\":-178.21167,\"y\":378.5693,\"z\":50.26372},\"Rotation\":{\"y\":0.30356288,\"w\":0.9528114},\"LinkedStructures\":[null,null,null,null,null,null],\"Elements\":[{\"ProfileID\":13,\"Position\":{\"x\":-178.7165,\"y\":379.032959,\"z\":49.0328178},\"Rotation\":{\"x\":-0.7071068,\"y\":-4.47034836E-08,\"z\":-4.47034836E-08,\"w\":0.7071068},\"LengthScale\":1.0},{\"ProfileID\":13,\"Position\":{\"x\":-178.4971,\"y\":378.919739,\"z\":49.425705},\"Rotation\":{\"x\":-0.7071068,\"y\":-4.47034836E-08,\"z\":-4.47034836E-08,\"w\":0.7071068},\"LengthScale\":1.0},{\"ProfileID\":13,\"Position\":{\"x\":-178.2777,\"y\":378.801178,\"z\":49.8185921},\"Rotation\":{\"x\":-0.7071068,\"y\":-4.47034836E-08,\"z\":-4.47034836E-08,\"w\":0.7071068},\"LengthScale\":1.0},{\"ProfileID\":13,\"Position\":{\"x\":-178.21167,\"y\":378.5693,\"z\":50.26372},\"Rotation\":{\"x\":-0.7071068,\"y\":-4.47034836E-08,\"z\":-4.47034836E-08,\"w\":0.7071068},\"LengthScale\":1.0},{\"ProfileID\":13,\"Position\":{\"x\":-177.951355,\"y\":378.519867,\"z\":50.6307869},\"Rotation\":{\"x\":0.10230691,\"y\":0.69966656,\"z\":0.69966656,\"w\":-0.10230691},\"LengthScale\":1.0}],\"Storages\":[]},{\"TypeID\":9,\"Position\":{\"x\":-180.778381,\"y\":373.401031,\"z\":63.0249},\"Rotation\":{\"y\":-0.714165747,\"w\":0.6999766},\"LinkedStructures\":[null,null,null,null,null,null],\"Elements\":[{\"ProfileID\":13,\"Position\":{\"x\":-179.671509,\"y\":373.805237,\"z\":62.2735634},\"Rotation\":{\"x\":-0.7071068,\"w\":0.7071068},\"LengthScale\":1.0},{\"ProfileID\":13,\"Position\":{\"x\":-180.0182,\"y\":373.668182,\"z\":62.56045},\"Rotation\":{\"x\":-0.7071068,\"w\":0.7071068},\"LengthScale\":1.0},{\"ProfileID\":13,\"Position\":{\"x\":-180.3649,\"y\":373.5219,\"z\":62.8473434},\"Rotation\":{\"x\":-0.7071068,\"w\":0.7071068},\"LengthScale\":1.0},{\"ProfileID\":13,\"Position\":{\"x\":-180.778381,\"y\":373.401031,\"z\":63.0249},\"Rotation\":{\"x\":-0.7071068,\"w\":0.7071068},\"LengthScale\":1.0},{\"ProfileID\":13,\"Position\":{\"x\":-181.228287,\"y\":373.349121,\"z\":63.01587},\"Rotation\":{\"x\":-0.5049914,\"y\":0.4949582,\"z\":0.494958133,\"w\":0.504991531},\"LengthScale\":1.0}],\"Storages\":[]},{\"TypeID\":9,\"Position\":{\"x\":-178.978119,\"y\":374.106171,\"z\":61.6997871},\"Rotation\":{\"y\":-0.425719559,\"w\":0.9048552},\"LinkedStructures\":[null,null,null,null,null,null],\"Elements\":[{\"ProfileID\":13,\"Position\":{\"x\":-177.938034,\"y\":374.55838,\"z\":60.8391228},\"Rotation\":{\"x\":-0.7071068,\"w\":0.7071068},\"LengthScale\":1.0},{\"ProfileID\":13,\"Position\":{\"x\":-178.284729,\"y\":374.412018,\"z\":61.12601},\"Rotation\":{\"x\":-0.7071068,\"w\":0.7071068},\"LengthScale\":1.0},{\"ProfileID\":13,\"Position\":{\"x\":-178.631424,\"y\":374.253357,\"z\":61.4129},\"Rotation\":{\"x\":-0.7071068,\"w\":0.7071068},\"LengthScale\":1.0},{\"ProfileID\":13,\"Position\":{\"x\":-178.978119,\"y\":374.106171,\"z\":61.6997871},\"Rotation\":{\"x\":-0.7071068,\"w\":0.7071068},\"LengthScale\":1.0},{\"ProfileID\":13,\"Position\":{\"x\":-179.324814,\"y\":373.962463,\"z\":61.9866753},\"Rotation\":{\"x\":-0.301029235,\"y\":0.6398293,\"z\":0.6398293,\"w\":0.301029235},\"LengthScale\":1.0}],\"Storages\":[]},{\"TypeID\":9,\"Position\":{\"x\":-177.244644,\"y\":374.9261,\"z\":60.26535},\"Rotation\":{\"y\":-0.425719559,\"w\":0.9048552},\"LinkedStructures\":[null,null,null,null,null,null],\"Elements\":[{\"ProfileID\":13,\"Position\":{\"x\":-177.2304,\"y\":374.930237,\"z\":60.2666931},\"Rotation\":{\"x\":-0.7128289,\"y\":0.0193963051,\"z\":0.0193963647,\"w\":0.700801432},\"LengthScale\":1.0},{\"ProfileID\":13,\"Position\":{\"x\":-177.552521,\"y\":374.721741,\"z\":60.5529747},\"Rotation\":{\"x\":-0.261248052,\"y\":0.6513839,\"z\":0.660931766,\"w\":0.265740246},\"LengthScale\":1.0}],\"Storages\":[]},{\"TypeID\":9,\"Position\":{\"x\":-176.271088,\"y\":375.62204,\"z\":59.2373123},\"Rotation\":{\"y\":0.8191034,\"w\":0.5736459},\"LinkedStructures\":[null,null,null,null,null,null],\"Elements\":[{\"ProfileID\":13,\"Position\":{\"x\":-177.418381,\"y\":374.923645,\"z\":59.94878},\"Rotation\":{\"x\":-0.7071068,\"w\":0.7071068},\"LengthScale\":1.0},{\"ProfileID\":13,\"Position\":{\"x\":-177.03595,\"y\":375.141174,\"z\":59.71162},\"Rotation\":{\"x\":-0.7071068,\"w\":0.7071068},\"LengthScale\":1.0},{\"ProfileID\":13,\"Position\":{\"x\":-176.653519,\"y\":375.370422,\"z\":59.4744644},\"Rotation\":{\"x\":-0.7071068,\"w\":0.7071068},\"LengthScale\":1.0},{\"ProfileID\":13,\"Position\":{\"x\":-176.271088,\"y\":375.62204,\"z\":59.2373123},\"Rotation\":{\"x\":-0.7071068,\"w\":0.7071068},\"LengthScale\":1.0},{\"ProfileID\":13,\"Position\":{\"x\":-175.8482,\"y\":375.914978,\"z\":59.083477},\"Rotation\":{\"x\":-0.693686545,\"y\":-0.1371094,\"z\":-0.1371094,\"w\":0.693686545},\"LengthScale\":1.0}],\"Storages\":[]},{\"TypeID\":9,\"Position\":{\"x\":-175.438431,\"y\":376.521667,\"z\":58.2829933},\"Rotation\":{\"y\":-0.234727338,\"w\":0.9720613},\"LinkedStructures\":[null,null,null,null,null,null],\"Elements\":[{\"ProfileID\":2,\"Position\":{\"x\":-175.279724,\"y\":377.220917,\"z\":56.95418},\"Rotation\":{\"x\":-0.707106769,\"y\":-2.98023224E-08,\"z\":-2.98023224E-08,\"w\":0.707106769},\"LengthScale\":1.0},{\"ProfileID\":13,\"Position\":{\"x\":-175.249069,\"y\":377.046875,\"z\":57.4031372},\"Rotation\":{\"x\":-0.707106769,\"y\":-4.47034836E-08,\"z\":-4.47034836E-08,\"w\":0.707106769},\"LengthScale\":1.0},{\"ProfileID\":13,\"Position\":{\"x\":-175.34375,\"y\":376.772522,\"z\":57.8430634},\"Rotation\":{\"x\":-0.707106769,\"y\":-4.47034836E-08,\"z\":-4.47034836E-08,\"w\":0.707106769},\"LengthScale\":1.0},{\"ProfileID\":13,\"Position\":{\"x\":-175.438431,\"y\":376.521667,\"z\":58.2829933},\"Rotation\":{\"x\":-0.707106769,\"y\":-4.47034836E-08,\"z\":-4.47034836E-08,\"w\":0.707106769},\"LengthScale\":1.0},{\"ProfileID\":13,\"Position\":{\"x\":-175.643784,\"y\":376.216034,\"z\":58.6834068},\"Rotation\":{\"x\":-0.165463567,\"y\":0.687475,\"z\":0.687474966,\"w\":0.165463522},\"LengthScale\":1.0}],\"Storages\":[]},{\"TypeID\":9,\"Position\":{\"x\":-175.341034,\"y\":377.594818,\"z\":56.05627},\"Rotation\":{\"y\":0.03408074,\"w\":0.9994191},\"LinkedStructures\":[null,null,null,null,null,null],\"Elements\":[{\"ProfileID\":13,\"Position\":{\"x\":-175.5271,\"y\":378.072174,\"z\":54.75389},\"Rotation\":{\"x\":-0.7071068,\"y\":1.11758709E-08,\"z\":1.11758709E-08,\"w\":0.7071068},\"LengthScale\":1.0},{\"ProfileID\":13,\"Position\":{\"x\":-175.34697,\"y\":378.021,\"z\":55.1662636},\"Rotation\":{\"x\":-0.7071068,\"y\":1.11758709E-08,\"z\":1.11758709E-08,\"w\":0.7071068},\"LengthScale\":1.0},{\"ProfileID\":13,\"Position\":{\"x\":-175.2772,\"y\":377.8604,\"z\":55.61082},\"Rotation\":{\"x\":-0.7071068,\"y\":1.11758709E-08,\"z\":1.11758709E-08,\"w\":0.7071068},\"LengthScale\":1.0},{\"ProfileID\":13,\"Position\":{\"x\":-175.341034,\"y\":377.594818,\"z\":56.05627},\"Rotation\":{\"x\":-0.7071068,\"y\":1.49011612E-08,\"z\":1.49011612E-08,\"w\":0.7071068},\"LengthScale\":1.0},{\"ProfileID\":2,\"Position\":{\"x\":-175.310379,\"y\":377.4025,\"z\":56.5052261},\"Rotation\":{\"x\":0.0240987167,\"y\":0.7066961,\"z\":0.706696033,\"w\":-0.0240987167},\"LengthScale\":1.0}],\"Storages\":[]},{\"TypeID\":9,\"Position\":{\"x\":-175.88736,\"y\":378.1959,\"z\":53.92914},\"Rotation\":{\"y\":0.204463363,\"w\":0.9788742},\"LinkedStructures\":[null,null,null,null,null,null],\"Elements\":[{\"ProfileID\":13,\"Position\":{\"x\":-176.281418,\"y\":378.5758,\"z\":52.68582},\"Rotation\":{\"x\":-0.707106769,\"w\":0.707106769},\"LengthScale\":1.0},{\"ProfileID\":13,\"Position\":{\"x\":-176.042938,\"y\":378.549225,\"z\":53.0674324},\"Rotation\":{\"x\":-0.707106769,\"w\":0.707106769},\"LengthScale\":1.0},{\"ProfileID\":13,\"Position\":{\"x\":-176.06749,\"y\":378.275818,\"z\":53.51676},\"Rotation\":{\"x\":-0.707106769,\"w\":0.707106769},\"LengthScale\":1.0},{\"ProfileID\":13,\"Position\":{\"x\":-175.88736,\"y\":378.1959,\"z\":53.92914},\"Rotation\":{\"x\":-0.707106769,\"w\":0.707106769},\"LengthScale\":1.0},{\"ProfileID\":13,\"Position\":{\"x\":-175.70723,\"y\":378.132141,\"z\":54.3415146},\"Rotation\":{\"x\":0.144577444,\"y\":0.692168653,\"z\":0.692168653,\"w\":-0.144577444},\"LengthScale\":1.0}],\"Storages\":[]},{\"TypeID\":9,\"Position\":{\"x\":-176.845551,\"y\":378.5327,\"z\":51.9936447},\"Rotation\":{\"y\":0.39360854,\"w\":0.919278145},\"LinkedStructures\":[null,null,null,null,null,null],\"Elements\":[{\"ProfileID\":13,\"Position\":{\"x\":-177.82251,\"y\":378.342682,\"z\":51.0619469},\"Rotation\":{\"x\":-0.7071068,\"w\":0.7071068},\"LengthScale\":1.0},{\"ProfileID\":13,\"Position\":{\"x\":-177.496857,\"y\":378.4022,\"z\":51.3725128},\"Rotation\":{\"x\":-0.7071068,\"w\":0.7071068},\"LengthScale\":1.0},{\"ProfileID\":13,\"Position\":{\"x\":-177.1712,\"y\":378.465057,\"z\":51.68308},\"Rotation\":{\"x\":-0.7071068,\"w\":0.7071068},\"LengthScale\":1.0},{\"ProfileID\":13,\"Position\":{\"x\":-176.845551,\"y\":378.5327,\"z\":51.9936447},\"Rotation\":{\"x\":-0.7071068,\"w\":0.7071068},\"LengthScale\":1.0},{\"ProfileID\":13,\"Position\":{\"x\":-176.5199,\"y\":378.609528,\"z\":52.30421},\"Rotation\":{\"x\":0.194919646,\"y\":0.679710567,\"z\":0.6797105,\"w\":-0.194919556},\"LengthScale\":1.0}],\"Storages\":[]},{\"TypeID\":9,\"Position\":{\"x\":-186.159653,\"y\":374.0353,\"z\":62.96558},\"Rotation\":{\"y\":-0.396572053,\"w\":0.9180036},\"LinkedStructures\":[null,null,null,null,null,null],\"Elements\":[{\"ProfileID\":117,\"Position\":{\"x\":-186.159653,\"y\":374.0353,\"z\":62.96558},\"Rotation\":{\"x\":0.0279832184,\"y\":0.706552863,\"z\":0.706552863,\"w\":-0.0279832184},\"LengthScale\":1.0},{\"ProfileID\":117,\"Position\":{\"x\":-186.4873,\"y\":374.108124,\"z\":63.27404},\"Rotation\":{\"x\":-0.707106769,\"w\":0.707106769},\"LengthScale\":1.0}],\"Storages\":[]},{\"TypeID\":9,\"Position\":{\"x\":-179.155319,\"y\":379.3077,\"z\":48.2470436},\"Rotation\":{\"y\":0.2519088,\"w\":0.967751},\"LinkedStructures\":[null,null,null,null,null,null],\"Elements\":[{\"ProfileID\":13,\"Position\":{\"x\":-179.813538,\"y\":379.77475,\"z\":47.0683823},\"Rotation\":{\"x\":-0.7071068,\"w\":0.7071068},\"LengthScale\":1.0},{\"ProfileID\":13,\"Position\":{\"x\":-179.594131,\"y\":379.612061,\"z\":47.46127},\"Rotation\":{\"x\":-0.7071068,\"w\":0.7071068},\"LengthScale\":1.0},{\"ProfileID\":13,\"Position\":{\"x\":-179.374725,\"y\":379.4515,\"z\":47.8541565},\"Rotation\":{\"x\":-0.7071068,\"w\":0.7071068},\"LengthScale\":1.0},{\"ProfileID\":13,\"Position\":{\"x\":-179.155319,\"y\":379.3077,\"z\":48.2470436},\"Rotation\":{\"x\":-0.7071068,\"w\":0.7071068},\"LengthScale\":1.0},{\"ProfileID\":13,\"Position\":{\"x\":-178.935913,\"y\":379.15686,\"z\":48.63993},\"Rotation\":{\"x\":0.178126439,\"y\":0.684303343,\"z\":0.6843033,\"w\":-0.178126439},\"LengthScale\":1.0}],\"Storages\":[]},{\"TypeID\":9,\"Position\":{\"x\":-180.25235,\"y\":380.091217,\"z\":46.282608},\"Rotation\":{\"y\":0.2519088,\"w\":0.967751},\"LinkedStructures\":[null,null,null,null,null,null],\"Elements\":[{\"ProfileID\":13,\"Position\":{\"x\":-180.9161,\"y\":380.481659,\"z\":45.1874},\"Rotation\":{\"x\":-0.7071068,\"w\":0.7071068},\"LengthScale\":1.0},{\"ProfileID\":13,\"Position\":{\"x\":-180.6032,\"y\":380.439423,\"z\":45.5108032},\"Rotation\":{\"x\":-0.7071068,\"w\":0.7071068},\"LengthScale\":1.0},{\"ProfileID\":13,\"Position\":{\"x\":-180.290283,\"y\":380.4023,\"z\":45.83421},\"Rotation\":{\"x\":-0.7071068,\"w\":0.7071068},\"LengthScale\":1.0},{\"ProfileID\":13,\"Position\":{\"x\":-180.25235,\"y\":380.091217,\"z\":46.282608},\"Rotation\":{\"x\":-0.7071068,\"w\":0.7071068},\"LengthScale\":1.0},{\"ProfileID\":13,\"Position\":{\"x\":-180.032944,\"y\":379.934753,\"z\":46.6754951},\"Rotation\":{\"x\":0.178126439,\"y\":0.684303343,\"z\":0.6843033,\"w\":-0.178126439},\"LengthScale\":1.0}],\"Storages\":[]},{\"TypeID\":9,\"Position\":{\"x\":-181.601044,\"y\":380.451324,\"z\":44.60918},\"Rotation\":{\"y\":0.4666913,\"w\":0.884420335},\"LinkedStructures\":[null,null,null,null,null,null],\"Elements\":[{\"ProfileID\":13,\"Position\":{\"x\":-182.366226,\"y\":380.460754,\"z\":43.5458832},\"Rotation\":{\"x\":-0.7071068,\"w\":0.7071068},\"LengthScale\":1.0},{\"ProfileID\":13,\"Position\":{\"x\":-182.169373,\"y\":380.447144,\"z\":43.9505424},\"Rotation\":{\"x\":-0.7071068,\"w\":0.7071068},\"LengthScale\":1.0},{\"ProfileID\":13,\"Position\":{\"x\":-181.972519,\"y\":380.343933,\"z\":44.3552},\"Rotation\":{\"x\":-0.7071068,\"w\":0.7071068},\"LengthScale\":1.0},{\"ProfileID\":13,\"Position\":{\"x\":-181.601044,\"y\":380.451324,\"z\":44.60918},\"Rotation\":{\"x\":-0.7071068,\"w\":0.7071068},\"LengthScale\":1.0},{\"ProfileID\":13,\"Position\":{\"x\":-181.229568,\"y\":380.5172,\"z\":44.86316},\"Rotation\":{\"x\":0.2650671,\"y\":0.655545235,\"z\":0.655545235,\"w\":-0.2650671},\"LengthScale\":1.0}],\"Storages\":[]},{\"TypeID\":9,\"Position\":{\"x\":-182.759933,\"y\":380.478333,\"z\":42.7365646},\"Rotation\":{\"y\":0.224452958,\"w\":0.974485},\"LinkedStructures\":[null,null,null,null,null,null],\"Elements\":[{\"ProfileID\":13,\"Position\":{\"x\":-183.3505,\"y\":380.452972,\"z\":41.5225868},\"Rotation\":{\"x\":-0.7071068,\"y\":-4.47034836E-08,\"z\":-4.47034836E-08,\"w\":0.7071068},\"LengthScale\":1.0},{\"ProfileID\":13,\"Position\":{\"x\":-183.153641,\"y\":380.472778,\"z\":41.9272461},\"Rotation\":{\"x\":-0.7071068,\"y\":-4.47034836E-08,\"z\":-4.47034836E-08,\"w\":0.7071068},\"LengthScale\":1.0},{\"ProfileID\":13,\"Position\":{\"x\":-182.956787,\"y\":380.47757,\"z\":42.3319054},\"Rotation\":{\"x\":-0.7071068,\"y\":-4.47034836E-08,\"z\":-4.47034836E-08,\"w\":0.7071068},\"LengthScale\":1.0},{\"ProfileID\":13,\"Position\":{\"x\":-182.759933,\"y\":380.478333,\"z\":42.7365646},\"Rotation\":{\"x\":-0.7071068,\"y\":-4.47034836E-08,\"z\":-4.47034836E-08,\"w\":0.7071068},\"LengthScale\":1.0},{\"ProfileID\":13,\"Position\":{\"x\":-182.56308,\"y\":380.474426,\"z\":43.1412239},\"Rotation\":{\"x\":0.158712283,\"y\":0.6890649,\"z\":0.689065,\"w\":-0.158712283},\"LengthScale\":1.0}],\"Storages\":[]},{\"TypeID\":9,\"Position\":{\"x\":-183.7442,\"y\":380.40564,\"z\":40.71327},\"Rotation\":{\"y\":0.224452958,\"w\":0.974485},\"LinkedStructures\":[null,null,null,null,null,null],\"Elements\":[{\"ProfileID\":13,\"Position\":{\"x\":-184.334763,\"y\":380.317657,\"z\":39.49929},\"Rotation\":{\"x\":-0.7071068,\"y\":-4.47034836E-08,\"z\":-4.47034836E-08,\"w\":0.7071068},\"LengthScale\":1.0},{\"ProfileID\":13,\"Position\":{\"x\":-184.137909,\"y\":380.352142,\"z\":39.90395},\"Rotation\":{\"x\":-0.7071068,\"y\":-4.47034836E-08,\"z\":-4.47034836E-08,\"w\":0.7071068},\"LengthScale\":1.0},{\"ProfileID\":13,\"Position\":{\"x\":-183.941055,\"y\":380.380676,\"z\":40.30861},\"Rotation\":{\"x\":-0.7071068,\"y\":-4.47034836E-08,\"z\":-4.47034836E-08,\"w\":0.7071068},\"LengthScale\":1.0},{\"ProfileID\":13,\"Position\":{\"x\":-183.7442,\"y\":380.40564,\"z\":40.71327},\"Rotation\":{\"x\":-0.7071068,\"y\":-4.47034836E-08,\"z\":-4.47034836E-08,\"w\":0.7071068},\"LengthScale\":1.0},{\"ProfileID\":13,\"Position\":{\"x\":-183.547348,\"y\":380.433167,\"z\":41.1179276},\"Rotation\":{\"x\":0.158712283,\"y\":0.6890649,\"z\":0.689065,\"w\":-0.158712283},\"LengthScale\":1.0}],\"Storages\":[]},{\"TypeID\":9,\"Position\":{\"x\":-184.72847,\"y\":380.242249,\"z\":38.6899719},\"Rotation\":{\"y\":0.224452958,\"w\":0.974485},\"LinkedStructures\":[null,null,null,null,null,null],\"Elements\":[{\"ProfileID\":13,\"Position\":{\"x\":-185.319031,\"y\":380.124146,\"z\":37.4759941},\"Rotation\":{\"x\":-0.7071068,\"y\":-4.47034836E-08,\"z\":-4.47034836E-08,\"w\":0.7071068},\"LengthScale\":1.0},{\"ProfileID\":13,\"Position\":{\"x\":-185.122177,\"y\":380.1635,\"z\":37.8806534},\"Rotation\":{\"x\":-0.7071068,\"y\":-4.47034836E-08,\"z\":-4.47034836E-08,\"w\":0.7071068},\"LengthScale\":1.0},{\"ProfileID\":13,\"Position\":{\"x\":-184.925323,\"y\":380.20285,\"z\":38.2853127},\"Rotation\":{\"x\":-0.7071068,\"y\":-4.47034836E-08,\"z\":-4.47034836E-08,\"w\":0.7071068},\"LengthScale\":1.0},{\"ProfileID\":13,\"Position\":{\"x\":-184.72847,\"y\":380.242249,\"z\":38.6899719},\"Rotation\":{\"x\":-0.7071068,\"y\":-4.47034836E-08,\"z\":-4.47034836E-08,\"w\":0.7071068},\"LengthScale\":1.0},{\"ProfileID\":13,\"Position\":{\"x\":-184.531616,\"y\":380.2848,\"z\":39.09463},\"Rotation\":{\"x\":0.158712283,\"y\":0.6890649,\"z\":0.689065,\"w\":-0.158712283},\"LengthScale\":1.0}],\"Storages\":[]},{\"TypeID\":9,\"Position\":{\"x\":-185.712738,\"y\":380.029663,\"z\":36.6666756},\"Rotation\":{\"y\":0.224452958,\"w\":0.974485},\"LinkedStructures\":[null,null,null,null,null,null],\"Elements\":[{\"ProfileID\":13,\"Position\":{\"x\":-186.3033,\"y\":380.293945,\"z\":35.4526978},\"Rotation\":{\"x\":-0.7071068,\"y\":-4.47034836E-08,\"z\":-4.47034836E-08,\"w\":0.7071068},\"LengthScale\":1.0},{\"ProfileID\":13,\"Position\":{\"x\":-186.106445,\"y\":379.924622,\"z\":35.857357},\"Rotation\":{\"x\":-0.7071068,\"y\":-4.47034836E-08,\"z\":-4.47034836E-08,\"w\":0.7071068},\"LengthScale\":1.0},{\"ProfileID\":13,\"Position\":{\"x\":-185.909592,\"y\":379.98053,\"z\":36.2620163},\"Rotation\":{\"x\":-0.7071068,\"y\":-4.47034836E-08,\"z\":-4.47034836E-08,\"w\":0.7071068},\"LengthScale\":1.0},{\"ProfileID\":13,\"Position\":{\"x\":-185.712738,\"y\":380.029663,\"z\":36.6666756},\"Rotation\":{\"x\":-0.7071068,\"y\":-4.47034836E-08,\"z\":-4.47034836E-08,\"w\":0.7071068},\"LengthScale\":1.0},{\"ProfileID\":13,\"Position\":{\"x\":-185.515884,\"y\":380.080566,\"z\":37.0713348},\"Rotation\":{\"x\":0.158712283,\"y\":0.6890649,\"z\":0.689065,\"w\":-0.158712283},\"LengthScale\":1.0}],\"Storages\":[]},{\"TypeID\":9,\"Position\":{\"x\":-186.4994,\"y\":380.313171,\"z\":34.57432},\"Rotation\":{\"y\":0.109608479,\"w\":0.993974864},\"LinkedStructures\":[null,null,null,null,null,null],\"Elements\":[{\"ProfileID\":13,\"Position\":{\"x\":-186.434021,\"y\":380.311462,\"z\":34.555294},\"Rotation\":{\"x\":-0.7118668,\"y\":0.017128244,\"z\":-0.01712823,\"w\":0.7018968},\"LengthScale\":1.0},{\"ProfileID\":13,\"Position\":{\"x\":-186.3138,\"y\":379.8708,\"z\":35.0552254},\"Rotation\":{\"x\":0.09906118,\"y\":0.6890112,\"z\":0.7157734,\"w\":-0.0558472127},\"LengthScale\":1.0}],\"Storages\":[]},{\"TypeID\":9,\"Position\":{\"x\":-186.158264,\"y\":380.105164,\"z\":34.03708},\"Rotation\":{\"y\":0.109608479,\"w\":0.993974864},\"LinkedStructures\":[null,null,null,null,null,null],\"Elements\":[{\"ProfileID\":13,\"Position\":{\"x\":-186.644348,\"y\":380.011261,\"z\":32.7858429},\"Rotation\":{\"x\":-0.7071069,\"w\":0.7071069},\"LengthScale\":1.0},{\"ProfileID\":13,\"Position\":{\"x\":-186.450333,\"y\":380.044556,\"z\":33.1918678},\"Rotation\":{\"x\":-0.7071069,\"w\":0.7071069},\"LengthScale\":1.0},{\"ProfileID\":13,\"Position\":{\"x\":-186.256317,\"y\":380.1095,\"z\":33.5978928},\"Rotation\":{\"x\":-0.7071069,\"w\":0.7071069},\"LengthScale\":1.0},{\"ProfileID\":13,\"Position\":{\"x\":-186.158264,\"y\":380.105164,\"z\":34.03708},\"Rotation\":{\"x\":-0.7071069,\"y\":-2.98023224E-08,\"z\":-2.98023224E-08,\"w\":0.7071069},\"LengthScale\":1.0},{\"ProfileID\":13,\"Position\":{\"x\":-186.060211,\"y\":380.1076,\"z\":34.476265},\"Rotation\":{\"x\":-0.442182,\"y\":0.5517926,\"z\":0.551792562,\"w\":0.4421821},\"LengthScale\":1.0}],\"Storages\":[]},{\"TypeID\":9,\"Position\":{\"x\":-187.174728,\"y\":379.902344,\"z\":32.08089},\"Rotation\":{\"y\":0.4097042,\"w\":0.912218451},\"LinkedStructures\":[null,null,null,null,null,null],\"Elements\":[{\"ProfileID\":13,\"Position\":{\"x\":-187.738373,\"y\":379.873474,\"z\":30.8934879},\"Rotation\":{\"x\":-0.7071068,\"w\":0.7071068},\"LengthScale\":1.0},{\"ProfileID\":13,\"Position\":{\"x\":-187.686386,\"y\":379.830566,\"z\":31.3404751},\"Rotation\":{\"x\":-0.7071068,\"w\":0.7071068},\"LengthScale\":1.0},{\"ProfileID\":13,\"Position\":{\"x\":-187.430557,\"y\":379.861,\"z\":31.7106819},\"Rotation\":{\"x\":-0.7071068,\"w\":0.7071068},\"LengthScale\":1.0},{\"ProfileID\":13,\"Position\":{\"x\":-187.174728,\"y\":379.902344,\"z\":32.08089},\"Rotation\":{\"x\":-0.7071068,\"w\":0.7071068},\"LengthScale\":1.0},{\"ProfileID\":13,\"Position\":{\"x\":-186.838364,\"y\":379.990967,\"z\":32.379818},\"Rotation\":{\"x\":0.1562999,\"y\":0.6896161,\"z\":0.6896161,\"w\":-0.1562999},\"LengthScale\":1.0}],\"Storages\":[]},{\"TypeID\":9,\"Position\":{\"x\":-187.72374,\"y\":379.997925,\"z\":30.00146},\"Rotation\":{\"y\":-0.0742268,\"w\":0.9972414},\"LinkedStructures\":[null,null,null,null,null,null],\"Elements\":[{\"ProfileID\":13,\"Position\":{\"x\":-187.913925,\"y\":380.107666,\"z\":28.675087},\"Rotation\":{\"x\":-0.707106769,\"y\":-1.49011612E-08,\"z\":-1.49011612E-08,\"w\":0.707106769},\"LengthScale\":1.0},{\"ProfileID\":13,\"Position\":{\"x\":-187.7743,\"y\":380.0906,\"z\":29.10288},\"Rotation\":{\"x\":-0.707106769,\"y\":-1.49011612E-08,\"z\":-1.49011612E-08,\"w\":0.707106769},\"LengthScale\":1.0},{\"ProfileID\":13,\"Position\":{\"x\":-187.749023,\"y\":380.04184,\"z\":29.55217},\"Rotation\":{\"x\":-0.707106769,\"y\":-1.49011612E-08,\"z\":-1.49011612E-08,\"w\":0.707106769},\"LengthScale\":1.0},{\"ProfileID\":13,\"Position\":{\"x\":-187.72374,\"y\":379.997925,\"z\":30.00146},\"Rotation\":{\"x\":-0.707106769,\"y\":-1.49011612E-08,\"z\":-1.49011612E-08,\"w\":0.707106769},\"LengthScale\":1.0},{\"ProfileID\":13,\"Position\":{\"x\":-187.790359,\"y\":379.9182,\"z\":30.4465},\"Rotation\":{\"x\":0.0409131348,\"y\":0.7059222,\"z\":0.7059222,\"w\":-0.0409131348},\"LengthScale\":1.0}],\"Storages\":[]},{\"TypeID\":9,\"Position\":{\"x\":-188.3609,\"y\":380.0738,\"z\":27.9186172},\"Rotation\":{\"y\":0.367153078,\"w\":0.9301605},\"LinkedStructures\":[null,null,null,null,null,null],\"Elements\":[{\"ProfileID\":13,\"Position\":{\"x\":-189.285,\"y\":379.931519,\"z\":26.93327},\"Rotation\":{\"x\":-0.707106769,\"w\":0.707106769},\"LengthScale\":1.0},{\"ProfileID\":13,\"Position\":{\"x\":-188.975616,\"y\":379.970825,\"z\":27.26126},\"Rotation\":{\"x\":-0.707106769,\"w\":0.707106769},\"LengthScale\":1.0},{\"ProfileID\":13,\"Position\":{\"x\":-188.668274,\"y\":380.019958,\"z\":27.5899448},\"Rotation\":{\"x\":-0.707106769,\"w\":0.707106769},\"LengthScale\":1.0},{\"ProfileID\":13,\"Position\":{\"x\":-188.3609,\"y\":380.0738,\"z\":27.9186172},\"Rotation\":{\"x\":-0.707106769,\"w\":0.707106769},\"LengthScale\":1.0},{\"ProfileID\":13,\"Position\":{\"x\":-188.053543,\"y\":380.127655,\"z\":28.2472935},\"Rotation\":{\"x\":0.111072987,\"y\":0.698328555,\"z\":0.6983287,\"w\":-0.111072928},\"LengthScale\":1.0}],\"Storages\":[]},{\"TypeID\":9,\"Position\":{\"x\":-189.899857,\"y\":379.8544,\"z\":26.2772541},\"Rotation\":{\"y\":0.3681668,\"w\":0.929759741},\"LinkedStructures\":[null,null,null,null,null,null],\"Elements\":[{\"ProfileID\":2,\"Position\":{\"x\":-189.591782,\"y\":379.893219,\"z\":26.60526},\"Rotation\":{\"x\":0.259640217,\"y\":0.6577134,\"z\":0.6577134,\"w\":-0.259640217},\"LengthScale\":1.0}],\"Storages\":[]}],null,null,null,null,null,null,null,null,null,null,[{\"TypeID\":20,\"Position\":{\"x\":-205.6149,\"y\":375.885681,\"z\":26.1017933},\"Rotation\":{\"y\":0.833680153,\"w\":0.552247643},\"LinkedStructures\":[{\"TypeID\":1,\"InstanceID\":6},{\"TypeID\":1,\"InstanceID\":7},null,{\"TypeID\":22},null,null,{\"TypeID\":20,\"InstanceID\":1},{\"TypeID\":3,\"InstanceID\":2},null,{\"TypeID\":20,\"InstanceID\":2},{\"TypeID\":3,\"InstanceID\":1},null,null,null,null,null],\"Elements\":[{\"ProfileID\":212,\"Position\":{\"x\":-204.5744,\"y\":375.885681,\"z\":25.6610413},\"Rotation\":{\"y\":0.8336804,\"w\":0.5522472},\"LengthScale\":1.0}],\"Storages\":[]},{\"TypeID\":20,\"Position\":{\"x\":-203.5339,\"y\":375.885681,\"z\":25.2202911},\"Rotation\":{\"y\":0.199002847,\"w\":0.979998946},\"LinkedStructures\":[{\"TypeID\":1,\"InstanceID\":7},{\"TypeID\":1,\"InstanceID\":8},null,null,null,null,null,{\"TypeID\":20,\"InstanceID\":9},{\"TypeID\":20,\"InstanceID\":7},{\"TypeID\":20},null,{\"TypeID\":3,\"InstanceID\":2},null,null,null,null],\"Elements\":[{\"ProfileID\":212,\"Position\":{\"x\":-203.093155,\"y\":375.885681,\"z\":26.26079},\"Rotation\":{\"y\":0.199002534,\"w\":0.979999},\"LengthScale\":1.0}],\"Storages\":[]},{\"TypeID\":20,\"Position\":{\"x\":-205.6149,\"y\":375.885681,\"z\":26.1017933},\"Rotation\":{\"y\":0.199002847,\"w\":0.979998946},\"LinkedStructures\":[{\"TypeID\":1,\"InstanceID\":6},{\"TypeID\":1,\"InstanceID\":9},null,null,null,null,null,{\"TypeID\":20,\"InstanceID\":3},{\"TypeID\":20,\"InstanceID\":6},null,{\"TypeID\":20},{\"TypeID\":3,\"InstanceID\":1},null,null,null,null],\"Elements\":[{\"ProfileID\":212,\"Position\":{\"x\":-205.174149,\"y\":375.885681,\"z\":27.142292},\"Rotation\":{\"y\":0.1990024,\"w\":0.979999065},\"LengthScale\":1.0}],\"Storages\":[]},{\"TypeID\":20,\"Position\":{\"x\":-204.7334,\"y\":375.885681,\"z\":28.1827927},\"Rotation\":{\"y\":0.8336802,\"w\":0.5522476},\"LinkedStructures\":[{\"TypeID\":1,\"InstanceID\":9},{\"TypeID\":1,\"InstanceID\":10},null,{\"TypeID\":22,\"InstanceID\":1},{\"TypeID\":22},null,null,null,null,{\"TypeID\":20,\"InstanceID\":6},{\"TypeID\":20,\"InstanceID\":2},null,null,null,null,null],\"Elements\":[{\"ProfileID\":212,\"Position\":{\"x\":-203.6929,\"y\":375.885681,\"z\":27.7420425},\"Rotation\":{\"y\":0.833680451,\"w\":0.5522472},\"LengthScale\":1.0}],\"Storages\":[]},{\"TypeID\":20,\"Position\":{\"x\":-199.689911,\"y\":375.885681,\"z\":28.5007839},\"Rotation\":{\"y\":0.9799989,\"w\":-0.199002981},\"LinkedStructures\":[{\"TypeID\":1},{\"TypeID\":1,\"InstanceID\":2},null,null,null,null,null,{\"TypeID\":20,\"InstanceID\":9},null,null,{\"TypeID\":20,\"InstanceID\":8},null,null,null,null,null],\"Elements\":[{\"ProfileID\":212,\"Position\":{\"x\":-200.130661,\"y\":375.885681,\"z\":27.4602852},\"Rotation\":{\"y\":0.979998946,\"w\":-0.199002564},\"LengthScale\":1.0}],\"Storages\":[]},{\"TypeID\":20,\"Position\":{\"x\":-201.7709,\"y\":375.885681,\"z\":29.3822861},\"Rotation\":{\"y\":-0.5522476,\"w\":0.833680153},\"LinkedStructures\":[{\"TypeID\":1,\"InstanceID\":5},{\"TypeID\":1,\"InstanceID\":3},null,{\"TypeID\":22,\"InstanceID\":1},null,null,null,null,null,{\"TypeID\":20,\"InstanceID\":7},null,{\"TypeID\":20,\"InstanceID\":8},null,null,null,null],\"Elements\":[{\"ProfileID\":212,\"Position\":{\"x\":-202.8114,\"y\":375.885681,\"z\":29.8230362},\"Rotation\":{\"y\":-0.5522473,\"w\":0.833680332},\"LengthScale\":1.0}],\"Storages\":[]},{\"TypeID\":20,\"Position\":{\"x\":-204.7334,\"y\":375.885681,\"z\":28.1827927},\"Rotation\":{\"y\":0.199002862,\"w\":0.9799989},\"LinkedStructures\":[{\"TypeID\":1,\"InstanceID\":9},{\"TypeID\":1,\"InstanceID\":1},null,null,null,null,null,null,null,null,{\"TypeID\":20,\"InstanceID\":3},{\"TypeID\":20,\"InstanceID\":2},null,null,null,null],\"Elements\":[{\"ProfileID\":212,\"Position\":{\"x\":-204.292648,\"y\":375.885681,\"z\":29.2232914},\"Rotation\":{\"y\":0.199002534,\"w\":0.979998946},\"LengthScale\":1.0}],\"Storages\":[]},{\"TypeID\":20,\"Position\":{\"x\":-202.6524,\"y\":375.885681,\"z\":27.3012886},\"Rotation\":{\"y\":0.199002862,\"w\":0.9799989},\"LinkedStructures\":[{\"TypeID\":1,\"InstanceID\":8},{\"TypeID\":1,\"InstanceID\":5},null,null,null,null,{\"TypeID\":20,\"InstanceID\":5},{\"TypeID\":20,\"InstanceID\":8},null,null,{\"TypeID\":20,\"InstanceID\":9},{\"TypeID\":20,\"InstanceID\":1},null,null,null,null],\"Elements\":[{\"ProfileID\":212,\"Position\":{\"x\":-202.211655,\"y\":375.885681,\"z\":28.3417873},\"Rotation\":{\"y\":0.199002534,\"w\":0.979998946},\"LengthScale\":1.0}],\"Storages\":[]},{\"TypeID\":20,\"Position\":{\"x\":-201.7709,\"y\":375.885681,\"z\":29.3822861},\"Rotation\":{\"y\":0.8336802,\"w\":0.5522476},\"LinkedStructures\":[{\"TypeID\":1,\"InstanceID\":5},{\"TypeID\":1},null,null,null,null,null,{\"TypeID\":20,\"InstanceID\":4},null,null,{\"TypeID\":20,\"InstanceID\":7},{\"TypeID\":20,\"InstanceID\":5},null,null,null,null],\"Elements\":[{\"ProfileID\":212,\"Position\":{\"x\":-200.730408,\"y\":375.885681,\"z\":28.9415359},\"Rotation\":{\"y\":0.833680451,\"w\":0.5522472},\"LengthScale\":1.0}],\"Storages\":[]},{\"TypeID\":20,\"Position\":{\"x\":-202.6524,\"y\":375.885681,\"z\":27.3012886},\"Rotation\":{\"y\":0.8336802,\"w\":0.5522476},\"LinkedStructures\":[{\"TypeID\":1,\"InstanceID\":8},{\"TypeID\":1,\"InstanceID\":2},null,null,null,null,{\"TypeID\":20,\"InstanceID\":4},null,null,{\"TypeID\":20,\"InstanceID\":7},{\"TypeID\":20,\"InstanceID\":1},null,null,null,null,null],\"Elements\":[{\"ProfileID\":229,\"Position\":{\"x\":-202.479355,\"y\":375.885681,\"z\":27.2279873},\"Rotation\":{\"y\":0.833680451,\"w\":0.5522472},\"LengthScale\":1.0}],\"Storages\":[]}],null,[{\"TypeID\":22,\"Position\":{\"x\":-204.133652,\"y\":376.0482,\"z\":26.7015419},\"Rotation\":{\"y\":0.199002251,\"w\":0.979999},\"LinkedStructures\":[{\"TypeID\":20},{\"TypeID\":20,\"InstanceID\":3},null,null,null,null,null,null,null,null,null],\"Elements\":[{\"ProfileID\":274,\"Position\":{\"x\":-203.300568,\"y\":376.0482,\"z\":26.3486481},\"Rotation\":{\"y\":0.199002251,\"w\":0.979999},\"LengthScale\":1.00444543},{\"ProfileID\":273,\"Position\":{\"x\":-203.717117,\"y\":376.0482,\"z\":26.525095},\"Rotation\":{\"y\":0.199002251,\"w\":0.979999},\"LengthScale\":1.00444543},{\"ProfileID\":272,\"Position\":{\"x\":-204.133652,\"y\":376.0482,\"z\":26.7015419},\"Rotation\":{\"y\":0.199002251,\"w\":0.979999},\"LengthScale\":1.00444543},{\"ProfileID\":271,\"Position\":{\"x\":-204.550186,\"y\":376.0482,\"z\":26.8779888},\"Rotation\":{\"y\":0.199002251,\"w\":0.979999},\"LengthScale\":1.00444543},{\"ProfileID\":270,\"Position\":{\"x\":-204.966736,\"y\":376.0482,\"z\":27.0544357},\"Rotation\":{\"y\":0.199002251,\"w\":0.979999},\"LengthScale\":1.00444543}],\"Storages\":[]},{\"TypeID\":22,\"Position\":{\"x\":-203.252151,\"y\":376.0482,\"z\":28.78254},\"Rotation\":{\"y\":0.9799989,\"w\":-0.199002892},\"LinkedStructures\":[{\"TypeID\":20,\"InstanceID\":5},{\"TypeID\":20,\"InstanceID\":3},null,null,null,null,null,null,null,null,null],\"Elements\":[{\"ProfileID\":274,\"Position\":{\"x\":-204.085236,\"y\":376.0482,\"z\":29.1354332},\"Rotation\":{\"y\":0.9799989,\"w\":-0.199002892},\"LengthScale\":1.00444221},{\"ProfileID\":273,\"Position\":{\"x\":-203.668686,\"y\":376.0482,\"z\":28.9589863},\"Rotation\":{\"y\":0.9799989,\"w\":-0.199002892},\"LengthScale\":1.00444221},{\"ProfileID\":272,\"Position\":{\"x\":-203.252151,\"y\":376.0482,\"z\":28.78254},\"Rotation\":{\"y\":0.9799989,\"w\":-0.199002892},\"LengthScale\":1.00444221},{\"ProfileID\":271,\"Position\":{\"x\":-202.835617,\"y\":376.0482,\"z\":28.6060925},\"Rotation\":{\"y\":0.9799989,\"w\":-0.199002892},\"LengthScale\":1.00444221},{\"ProfileID\":270,\"Position\":{\"x\":-202.419067,\"y\":376.0482,\"z\":28.4296455},\"Rotation\":{\"y\":0.9799989,\"w\":-0.199002892},\"LengthScale\":1.00444221}],\"Storages\":[]}],null,null,null,null,null,null,null,null,null,[{\"TypeID\":32,\"Position\":{\"x\":-204.329422,\"y\":376.1459,\"z\":26.80183},\"Rotation\":{\"x\":-0.06398329,\"y\":0.9738676,\"z\":-0.0142864287,\"w\":0.217448846},\"LinkedStructures\":[null],\"Elements\":[{\"ProfileID\":31,\"Position\":{\"x\":-204.329422,\"y\":376.1459,\"z\":26.80183},\"Rotation\":{\"x\":-0.06398329,\"y\":0.9738676,\"z\":-0.0142864259,\"w\":0.217448846},\"LengthScale\":1.0},{\"ProfileID\":120,\"Position\":{\"x\":-203.928818,\"y\":376.219025,\"z\":26.6950951},\"Rotation\":{\"x\":-0.06398329,\"y\":0.9738676,\"z\":-0.0142864259,\"w\":0.217448846},\"LengthScale\":1.0},{\"ProfileID\":119,\"Position\":{\"x\":-203.989044,\"y\":376.2303,\"z\":27.0236855},\"Rotation\":{\"x\":-0.06398329,\"y\":0.9738676,\"z\":-0.0142864259,\"w\":0.217448846},\"LengthScale\":1.0},{\"ProfileID\":121,\"Position\":{\"x\":-204.12149,\"y\":376.1464,\"z\":26.4399014},\"Rotation\":{\"x\":-0.06398329,\"y\":0.9738676,\"z\":-0.0142864259,\"w\":0.217448846},\"LengthScale\":1.0},{\"ProfileID\":119,\"Position\":{\"x\":-204.4896,\"y\":376.102753,\"z\":26.4635754},\"Rotation\":{\"x\":-0.06398329,\"y\":0.9738676,\"z\":-0.0142864259,\"w\":0.217448846},\"LengthScale\":1.0},{\"ProfileID\":122,\"Position\":{\"x\":-204.710388,\"y\":376.11264,\"z\":26.714489},\"Rotation\":{\"x\":-0.06398329,\"y\":0.9738676,\"z\":-0.0142864259,\"w\":0.217448846},\"LengthScale\":1.0},{\"ProfileID\":124,\"Position\":{\"x\":-204.310852,\"y\":376.195221,\"z\":27.20944},\"Rotation\":{\"x\":-0.06398329,\"y\":0.9738676,\"z\":-0.0142864259,\"w\":0.217448846},\"LengthScale\":1.0},{\"ProfileID\":123,\"Position\":{\"x\":-204.655334,\"y\":376.153229,\"z\":27.06853},\"Rotation\":{\"x\":-0.06398329,\"y\":0.9738676,\"z\":-0.0142864259,\"w\":0.217448846},\"LengthScale\":1.0},{\"ProfileID\":316,\"Position\":{\"x\":-204.329422,\"y\":376.1459,\"z\":26.80183},\"Rotation\":{\"x\":-0.06398329,\"y\":0.9738676,\"z\":-0.0142864268,\"w\":0.217448846},\"LengthScale\":1.0},{\"ProfileID\":189,\"Position\":{\"x\":-204.329422,\"y\":376.1459,\"z\":26.80183},\"Rotation\":{\"x\":-0.06398329,\"y\":0.9738676,\"z\":-0.0142864268,\"w\":0.217448846},\"LengthScale\":1.0}],\"Storages\":[{\"Version\":\"0.0.0\",\"ItemBlocks\":[]}]}],null,null,null,null,[{\"TypeID\":37,\"Position\":{\"x\":-181.678192,\"y\":373.290344,\"z\":63.00684},\"Rotation\":{\"y\":-0.714165747,\"w\":0.6999766},\"LinkedStructures\":[null,null,{\"TypeID\":37},null,null,null],\"Elements\":[{\"ProfileID\":13,\"Position\":{\"x\":-181.678192,\"y\":373.290344,\"z\":63.00684},\"Rotation\":{\"x\":-0.7071068,\"w\":0.7071068},\"LengthScale\":1.0},{\"ProfileID\":13,\"Position\":{\"x\":-182.1281,\"y\":373.261322,\"z\":62.99781},\"Rotation\":{\"x\":-0.7071068,\"w\":0.7071068},\"LengthScale\":1.0},{\"ProfileID\":13,\"Position\":{\"x\":-182.578,\"y\":373.222626,\"z\":62.98878},\"Rotation\":{\"x\":-0.7071068,\"w\":0.7071068},\"LengthScale\":1.0},{\"ProfileID\":13,\"Position\":{\"x\":-183.027908,\"y\":373.211853,\"z\":62.97975},\"Rotation\":{\"x\":-0.7071068,\"w\":0.7071068},\"LengthScale\":1.0},{\"ProfileID\":13,\"Position\":{\"x\":-183.477814,\"y\":373.204224,\"z\":62.9707222},\"Rotation\":{\"x\":-0.5049914,\"y\":0.4949582,\"z\":0.494958133,\"w\":0.504991531},\"LengthScale\":1.0},{\"ProfileID\":193,\"Position\":{\"x\":-182.578,\"y\":373.247284,\"z\":62.98878},\"Rotation\":{\"x\":-0.235322714,\"y\":-0.672598064,\"z\":-0.2400929,\"w\":0.6592348},\"LengthScale\":1.0}],\"Storages\":[]}],null,null,null,null,null,null,null,null,null,null,null]}"}}