{"Version":"0.0.0","Data":{"GameState":"{\"Version\":\"0.0.0\",\"GameName\":\"Custom 3 Days 15:53:15\",\"SaveTime\":\"2024-02-12T15:53:01.3625594-08:00\",\"GameType\":\"Custom\",\"GameId\":\"4613be30-5483-4984-807a-338f9264a731\",\"GameDays\":4,\"GameHours\":4,\"GameMinutes\":55,\"GameSeconds\":17,\"GameMilliseconds\":569,\"CrashSite\":\"snow\",\"NamedIntDatas\":[{\"SaveObjectNameId\":\"None\"},{\"SaveObjectNameId\":\"LuxuryBunker.HellDoorCaveEntrance\"},{\"SaveObjectNameId\":\"HangingTacticalGpsPickedUp\"},{\"SaveObjectNameId\":\"BuriedTacticalGpsPickedUp\"},{\"SaveObjectNameId\":\"RaftTacticalGpsPickeUp\"},{\"SaveObjectNameId\":\"BunkerA.EntranceHatch\"},{\"SaveObjectNameId\":\"BunkerB.EntranceHatch\"},{\"SaveObjectNameId\":\"BunkerC.EntranceHatch\"}]}"}}