{"Version":"0.0.0","Data":{"PlayerState":"{\"_entries\":[{\"Name\":\"isNewItemInInventory_00000483\"},{\"Name\":\"crafted.00000379\",\"SettingType\":1,\"IntValue\":1},{\"Name\":\"crafted.00000412\",\"SettingType\":1,\"IntValue\":1},{\"Name\":\"crafted.00000413\",\"SettingType\":1,\"IntValue\":1},{\"Name\":\"crafted.00000589\",\"SettingType\":1,\"IntValue\":1},{\"Name\":\"isNewCraftingRecipe_StartingEmergencyPackRecipe\"},{\"Name\":\"isNewItemInInventory_00000486\"},{\"Name\":\"isNewItemInInventory_00000379\"},{\"Name\":\"isNewItemInInventory_00000380\"},{\"Name\":\"ShowMissingTacticalsTutorial\"},{\"Name\":\"ShowMissingPufftonsTutorial\"},{\"Name\":\"InventoryLightsActive\"},{\"Name\":\"seenFirstTimeEquip_00000412\",\"BoolValue\":true},{\"Name\":\"GotTutorialTarp\",\"BoolValue\":true},{\"Name\":\"isNewItemInInventory_00000437\"},{\"Name\":\"consumed.00000437\",\"SettingType\":1,\"IntValue\":1},{\"Name\":\"isNewCraftingRecipeTutorial_CraftedSpearRecipe\"},{\"Name\":\"isNewItemInInventory_00000392\"},{\"Name\":\"isNewItemInInventory_00000419\"},{\"Name\":\"crafted.00000474\",\"SettingType\":1,\"IntValue\":1},{\"Name\":\"isNewCraftingRecipe_CraftedSpearRecipe\"},{\"Name\":\"isNewItemInInventory_00000474\"},{\"Name\":\"seenFirstTimeEquip_00000379\",\"BoolValue\":true},{\"Name\":\"isNewCraftingRecipeTutorial_EnergyMixPlusRecipe\"},{\"Name\":\"hasOwned_00000500\",\"BoolValue\":true},{\"Name\":\"HasDismountedFromKnightVBefore\",\"BoolValue\":true},{\"Name\":\"consumed.00000438\",\"SettingType\":1,\"IntValue\":2},{\"Name\":\"isNewCraftingRecipeTutorial_CraftedAxeRecipe\"},{\"Name\":\"isNewCraftingRecipeTutorial_LeafArmourRecipe\"},{\"Name\":\"isNewCraftingRecipeTutorial_TorchRecipe\"},{\"Name\":\"Strength\",\"SettingType\":2,\"FloatValue\":4.17725134},{\"Name\":\"StrengthLevel\",\"SettingType\":1,\"IntValue\":8},{\"Name\":\"CurrentStrength\",\"SettingType\":2,\"FloatValue\":168.413086},{\"Name\":\"RequiredCurrentStrengthPerLevel\",\"SettingType\":2,\"FloatValue\":4031.67236},{\"Name\":\"MaxHealth\",\"SettingType\":2,\"FloatValue\":114.0},{\"Name\":\"CurrentHealth\",\"SettingType\":2,\"FloatValue\":114.0},{\"Name\":\"TargetHealth\",\"SettingType\":2,\"FloatValue\":114.0},{\"Name\":\"Hydration\",\"SettingType\":2},{\"Name\":\"Fullness\",\"SettingType\":2,\"FloatValue\":49.1741943},{\"Name\":\"Rest\",\"SettingType\":2,\"FloatValue\":90.859375},{\"Name\":\"Stamina\",\"SettingType\":2,\"FloatValue\":62.274},{\"Name\":\"HydrationBuff\",\"SettingType\":2,\"FloatValue\":-2.32087016},{\"Name\":\"FullnessBuff\",\"SettingType\":2,\"FloatValue\":-4.289973},{\"Name\":\"RestBuff\",\"SettingType\":2,\"FloatValue\":-1.77621841E-05},{\"Name\":\"CookingBuffTimeRemaining\",\"SettingType\":2},{\"Name\":\"CookingBuffRecipe\",\"SettingType\":1,\"IntValue\":-1},{\"Name\":\"player.position\",\"SettingType\":4,\"FloatArrayValue\":[-206.853775,375.822845,25.7922268]},{\"Name\":\"player.rotation\",\"SettingType\":4,\"FloatArrayValue\":[-8.84756446E-09,0.974876165,0.0,-0.222747758]},{\"Name\":\"player.areaMask\",\"SettingType\":1},{\"Name\":\"isNewCraftingRecipeTutorial_CatFoodRecipe\"},{\"Name\":\"isNewCraftingRecipeTutorial_CraftedBowRecipe\"},{\"Name\":\"isNewCraftingRecipeTutorial_MolotovRecipe\"},{\"Name\":\"isNewCraftingRecipeTutorial_EnergyMixRecipe\"},{\"Name\":\"seenFirstTimeEquip_00000589\",\"BoolValue\":true},{\"Name\":\"SCREWBookLastUsed\",\"BoolValue\":true},{\"Name\":\"BlueprintBookPageIndex\",\"SettingType\":1,\"IntValue\":12},{\"Name\":\"isNewItemInInventory_00000476\"},{\"Name\":\"isNewItemInInventory_00000393\"},{\"Name\":\"hasOwned_00000402\",\"BoolValue\":true},{\"Name\":\"isNewItemInInventory_00000438\"},{\"Name\":\"isNewItemInInventory_00000517\"},{\"Name\":\"isNewItemInInventory_00000414\"},{\"Name\":\"isNewItemInInventory_00000527\"},{\"Name\":\"isNewItemInInventory_00000418\"},{\"Name\":\"isNewItemInInventory_00000410\"},{\"Name\":\"isNewItemInInventory_00000441\"},{\"Name\":\"consumed.00000441\",\"SettingType\":1,\"IntValue\":1},{\"Name\":\"isNewItemInInventory_00000439\"},{\"Name\":\"isNewItemInInventory_00000434\"},{\"Name\":\"isNewItemInInventory_00000415\"},{\"Name\":\"isNewItemInInventory_00000690\"},{\"Name\":\"isNewCraftingRecipeTutorial_TacticalArrowExplosiveUpgradeRecipe\"},{\"Name\":\"isNewCraftingRecipeTutorial_TacticalArrowFireUpgradeRecipe\"},{\"Name\":\"isNewCraftingRecipeTutorial_TacticalArrowShockUpgradeRecipe\"},{\"Name\":\"isNewItemInInventory_00000412\"},{\"Name\":\"isNewItemInInventory_00000420\"},{\"Name\":\"isNewItemInInventory_00000589\"},{\"Name\":\"isNewItemInInventory_00000416\"},{\"Name\":\"isNewItemInInventory_00000387\"},{\"Name\":\"isNewItemInInventory_00000362\"},{\"Name\":\"isNewItemInInventory_00000390\"},{\"Name\":\"consumed.00000517\",\"SettingType\":1,\"IntValue\":4},{\"Name\":\"HasBeenTiredBefore\",\"BoolValue\":true},{\"Name\":\"isNewItemInInventory_00000421\"},{\"Name\":\"consumed.00000421\",\"SettingType\":1,\"IntValue\":1},{\"Name\":\"consumed.00000433\",\"SettingType\":1,\"IntValue\":1},{\"Name\":\"isNewItemInInventory_00000432\"},{\"Name\":\"consumed.00000436\",\"SettingType\":1,\"IntValue\":6},{\"Name\":\"isNewCraftingRecipeTutorial_CraftedArrowsRecipe\"},{\"Name\":\"isNewItemInInventory_00000403\"},{\"Name\":\"crafted.00000443\",\"SettingType\":1,\"IntValue\":1},{\"Name\":\"isNewCraftingRecipe_CraftedBowRecipe\"},{\"Name\":\"isNewItemInInventory_00000524\"},{\"Name\":\"isNewItemInInventory_00000479\"},{\"Name\":\"crafted.00000507\",\"SettingType\":1,\"IntValue\":4},{\"Name\":\"isNewCraftingRecipe_CraftedArrowsRecipe\"},{\"Name\":\"isNewItemInInventory_00000436\"},{\"Name\":\"isNewItemInInventory_00000443\"},{\"Name\":\"isNewCraftingRecipeTutorial_CraftedArrowExplosiveUpgradeRecipe\"},{\"Name\":\"isNewCraftingRecipeTutorial_CraftedArrowFireUpgradeRecipe\"},{\"Name\":\"isNewCraftingRecipeTutorial_CraftedArrowShockUpgradeRecipe\"},{\"Name\":\"seenFirstTimeEquip_00000486\",\"BoolValue\":true}],\"NamedInts\":[{\"SaveObjectNameId\":\"BunkerLuxury.Cutscene.MutantBossIntro\"},{\"SaveObjectNameId\":\"BunkerResidential.Cutscene.GetDownSon\"}]}"}}