{"Version":"0.0.0","Data":{"PlayerState":"{\"_entries\":[{\"Name\":\"consumed.00000437\",\"SettingType\":1,\"IntValue\":16},{\"Name\":\"isNewItemInInventory_00000483\"},{\"Name\":\"crafted.00000379\",\"SettingType\":1,\"IntValue\":1},{\"Name\":\"crafted.00000412\",\"SettingType\":1,\"IntValue\":1},{\"Name\":\"crafted.00000413\",\"SettingType\":1,\"IntValue\":1},{\"Name\":\"crafted.00000589\",\"SettingType\":1,\"IntValue\":1},{\"Name\":\"isNewCraftingRecipe_StartingEmergencyPackRecipe\"},{\"Name\":\"InventoryLightsActive\"},{\"Name\":\"seenFirstTimeEquip_00000589\",\"BoolValue\":true},{\"Name\":\"isNewItemInInventory_00000486\"},{\"Name\":\"isNewItemInInventory_00000380\"},{\"Name\":\"isNewItemInInventory_00000379\"},{\"Name\":\"isNewItemInInventory_00000412\"},{\"Name\":\"seenFirstTimeEquip_00000379\",\"BoolValue\":true},{\"Name\":\"SCREWBookLastUsed\"},{\"Name\":\"ShowMissingTacticalsTutorial\"},{\"Name\":\"ShowMissingPufftonsTutorial\"},{\"Name\":\"seenFirstTimeEquip_00000412\",\"BoolValue\":true},{\"Name\":\"isNewCraftingRecipeTutorial_CraftedSpearRecipe\"},{\"Name\":\"isNewItemInInventory_00000484\"},{\"Name\":\"isNewItemInInventory_00000589\"},{\"Name\":\"isNewItemInInventory_00000387\"},{\"Name\":\"isNewItemInInventory_00000402\"},{\"Name\":\"isNewItemInInventory_00000523\"},{\"Name\":\"isNewItemInInventory_00000392\"},{\"Name\":\"isNewItemInInventory_00000419\"},{\"Name\":\"BlueprintBookPageIndex\",\"SettingType\":1,\"IntValue\":1},{\"Name\":\"isNewItemInInventory_00000527\"},{\"Name\":\"isNewItemInInventory_00000438\"},{\"Name\":\"seenFirstTimeEquip_00000413\",\"BoolValue\":true},{\"Name\":\"crafted.00000474\",\"SettingType\":1,\"IntValue\":1},{\"Name\":\"isNewCraftingRecipe_CraftedSpearRecipe\"},{\"Name\":\"isNewItemInInventory_00000474\"},{\"Name\":\"isNewItemInInventory_00000433\"},{\"Name\":\"consumed.00000433\",\"SettingType\":1,\"IntValue\":9},{\"Name\":\"Strength\",\"SettingType\":2,\"FloatValue\":23.0443},{\"Name\":\"StrengthLevel\",\"SettingType\":1,\"IntValue\":15},{\"Name\":\"CurrentStrength\",\"SettingType\":2,\"FloatValue\":2444.26074},{\"Name\":\"RequiredCurrentStrengthPerLevel\",\"SettingType\":2,\"FloatValue\":10606.791},{\"Name\":\"MaxHealth\",\"SettingType\":2,\"FloatValue\":128.0},{\"Name\":\"CurrentHealth\",\"SettingType\":2,\"FloatValue\":123.5},{\"Name\":\"TargetHealth\",\"SettingType\":2,\"FloatValue\":123.5},{\"Name\":\"Hydration\",\"SettingType\":2,\"FloatValue\":59.8430443},{\"Name\":\"Fullness\",\"SettingType\":2,\"FloatValue\":25.5060558},{\"Name\":\"Rest\",\"SettingType\":2,\"FloatValue\":2.90617871},{\"Name\":\"Stamina\",\"SettingType\":2,\"FloatValue\":38.4459},{\"Name\":\"HydrationBuff\",\"SettingType\":2,\"FloatValue\":-0.7419555},{\"Name\":\"FullnessBuff\",\"SettingType\":2,\"FloatValue\":-27.8983784},{\"Name\":\"RestBuff\",\"SettingType\":2,\"FloatValue\":-2.49408185E-06},{\"Name\":\"CookingBuffTimeRemaining\",\"SettingType\":2,\"FloatValue\":-32833.64},{\"Name\":\"CookingBuffRecipe\",\"SettingType\":1,\"IntValue\":-1},{\"Name\":\"player.position\",\"SettingType\":4,\"FloatArrayValue\":[-924.360168,88.78574,906.059265]},{\"Name\":\"player.rotation\",\"SettingType\":4,\"FloatArrayValue\":[0.0,0.907995641,0.0,0.418979675]},{\"Name\":\"player.areaMask\",\"SettingType\":1},{\"Name\":\"isNewItemInInventory_00000441\"},{\"Name\":\"consumed.00000441\",\"SettingType\":1,\"IntValue\":6},{\"Name\":\"isNewItemInInventory_00000425\"},{\"Name\":\"consumed.00000425\",\"SettingType\":1,\"IntValue\":7},{\"Name\":\"isNewItemInInventory_00000452\"},{\"Name\":\"isNewItemInInventory_00000606\"},{\"Name\":\"isNewItemInInventory_00000436\"},{\"Name\":\"consumed.00000436\",\"SettingType\":1,\"IntValue\":18},{\"Name\":\"TutorialBookPageIndex\",\"SettingType\":1,\"IntValue\":11},{\"Name\":\"HasBeenTiredBefore\",\"BoolValue\":true},{\"Name\":\"isNewItemInInventory_00000413\"},{\"Name\":\"isNewCraftingRecipeTutorial_LeafArmourRecipe\"},{\"Name\":\"isNewCraftingRecipeTutorial_CraftedBowRecipe\"},{\"Name\":\"isNewCraftingRecipeTutorial_TorchRecipe\"},{\"Name\":\"isNewItemInInventory_00000415\"},{\"Name\":\"crafted.00000503\",\"SettingType\":1,\"IntValue\":1},{\"Name\":\"isNewCraftingRecipe_TorchRecipe\"},{\"Name\":\"isNewItemInInventory_00000503\"},{\"Name\":\"TorchWasLit\",\"BoolValue\":true},{\"Name\":\"isNewItemInInventory_00000437\"},{\"Name\":\"isNewItemInInventory_00000508\"},{\"Name\":\"crafted.00000419\",\"SettingType\":1,\"IntValue\":11},{\"Name\":\"crafted.00000363\",\"SettingType\":1,\"IntValue\":1},{\"Name\":\"crafted.00000496\",\"SettingType\":1,\"IntValue\":5},{\"Name\":\"isNewCraftingRecipe_LootPouchRecipe\"},{\"Name\":\"hasOwned_00000402\",\"BoolValue\":true},{\"Name\":\"isNewItemInInventory_00000434\"},{\"Name\":\"isNewItemInInventory_00000496\"},{\"Name\":\"isNewCraftingRecipeTutorial_CraftedAxeRecipe\"},{\"Name\":\"isNewItemInInventory_00000364\"},{\"Name\":\"isNewItemInInventory_00000363\"},{\"Name\":\"isNewItemInInventory_00000439\"},{\"Name\":\"consumed.00000439\",\"SettingType\":1,\"IntValue\":10},{\"Name\":\"consumed.00000445\",\"SettingType\":1,\"IntValue\":6},{\"Name\":\"hasOwned_00000491\",\"BoolValue\":true},{\"Name\":\"isNewCraftingRecipeTutorial_BoneArmourRecipe\"},{\"Name\":\"isNewCraftingRecipeTutorial_CraftedClubRecipe\"},{\"Name\":\"isNewCraftingRecipeTutorial_MolotovRecipe\"},{\"Name\":\"isNewItemInInventory_00000410\"},{\"Name\":\"isNewItemInInventory_00000476\"},{\"Name\":\"isNewItemInInventory_00000393\"},{\"Name\":\"isNewItemInInventory_00000405\"},{\"Name\":\"isNewItemInInventory_00000403\"},{\"Name\":\"crafted.00000494\",\"SettingType\":1,\"IntValue\":5},{\"Name\":\"isNewCraftingRecipe_BoneArmourRecipe\"},{\"Name\":\"isNewItemInInventory_00000494\"},{\"Name\":\"isNewItemInInventory_00000491\"},{\"Name\":\"hasOwned_00000495\",\"BoolValue\":true},{\"Name\":\"isNewItemInInventory_00000495\"},{\"Name\":\"consumed.00000465\",\"SettingType\":1,\"IntValue\":2},{\"Name\":\"consumed.00000447\",\"SettingType\":1,\"IntValue\":4},{\"Name\":\"isNewItemInInventory_00000414\"},{\"Name\":\"crafted.00000388\",\"SettingType\":1,\"IntValue\":6},{\"Name\":\"isNewCraftingRecipe_MolotovRecipe\"},{\"Name\":\"isNewItemInInventory_00000388\"},{\"Name\":\"seenFirstTimeEquip_00000355\",\"BoolValue\":true},{\"Name\":\"consumed.00000466\",\"SettingType\":1,\"IntValue\":7},{\"Name\":\"isNewItemInInventory_00000418\"},{\"Name\":\"isNewItemInInventory_00000390\"},{\"Name\":\"isNewItemInInventory_00000466\"},{\"Name\":\"isNewItemInInventory_00000440\"},{\"Name\":\"isNewItemInInventory_00000465\"},{\"Name\":\"isNewItemInInventory_00000355\"},{\"Name\":\"isNewItemInInventory_00000376\"},{\"Name\":\"crafted.00000355\",\"SettingType\":1,\"IntValue\":2},{\"Name\":\"isNewCraftingRecipe_CompactPistolRailModRecipe\"},{\"Name\":\"consumed.00000438\",\"SettingType\":1,\"IntValue\":11},{\"Name\":\"consumed.00000517\",\"SettingType\":1,\"IntValue\":12},{\"Name\":\"isNewItemInInventory_00000529\"},{\"Name\":\"isNewCraftingRecipeTutorial_HealthMixRecipe\"},{\"Name\":\"isNewItemInInventory_00000451\"},{\"Name\":\"crafted.00000455\",\"SettingType\":1,\"IntValue\":3},{\"Name\":\"isNewCraftingRecipe_HealthMixRecipe\"},{\"Name\":\"isNewItemInInventory_00000599\"},{\"Name\":\"isNewItemInInventory_00000447\"},{\"Name\":\"isNewItemInInventory_00000455\"},{\"Name\":\"hasOwned_00000557\",\"BoolValue\":true},{\"Name\":\"consumed.00000455\",\"SettingType\":1,\"IntValue\":3},{\"Name\":\"isNewItemInInventory_00000502\"},{\"Name\":\"isNewItemInInventory_00000450\"},{\"Name\":\"isNewItemInInventory_00000605\"},{\"Name\":\"isNewItemInInventory_00000480\"},{\"Name\":\"isNewCraftingRecipeTutorial_CraftedArrowsRecipe\"},{\"Name\":\"isNewItemInInventory_00000420\"},{\"Name\":\"isNewItemInInventory_00000590\"},{\"Name\":\"isNewItemInInventory_00000479\"},{\"Name\":\"isNewItemInInventory_00000445\"},{\"Name\":\"isNewItemInInventory_00000504\"},{\"Name\":\"isNewItemInInventory_00000661\"},{\"Name\":\"isNewItemInInventory_00000634\"},{\"Name\":\"DoneBuildFireTutorial\",\"BoolValue\":true},{\"Name\":\"isNewItemInInventory_00000381\"},{\"Name\":\"isNewItemInInventory_00000643\"},{\"Name\":\"isNewItemInInventory_00000646\"},{\"Name\":\"isNewItemInInventory_00000430\"},{\"Name\":\"crafted.00000479\",\"SettingType\":1,\"IntValue\":4},{\"Name\":\"crafted.00000415\",\"SettingType\":1,\"IntValue\":4},{\"Name\":\"crafted.00000437\",\"SettingType\":1,\"IntValue\":7},{\"Name\":\"crafted.00000466\",\"SettingType\":1,\"IntValue\":3},{\"Name\":\"crafted.00000477\",\"SettingType\":1,\"IntValue\":1},{\"Name\":\"isNewCraftingRecipe_CraftedClubRecipe\"},{\"Name\":\"isNewItemInInventory_00000477\"},{\"Name\":\"isNewCraftingRecipeTutorial_FlashlightRechargeRecipe\"},{\"Name\":\"isNewItemInInventory_00000471\"},{\"Name\":\"isNewItemInInventory_00000517\"},{\"Name\":\"isNewCraftingRecipeTutorial_TacticalArrowFireUpgradeRecipe\"},{\"Name\":\"crafted.00000443\",\"SettingType\":1,\"IntValue\":1},{\"Name\":\"isNewCraftingRecipe_CraftedBowRecipe\"},{\"Name\":\"isNewItemInInventory_00000443\"},{\"Name\":\"consumed.00000448\",\"SettingType\":1,\"IntValue\":1},{\"Name\":\"crafted.00000418\",\"SettingType\":1,\"IntValue\":9},{\"Name\":\"crafted.00000502\",\"SettingType\":1,\"IntValue\":3},{\"Name\":\"crafted.00000433\",\"SettingType\":1,\"IntValue\":2},{\"Name\":\"crafted.00000410\",\"SettingType\":1,\"IntValue\":2},{\"Name\":\"seenFirstTimeEquip_00000358\",\"BoolValue\":true},{\"Name\":\"isNewItemInInventory_00000358\"},{\"Name\":\"isNewItemInInventory_00000593\"},{\"Name\":\"isNewItemInInventory_00000596\"},{\"Name\":\"seenFirstTimeEquip_00000471\",\"BoolValue\":true},{\"Name\":\"isNewCraftingRecipeTutorial_TacticalArrowExplosiveUpgradeRecipe\"},{\"Name\":\"isNewCraftingRecipeTutorial_TacticalArrowShockUpgradeRecipe\"},{\"Name\":\"isNewCraftingRecipeTutorial_TimeBombRecipe\"},{\"Name\":\"crafted.00000441\",\"SettingType\":1,\"IntValue\":1},{\"Name\":\"isNewCraftingRecipeTutorial_DeerHideArmourRecipe\"},{\"Name\":\"consumed.00000454\",\"SettingType\":1,\"IntValue\":1},{\"Name\":\"isNewItemInInventory_00000635\"},{\"Name\":\"crafted.00000507\",\"SettingType\":1,\"IntValue\":28},{\"Name\":\"isNewCraftingRecipe_CraftedArrowsRecipe\"},{\"Name\":\"isNewCraftingRecipeTutorial_CraftedArrowFireUpgradeRecipe\"},{\"Name\":\"isNewItemInInventory_00000416\"},{\"Name\":\"isNewItemInInventory_00000569\"},{\"Name\":\"isNewItemInInventory_00000571\"},{\"Name\":\"consumed.00000571\",\"SettingType\":1,\"IntValue\":3},{\"Name\":\"isNewItemInInventory_00000570\"},{\"Name\":\"consumed.00000570\",\"SettingType\":1,\"IntValue\":3},{\"Name\":\"isNewItemInInventory_00000507\"},{\"Name\":\"isNewCraftingRecipeTutorial_CraftedArrowExplosiveUpgradeRecipe\"},{\"Name\":\"isNewCraftingRecipeTutorial_CraftedArrowShockUpgradeRecipe\"},{\"Name\":\"crafted.00000439\",\"SettingType\":1,\"IntValue\":3},{\"Name\":\"isNewItemInInventory_00000421\"},{\"Name\":\"consumed.00000452\",\"SettingType\":1,\"IntValue\":1},{\"Name\":\"isNewItemInInventory_00000356\"},{\"Name\":\"isNewItemInInventory_00000368\"},{\"Name\":\"PointOfInterestFound_Bunker Food\",\"BoolValue\":true},{\"Name\":\"crafted.00000618\",\"SettingType\":1,\"IntValue\":5},{\"Name\":\"seenFirstTimeEquip_00000566\",\"BoolValue\":true},{\"Name\":\"crafted.00000426\",\"SettingType\":1,\"IntValue\":2},{\"Name\":\"crafted.00000553\",\"SettingType\":1,\"IntValue\":6},{\"Name\":\"isNewItemInInventory_00000553\"},{\"Name\":\"crafted.00000391\",\"SettingType\":1,\"IntValue\":3},{\"Name\":\"seenFirstTimeEquip_00000391\",\"BoolValue\":true},{\"Name\":\"seenFirstTimeEquip_00000423\",\"BoolValue\":true},{\"Name\":\"hasOwned_00000492\",\"BoolValue\":true},{\"Name\":\"isNewItemInInventory_00000391\"},{\"Name\":\"isNewItemInInventory_00000467\"},{\"Name\":\"isNewItemInInventory_00000690\"},{\"Name\":\"isNewItemInInventory_00000566\"},{\"Name\":\"isNewItemInInventory_00000426\"},{\"Name\":\"crafted.00000554\",\"SettingType\":1,\"IntValue\":1},{\"Name\":\"isNewCraftingRecipe_TechArmourRecipe\"},{\"Name\":\"crafted.00000364\",\"SettingType\":1,\"IntValue\":1},{\"Name\":\"isNewItemInInventory_00000482\"},{\"Name\":\"isNewItemInInventory_00000492\"},{\"Name\":\"isNewItemInInventory_00000472\"},{\"Name\":\"isNewItemInInventory_00000431\"},{\"Name\":\"isNewItemInInventory_00000459\"},{\"Name\":\"isNewItemInInventory_00000375\"},{\"Name\":\"consumed.00000569\",\"SettingType\":1,\"IntValue\":1},{\"Name\":\"isNewItemInInventory_00000423\"},{\"Name\":\"consumed.00000426\",\"SettingType\":1,\"IntValue\":7},{\"Name\":\"crafted.00000445\",\"SettingType\":1,\"IntValue\":1},{\"Name\":\"crafted.00000473\",\"SettingType\":1,\"IntValue\":1},{\"Name\":\"isNewCraftingRecipe_LeafArmourRecipe\"},{\"Name\":\"isNewCraftingRecipe_CompactPistolLaserSightModRecipe\"},{\"Name\":\"crafted.00000422\",\"SettingType\":1,\"IntValue\":1},{\"Name\":\"isNewCraftingRecipe_CraftedAxeRecipe\"},{\"Name\":\"isNewItemInInventory_00000422\"},{\"Name\":\"seenFirstTimeEquip_00000396\",\"BoolValue\":true},{\"Name\":\"isNewCraftingRecipeTutorial_HealthMixPlusRecipe\"},{\"Name\":\"isNewItemInInventory_00000396\"},{\"Name\":\"isNewItemInInventory_00000453\"},{\"Name\":\"seenFirstTimeEquip_00000468\",\"BoolValue\":true},{\"Name\":\"isNewItemInInventory_00000518\"},{\"Name\":\"isNewItemInInventory_00000417\"},{\"Name\":\"seenFirstTimeEquip_00000522\",\"BoolValue\":true},{\"Name\":\"consumed.00000398\",\"SettingType\":1,\"IntValue\":1},{\"Name\":\"isNewCraftingRecipeTutorial_CatFoodRecipe\"},{\"Name\":\"HasDismountedFromKnightVBefore\",\"BoolValue\":true},{\"Name\":\"isNewCraftingRecipeTutorial_TechArmourRecipe\"},{\"Name\":\"isNewItemInInventory_00000432\"},{\"Name\":\"crafted.00000464\",\"SettingType\":1,\"IntValue\":1},{\"Name\":\"isNewCraftingRecipe_CatFoodRecipe\"},{\"Name\":\"isNewItemInInventory_00000468\"},{\"Name\":\"consumed.00000464\",\"SettingType\":1,\"IntValue\":1},{\"Name\":\"isNewItemInInventory_00000522\"},{\"Name\":\"consumed.00000595\",\"SettingType\":1,\"IntValue\":1},{\"Name\":\"crafted.00000447\",\"SettingType\":1,\"IntValue\":1},{\"Name\":\"isNewItemInInventory_00000524\"},{\"Name\":\"isNewCraftingRecipeTutorial_PrintedArrowExplosiveUpgradeRecipe\"},{\"Name\":\"isNewCraftingRecipeTutorial_PrintedArrowFireUpgradeRecipe\"},{\"Name\":\"isNewCraftingRecipeTutorial_PrintedArrowShockUpgradeRecipe\"},{\"Name\":\"isNewItemInInventory_00000398\"},{\"Name\":\"isNewItemInInventory_00000400\"},{\"Name\":\"isNewItemInInventory_00000397\"},{\"Name\":\"crafted.00000456\",\"SettingType\":1,\"IntValue\":1},{\"Name\":\"isNewCraftingRecipe_HealthMixPlusRecipe\"},{\"Name\":\"isNewItemInInventory_00000456\"},{\"Name\":\"consumed.00000456\",\"SettingType\":1,\"IntValue\":1}],\"NamedInts\":[{\"SaveObjectNameId\":\"BunkerLuxury.Cutscene.MutantBossIntro\"},{\"SaveObjectNameId\":\"BunkerResidential.Cutscene.GetDownSon\"}]}"}}