{"Version":"0.0.0","Data":{"FreeFormFreeLinksManager":"{\"_supportingStructuresData\":[{\"Structure\":{\"_typeId\":22,\"_instanceId\":1},\"List\":[{\"_typeId\":32,\"_instanceId\":1}]},{\"Structure\":{\"_typeId\":22,\"_instanceId\":9},\"List\":[{\"_typeId\":32,\"_instanceId\":4}]}],\"_supportedByStructuresData\":[{\"Structure\":{\"_typeId\":32,\"_instanceId\":1},\"List\":[{\"_typeId\":22,\"_instanceId\":1}]},{\"Structure\":{\"_typeId\":32,\"_instanceId\":4},\"List\":[{\"_typeId\":22,\"_instanceId\":9}]}]}"}}