{"Version":"0.0.0","Data":{"WorldObjectLocatorManager":"{\"Version\":\"0.0.0\",\"SerializedStates\":[{\"Key\":\"21A5EAFF7F36100079050700\",\"Value\":1},{\"Key\":\"6A5BF4FF2E071700C4FC0100\",\"Value\":1},{\"Key\":\"CA1AF4FFC207170029780100\",\"Value\":1},{\"Key\":\"458FF4FF0D1517003A100200\",\"Value\":1},{\"Key\":\"C7AAF4FFEA26170099E20100\",\"Value\":1},{\"Key\":\"C450F3FFA3831700F4120000\",\"Value\":3},{\"Key\":\"D2D7F4FF804217007E010200\",\"Value\":3},{\"Key\":\"1129B9FF8AC20D00B11EDAFF\",\"Value\":1},{\"Key\":\"9C26B7FF73850D00845FDAFF\",\"Value\":1},{\"Key\":\"DD0AB7FF80830D006E69DAFF\",\"Value\":1},{\"Key\":\"DAEFB6FF387F0D00FC7ADAFF\",\"Value\":1},{\"Key\":\"13E4B6FF34760D00048FDAFF\",\"Value\":1},{\"Key\":\"BDC5B6FF82760D009195DAFF\",\"Value\":1},{\"Key\":\"E9B6B6FF7B750D00D39ADAFF\",\"Value\":1},{\"Key\":\"F69FB6FF7B720D00E5A4DAFF\",\"Value\":1},{\"Key\":\"3998B6FF776E0D0065ACDAFF\",\"Value\":1},{\"Key\":\"FEC1B5FF9E2E0D004A4CDBFF\",\"Value\":1},{\"Key\":\"B1BFB5FF01280D00915FDBFF\",\"Value\":1},{\"Key\":\"D7A9B5FF31160D000061DBFF\",\"Value\":1},{\"Key\":\"92AAB5FFC0190D000B59DBFF\",\"Value\":1},{\"Key\":\"359CB5FFD70C0D00DD67DBFF\",\"Value\":1},{\"Key\":\"E482B5FFE4030D00DD74DBFF\",\"Value\":1},{\"Key\":\"DE70B5FF20010D00DC73DBFF\",\"Value\":1},{\"Key\":\"AF60B5FFD00A0D00D990DBFF\",\"Value\":1},{\"Key\":\"490FB2FFB87A0C0093F6DDFF\",\"Value\":1},{\"Key\":\"74A2B1FF86B90B00C30DE0FF\",\"Value\":1},{\"Key\":\"06AAB1FFD1C10B00D6FEDFFF\",\"Value\":1},{\"Key\":\"059DB1FF028E0B000382E0FF\",\"Value\":1},{\"Key\":\"EB5FB1FF8AE00A00B7A6E2FF\",\"Value\":1},{\"Key\":\"FF73ACFF4F950A00A011E4FF\",\"Value\":1},{\"Key\":\"9471ACFF99930A003818E4FF\",\"Value\":1},{\"Key\":\"7E56ACFF8F8C0A00952FE4FF\",\"Value\":1},{\"Key\":\"5810ACFF0C770A009C85E4FF\",\"Value\":1},{\"Key\":\"A310ACFFEA700A00D7A1E4FF\",\"Value\":1},{\"Key\":\"380BACFFD3690A0000BCE4FF\",\"Value\":1},{\"Key\":\"D6E0ABFF46580A0091F7E4FF\",\"Value\":1},{\"Key\":\"7DDFABFF09540A007509E5FF\",\"Value\":1},{\"Key\":\"03C7ABFF05550A0098FDE4FF\",\"Value\":1},{\"Key\":\"41C8ABFFB14B0A007124E5FF\",\"Value\":1},{\"Key\":\"EEADABFF603D0A006F56E5FF\",\"Value\":1},{\"Key\":\"B6ABABFF07390A009F67E5FF\",\"Value\":1},{\"Key\":\"57A2ABFF96370A00F068E5FF\",\"Value\":1},{\"Key\":\"E88DABFF5C320A006876E5FF\",\"Value\":1},{\"Key\":\"3C9BABFF79300A004383E5FF\",\"Value\":1},{\"Key\":\"FD91ABFFF0290A002D9CE5FF\",\"Value\":1},{\"Key\":\"1190ABFF49260A00ECAAE5FF\",\"Value\":1},{\"Key\":\"F499ABFFB2210A00B4C3E5FF\",\"Value\":1},{\"Key\":\"3696ABFFD71F0A004ACAE5FF\",\"Value\":1},{\"Key\":\"E47DABFF181B0A0043D2E5FF\",\"Value\":1},{\"Key\":\"6D83ABFF15150A0004F0E5FF\",\"Value\":1},{\"Key\":\"2C90ABFF41130A005FFDE5FF\",\"Value\":1},{\"Key\":\"0C7BABFF100A0A00751AE6FF\",\"Value\":1},{\"Key\":\"AC6EABFF35FE0900854FE6FF\",\"Value\":1},{\"Key\":\"9465ABFF13FA09004B5FE6FF\",\"Value\":1},{\"Key\":\"634AABFF6AE80900729FE6FF\",\"Value\":1},{\"Key\":\"F45DABFFCAE80900FFA7E6FF\",\"Value\":1},{\"Key\":\"F562ABFF8DE30900D0C3E6FF\",\"Value\":1},{\"Key\":\"974CABFFD7E1090078BFE6FF\",\"Value\":1},{\"Key\":\"0B31ABFF30C10900D944E7FF\",\"Value\":1},{\"Key\":\"E82CABFF9BB909001762E7FF\",\"Value\":1},{\"Key\":\"DF0BABFF54B309007670E7FF\",\"Value\":1},{\"Key\":\"A503ABFFC8B00900B177E7FF\",\"Value\":1},{\"Key\":\"11E1AAFFB19F0900C2B3E7FF\",\"Value\":1},{\"Key\":\"87D0AAFF489B090099C0E7FF\",\"Value\":1},{\"Key\":\"37BAAAFF2C9109005CE5E7FF\",\"Value\":1},{\"Key\":\"868AAAFF767D0900E626E8FF\",\"Value\":1},{\"Key\":\"EA87AAFFD2750900C947E8FF\",\"Value\":1},{\"Key\":\"B88CAAFF9B7A09008F35E8FF\",\"Value\":1},{\"Key\":\"FF7CAAFFBD6F09009A5EE8FF\",\"Value\":1},{\"Key\":\"087EAAFF96670900077CE8FF\",\"Value\":1},{\"Key\":\"EF69AAFF446609001E78E8FF\",\"Value\":1},{\"Key\":\"8E6BAAFF9C58090039A4E8FF\",\"Value\":1},{\"Key\":\"EF40AAFF793B0900D6E5E8FF\",\"Value\":1},{\"Key\":\"C640AAFF6D2B0900C406E9FF\",\"Value\":1},{\"Key\":\"0C36AAFF472F0900DFFDE8FF\",\"Value\":1},{\"Key\":\"FA29AAFFE91F0900E11AE9FF\",\"Value\":1},{\"Key\":\"5D3AAAFF421F09001F1CE9FF\",\"Value\":1},{\"Key\":\"BD15AAFF9DEF08008D6EE9FF\",\"Value\":1},{\"Key\":\"B70AAAFFFEE008000290E9FF\",\"Value\":1},{\"Key\":\"E9FFA9FF1ED708002AAEE9FF\",\"Value\":1},{\"Key\":\"44FBA9FFA3D008006BC2E9FF\",\"Value\":1},{\"Key\":\"23EAA9FF60CF080006D1E9FF\",\"Value\":1},{\"Key\":\"B4F9A9FFB8C9080089D6E9FF\",\"Value\":1},{\"Key\":\"D2DEA9FF10C40800D9F0E9FF\",\"Value\":1},{\"Key\":\"C5C8A9FFF7B808000D0AEAFF\",\"Value\":1},{\"Key\":\"D8DCA9FF5FB508003610EAFF\",\"Value\":1},{\"Key\":\"03D0A9FFBEA80800D927EAFF\",\"Value\":1},{\"Key\":\"CAAFA9FF3DAA08003421EAFF\",\"Value\":1},{\"Key\":\"54B6A9FF99A50800052AEAFF\",\"Value\":1},{\"Key\":\"40A7A9FFF89808007B3DEAFF\",\"Value\":1},{\"Key\":\"F8A8A9FF68910800144AEAFF\",\"Value\":1},{\"Key\":\"0294A9FFFC8208002A61EAFF\",\"Value\":1},{\"Key\":\"EED7A8FF365108007FEDEAFF\",\"Value\":1},{\"Key\":\"B77EA8FF292808002E32EBFF\",\"Value\":1},{\"Key\":\"3F84A8FF9A2808009A31EBFF\",\"Value\":1},{\"Key\":\"0F63A8FFEC2108008F44EBFF\",\"Value\":1},{\"Key\":\"CAF7A7FFFC1308001C87EBFF\",\"Value\":1},{\"Key\":\"ECEAA7FFE5130800C380EBFF\",\"Value\":1},{\"Key\":\"7DDEA7FF920F08000E8FEBFF\",\"Value\":1},{\"Key\":\"D1D6A7FF6A0D0800F396EBFF\",\"Value\":1},{\"Key\":\"5BC3A7FF500B08007F97EBFF\",\"Value\":1},{\"Key\":\"224EA7FFCBF20700E3D2EBFF\",\"Value\":1},{\"Key\":\"323FA7FFB6EF070079CCEBFF\",\"Value\":1},{\"Key\":\"A423A7FF04E907008BCBEBFF\",\"Value\":1},{\"Key\":\"5F31A7FFBEEA0700AEDEEBFF\",\"Value\":1},{\"Key\":\"BD23A7FF9EE6070013E8EBFF\",\"Value\":1},{\"Key\":\"C817A7FFE6E40700A4DBEBFF\",\"Value\":1},{\"Key\":\"7202A7FFABE00700A5E5EBFF\",\"Value\":1},{\"Key\":\"92F3A6FF15DF070031E2EBFF\",\"Value\":1},{\"Key\":\"E8DAA6FF53DD070036F3EBFF\",\"Value\":1},{\"Key\":\"36D8A6FFEFDB07000913ECFF\",\"Value\":1},{\"Key\":\"8FC6A6FF84DC07002C0DECFF\",\"Value\":1},{\"Key\":\"B4BAA6FFB3DD07002200ECFF\",\"Value\":1},{\"Key\":\"65ACF4FF035A170095970000\",\"Value\":3},{\"Key\":\"BB2AAEFF012506000740FCFF\",\"Value\":1},{\"Key\":\"1C27AEFFF31906004E60FCFF\",\"Value\":1},{\"Key\":\"1E46AEFF581C0600347DFCFF\",\"Value\":1},{\"Key\":\"2666AEFFEE1D0600D5C7FCFF\",\"Value\":1},{\"Key\":\"8C78EBFF5C7C10005F3F0500\",\"Value\":1},{\"Key\":\"D9F3BFFFE6FB06005858FFFF\",\"Value\":1},{\"Key\":\"9210C0FFBFFB06004265FFFF\",\"Value\":1},{\"Key\":\"041FC0FF8FFC06005C61FFFF\",\"Value\":1},{\"Key\":\"E723C0FFD8FD06007455FFFF\",\"Value\":1},{\"Key\":\"6034C0FF35FF06002F4FFFFF\",\"Value\":1},{\"Key\":\"E98DC0FF07040700BC4EFFFF\",\"Value\":1},{\"Key\":\"71A6C0FFD50407009659FFFF\",\"Value\":1},{\"Key\":\"6EBAC0FF4C060700FC58FFFF\",\"Value\":1},{\"Key\":\"21CDC0FF4B0807003F4FFFFF\",\"Value\":1},{\"Key\":\"D3DEC0FFC9080700FA59FFFF\",\"Value\":1},{\"Key\":\"05EFC0FF7A0907005261FFFF\",\"Value\":1},{\"Key\":\"4C4AC1FFEC0B07001C6EFFFF\",\"Value\":1},{\"Key\":\"CD9AC1FF430C07008E7DFFFF\",\"Value\":1},{\"Key\":\"94ADC1FF2A0C07000871FFFF\",\"Value\":1},{\"Key\":\"3371C8FFDF0A0700841D0100\",\"Value\":1},{\"Key\":\"30A3C8FFB80F0700000D0100\",\"Value\":1},{\"Key\":\"6D7BC9FFFC1B0700E2680000\",\"Value\":1},{\"Key\":\"3B7FC9FF931C07009E790000\",\"Value\":1},{\"Key\":\"D1A7C9FF4B1D0700EA690000\",\"Value\":1},{\"Key\":\"5335CAFFDE3307001E140000\",\"Value\":1},{\"Key\":\"8643CAFFB1350700F7000000\",\"Value\":1},{\"Key\":\"135CCAFFCD360700A7E6FFFF\",\"Value\":1},{\"Key\":\"8E6FCAFFC437070024E0FFFF\",\"Value\":1},{\"Key\":\"1E7FCAFFF739070024ECFFFF\",\"Value\":1},{\"Key\":\"008DCAFF0C35070038CDFFFF\",\"Value\":1},{\"Key\":\"4AA3CAFF7033070043C9FFFF\",\"Value\":1},{\"Key\":\"5AB7CAFF4E300700A3AEFFFF\",\"Value\":1},{\"Key\":\"CBD5CAFF872F070015A5FFFF\",\"Value\":1},{\"Key\":\"7FFBCAFF6C3107008397FFFF\",\"Value\":1},{\"Key\":\"300FCBFF30330700F89BFFFF\",\"Value\":1},{\"Key\":\"672ECBFF2B350700A68CFFFF\",\"Value\":1},{\"Key\":\"F10CCCFF264807008461FFFF\",\"Value\":1},{\"Key\":\"D510CCFF8F4507009256FFFF\",\"Value\":1},{\"Key\":\"139ACCFF43560700F150FFFF\",\"Value\":1},{\"Key\":\"8FB2CCFFEE570700FB3CFFFF\",\"Value\":1},{\"Key\":\"B019CDFFB46107000029FFFF\",\"Value\":1},{\"Key\":\"7437CDFF7C640700561EFFFF\",\"Value\":1},{\"Key\":\"6208CEFF5D7007006FE1FEFF\",\"Value\":1},{\"Key\":\"F542CEFF7B7307004FACFEFF\",\"Value\":1},{\"Key\":\"4D4CCEFFE37807008FBFFEFF\",\"Value\":1},{\"Key\":\"FF57CEFF6C76070031B6FEFF\",\"Value\":1},{\"Key\":\"2F5ECEFFAF7407008BADFEFF\",\"Value\":1},{\"Key\":\"7E84CEFFD073070093A3FEFF\",\"Value\":1},{\"Key\":\"E8BDCEFF3C750700897DFEFF\",\"Value\":1},{\"Key\":\"5E2ACFFF0D900700B071FEFF\",\"Value\":1},{\"Key\":\"D0C3CFFF1AA907006E5BFEFF\",\"Value\":1},{\"Key\":\"4529D0FF97B50700CB65FEFF\",\"Value\":1},{\"Key\":\"646CD0FF6BBB07000460FEFF\",\"Value\":1},{\"Key\":\"D674D0FFB1BD07005353FEFF\",\"Value\":1},{\"Key\":\"EF87D0FF1DBE0700F660FEFF\",\"Value\":1},{\"Key\":\"559DD0FFC8BD0700CA5BFEFF\",\"Value\":1},{\"Key\":\"48A4D0FFF3BD0700ED5BFEFF\",\"Value\":1},{\"Key\":\"29ADD0FF1DC007007C4EFEFF\",\"Value\":1},{\"Key\":\"23BED0FF64BF07003762FEFF\",\"Value\":1},{\"Key\":\"A6B4D0FF2BC307009450FEFF\",\"Value\":1},{\"Key\":\"26CDD0FF37C207001F57FEFF\",\"Value\":1},{\"Key\":\"64E8D0FF59C40700866BFEFF\",\"Value\":1},{\"Key\":\"30F7D0FFEAC507005175FEFF\",\"Value\":1},{\"Key\":\"DF07D1FF72C607007B66FEFF\",\"Value\":1},{\"Key\":\"5F0FD1FFD9C807000180FEFF\",\"Value\":1},{\"Key\":\"2319D1FFD1C90700897DFEFF\",\"Value\":1},{\"Key\":\"F91AD1FF2FC90700A68FFEFF\",\"Value\":1},{\"Key\":\"FB35D1FFF0C907000496FEFF\",\"Value\":1},{\"Key\":\"E84BD1FFE7CA0700BEBEFEFF\",\"Value\":1},{\"Key\":\"2A54D1FF7ECA0700D5B5FEFF\",\"Value\":1},{\"Key\":\"DF65D1FF7ECC07009FD4FEFF\",\"Value\":1},{\"Key\":\"2D64D1FF9CCB07003CF3FEFF\",\"Value\":1},{\"Key\":\"3DE4D5FFA53F080022CDFFFF\",\"Value\":1},{\"Key\":\"2B91F4FFEF681700D34A0000\",\"Value\":3},{\"Key\":\"5A47D7FF24AE08002EFDFFFF\",\"Value\":1},{\"Key\":\"9F51D7FF1CB70800790F0000\",\"Value\":1},{\"Key\":\"BA5BD7FF8FBA08007F040000\",\"Value\":1},{\"Key\":\"5362D7FFBDBA080074F2FFFF\",\"Value\":1},{\"Key\":\"DE78D7FF3ECB0800DDFEFFFF\",\"Value\":1},{\"Key\":\"559FD7FF2AEA0800EC150000\",\"Value\":1},{\"Key\":\"3B95D7FF8CE3080036150000\",\"Value\":1},{\"Key\":\"10E7D7FF75140900ED180000\",\"Value\":1},{\"Key\":\"56F3D7FF521D0900ED220000\",\"Value\":1},{\"Key\":\"A3E7D7FF8116090084200000\",\"Value\":1},{\"Key\":\"6DFED7FFBB1F090055140000\",\"Value\":1},{\"Key\":\"DF8AD8FF3D670900251B0000\",\"Value\":1},{\"Key\":\"DDD7D8FF5F920900973B0000\",\"Value\":1},{\"Key\":\"EE12D9FF16AC090095470000\",\"Value\":1},{\"Key\":\"2D19D9FF14AD0900CE3E0000\",\"Value\":1},{\"Key\":\"494AD9FF2BC00900794E0000\",\"Value\":1},{\"Key\":\"00BED9FFFEED0900BA5B0000\",\"Value\":1},{\"Key\":\"06FBD9FFD3090A00766C0000\",\"Value\":1},{\"Key\":\"1914DAFF9A150A00856F0000\",\"Value\":1},{\"Key\":\"263ADAFF1F2A0A00E3810000\",\"Value\":1},{\"Key\":\"313EDAFFBD2A0A00E1690000\",\"Value\":1},{\"Key\":\"8944DAFF86300A00BC950000\",\"Value\":1},{\"Key\":\"A751DAFF08380A00E7990000\",\"Value\":1},{\"Key\":\"0F7FDAFF2A520A0097940000\",\"Value\":1},{\"Key\":\"189ADAFF5E610A0099960000\",\"Value\":1},{\"Key\":\"AD9EDAFF4F630A0076820000\",\"Value\":1},{\"Key\":\"16A5DAFF82670A0012930000\",\"Value\":1},{\"Key\":\"98BCDAFF2B750A00F1920000\",\"Value\":1},{\"Key\":\"D6C9DAFF6C7E0A00699D0000\",\"Value\":1},{\"Key\":\"72FBDAFFE19F0A00B7A60000\",\"Value\":1},{\"Key\":\"73FADAFF349C0A00B18F0000\",\"Value\":1},{\"Key\":\"AB12DBFFC6AE0A00F2A80000\",\"Value\":1},{\"Key\":\"461DDBFF89B30A00489A0000\",\"Value\":1},{\"Key\":\"0E82DBFF2FEA0A00B0A60000\",\"Value\":1},{\"Key\":\"90AFDBFF0F030B00D7BC0000\",\"Value\":1},{\"Key\":\"33B2DBFF9A020B00B9B10000\",\"Value\":1},{\"Key\":\"25C1DBFFFD0C0B009ECA0000\",\"Value\":1},{\"Key\":\"62A4F2FF55B41700F5B9FDFF\",\"Value\":3},{\"Key\":\"552CE2FF83320D00ADF4FCFF\",\"Value\":1},{\"Key\":\"2643E2FFCB370D00611CFDFF\",\"Value\":1},{\"Key\":\"4862E7FFD1E81000EB08FDFF\",\"Value\":1},{\"Key\":\"1279E7FF08F91000D01DFDFF\",\"Value\":1},{\"Key\":\"9FA2E7FF41141100040DFDFF\",\"Value\":1},{\"Key\":\"17EBE7FF153711009E0BFDFF\",\"Value\":1},{\"Key\":\"7502E8FFAC3F1100E720FDFF\",\"Value\":1},{\"Key\":\"6E23E8FF48461100BB27FDFF\",\"Value\":1},{\"Key\":\"7C37E8FFEE471100A731FDFF\",\"Value\":1},{\"Key\":\"633EE8FFCC471100C718FDFF\",\"Value\":1},{\"Key\":\"F550E8FFF1471100AD18FDFF\",\"Value\":1},{\"Key\":\"D364E8FFD0481100933AFDFF\",\"Value\":1},{\"Key\":\"8C64E8FF034811005B20FDFF\",\"Value\":1},{\"Key\":\"FB6FE8FF2F4911000E25FDFF\",\"Value\":1},{\"Key\":\"C885E8FFCF4D1100B830FDFF\",\"Value\":1},{\"Key\":\"C0A0E8FFF95711006A31FDFF\",\"Value\":1},{\"Key\":\"B1CEE8FFC9761100AC30FDFF\",\"Value\":1},{\"Key\":\"1DFBE8FFE3A41100BB42FDFF\",\"Value\":1},{\"Key\":\"AD6EF4FF072A17005D5B0100\",\"Value\":3},{\"Key\":\"E272F4FF32161700C2C10100\",\"Value\":1},{\"Key\":\"D0A7F2FF9993140045940500\",\"Value\":1},{\"Key\":\"0C46F2FFDD6D1400E2700500\",\"Value\":1},{\"Key\":\"C12EF2FFAB651400E86F0500\",\"Value\":1},{\"Key\":\"5F32F2FF2B6414002D560500\",\"Value\":1},{\"Key\":\"7302F2FF6B5014002D560500\",\"Value\":1},{\"Key\":\"D61CF2FFCA5814008B560500\",\"Value\":1},{\"Key\":\"9C14F2FFD352140031400500\",\"Value\":1},{\"Key\":\"7BF0F1FF105314001E610500\",\"Value\":1},{\"Key\":\"94E5F1FF8A4B1400953E0500\",\"Value\":1},{\"Key\":\"7E05F2FFDE4F1400956F0500\",\"Value\":1},{\"Key\":\"F61EF2FF785C140028700500\",\"Value\":1},{\"Key\":\"86E5F1FF8D53140037880500\",\"Value\":1},{\"Key\":\"18E4F1FF975214004D7C0500\",\"Value\":1},{\"Key\":\"4CE3F1FF21421400660F0500\",\"Value\":1},{\"Key\":\"3019F2FFBB541400A50C0500\",\"Value\":1},{\"Key\":\"0014F2FF4652140058F70400\",\"Value\":1},{\"Key\":\"F112F2FF44531400FAE00400\",\"Value\":1},{\"Key\":\"7F2EF2FF3F601400B8E90400\",\"Value\":1},{\"Key\":\"902DF2FF375F1400071A0500\",\"Value\":1},{\"Key\":\"B62EF2FFB55F140065020500\",\"Value\":1},{\"Key\":\"FB2CF2FF195F1400D8270500\",\"Value\":1},{\"Key\":\"0075F2FF127E1400DD2A0500\",\"Value\":1},{\"Key\":\"008EF2FFCC891400BC480500\",\"Value\":1},{\"Key\":\"14ABF2FF2A9814001D6F0500\",\"Value\":1},{\"Key\":\"C874F2FFE76E1400D5080600\",\"Value\":1},{\"Key\":\"D68DF2FF34711400511F0600\",\"Value\":1},{\"Key\":\"EAB0F4FF1419170096630200\",\"Value\":1},{\"Key\":\"605EF2FFFF5A1400E84D0600\",\"Value\":1},{\"Key\":\"1164F2FF8F541400AB730600\",\"Value\":1},{\"Key\":\"732CF2FF6B4E1400A5C90600\",\"Value\":1},{\"Key\":\"9714F2FF6B4E1400C6C80600\",\"Value\":1},{\"Key\":\"5C44F2FF6B4E1400B0B80600\",\"Value\":1},{\"Key\":\"394DF2FFC04E140050950600\",\"Value\":1},{\"Key\":\"EF60F4FF542E170057F30000\",\"Value\":1},{\"Key\":\"472CF3FFF2E117006166FDFF\",\"Value\":3},{\"Key\":\"2E16F4FF60071700CEF50000\",\"Value\":1},{\"Key\":\"7C03F3FFF8FD170079ECFCFF\",\"Value\":3},{\"Key\":\"6E15F2FFADA8170029DBFDFF\",\"Value\":3},{\"Key\":\"E45BF2FF14B91700EF9AFDFF\",\"Value\":3},{\"Key\":\"8223B3FFA4600600DC86FFFF\",\"Value\":1},{\"Key\":\"DF38F5FF4D75170001770000\",\"Value\":3},{\"Key\":\"A99DF4FF384417004B1C0100\",\"Value\":3},{\"Key\":\"D5E8F2FF83E517005220FDFF\",\"Value\":3},{\"Key\":\"4FF7F4FF6D6C1700C4B90000\",\"Value\":3},{\"Key\":\"D955F4FFEF67170012310000\",\"Value\":3},{\"Key\":\"EDE4F2FF110F18006EB3FCFF\",\"Value\":3},{\"Key\":\"F6D6F2FF30B51400132E0500\",\"Value\":1},{\"Key\":\"894DF2FF087014000AA00500\",\"Value\":1},{\"Key\":\"2A15F2FF867D140024E80300\",\"Value\":1},{\"Key\":\"1DCAF1FFA35D1400C20D0600\",\"Value\":1},{\"Key\":\"B3E1F1FFE25A1400EA230600\",\"Value\":1},{\"Key\":\"AEB3F1FF2C5A140093280600\",\"Value\":1},{\"Key\":\"22FAF1FF4F60140042C20700\",\"Value\":1},{\"Key\":\"D9E2F1FF085C1400B5C70700\",\"Value\":1},{\"Key\":\"A62DF2FFD05B140006980700\",\"Value\":1},{\"Key\":\"552CF2FF2E631400FCAE0700\",\"Value\":1},{\"Key\":\"2ACEF1FFF656140010ED0700\",\"Value\":1},{\"Key\":\"7ECDF1FFFD571400CDD40700\",\"Value\":1},{\"Key\":\"0BE8F1FFFA571400B6EC0700\",\"Value\":1},{\"Key\":\"5CB2F1FFEB58140077C80700\",\"Value\":1},{\"Key\":\"EF8CF1FFFA6114000DBE0700\",\"Value\":1},{\"Key\":\"5F9FF1FFD06214009DB20700\",\"Value\":1},{\"Key\":\"2D9BF4FF4640170077370100\",\"Value\":3},{\"Key\":\"76EBF3FF4FF7160089180100\",\"Value\":1},{\"Key\":\"E11EF4FFB90B17006A5F0100\",\"Value\":1},{\"Key\":\"0B0FB3FF4C6106007287FFFF\",\"Value\":1},{\"Key\":\"8093F4FF252A17002A990100\",\"Value\":1},{\"Key\":\"136AF1FFAFDF1300D57C0500\",\"Value\":1},{\"Key\":\"F827F1FF64C81300CA870500\",\"Value\":1},{\"Key\":\"222AF1FFD7BF1300A4A10500\",\"Value\":1},{\"Key\":\"BA36F1FFAFCC13004C8B0500\",\"Value\":1},{\"Key\":\"FD0DF1FF45B713005D870500\",\"Value\":1},{\"Key\":\"D6ECF0FF6B6813003B810600\",\"Value\":1},{\"Key\":\"30ECF0FF11621300629C0600\",\"Value\":1},{\"Key\":\"813CF1FFC89C130073110600\",\"Value\":1},{\"Key\":\"8754F1FF51A01300991A0600\",\"Value\":1},{\"Key\":\"BA50F1FFD28D13000B8A0600\",\"Value\":1},{\"Key\":\"994EF1FF3E8F1300C1690600\",\"Value\":1},{\"Key\":\"D338F1FF5088130083590600\",\"Value\":1},{\"Key\":\"AEB6F1FFDE5B140022330600\",\"Value\":1},{\"Key\":\"3BB9F1FFDB5C14006DE90500\",\"Value\":1},{\"Key\":\"88D9F0FF974113002D1F0700\",\"Value\":1},{\"Key\":\"83EEF0FFCC4B13002E1D0700\",\"Value\":1},{\"Key\":\"B6D3F0FF573D13000A2F0700\",\"Value\":1},{\"Key\":\"A4C9F0FFD93813002C2C0700\",\"Value\":1},{\"Key\":\"7EDAF0FF743E1300EA400700\",\"Value\":1},{\"Key\":\"C8C8F0FF1037130085430700\",\"Value\":1},{\"Key\":\"B1A2F0FF9F251300134A0700\",\"Value\":1},{\"Key\":\"E0A4F0FFEA261300AF350700\",\"Value\":1},{\"Key\":\"F53AF1FF75D21300DC7D0500\",\"Value\":1},{\"Key\":\"0ABFF0FF01341300F4720700\",\"Value\":1},{\"Key\":\"0CD6F0FF68391300637F0700\",\"Value\":1},{\"Key\":\"48CAF0FF07331300B28F0700\",\"Value\":1},{\"Key\":\"A0C8F0FF202E130023B00700\",\"Value\":1},{\"Key\":\"509FEFFF889C12006E020600\",\"Value\":1},{\"Key\":\"B172F1FF965B130067680800\",\"Value\":1},{\"Key\":\"746EEEFFB8F31100F0F20500\",\"Value\":1},{\"Key\":\"DCF3EDFF659E110030C20500\",\"Value\":1},{\"Key\":\"29FAEDFF969F1100D6D40500\",\"Value\":1},{\"Key\":\"8CDCEDFF78951100A6930500\",\"Value\":1},{\"Key\":\"17B7EDFF2C7F1100C5940500\",\"Value\":1},{\"Key\":\"C0C0EDFF6E851100C8A50500\",\"Value\":1},{\"Key\":\"E8D1EEFF5F9B1200764B0400\",\"Value\":1},{\"Key\":\"62D3EEFF8EA71200B13D0400\",\"Value\":1},{\"Key\":\"BEF3EDFF61A51100EA740500\",\"Value\":1},{\"Key\":\"C004EFFF92C11200EA3D0400\",\"Value\":1},{\"Key\":\"FB45EEFF5B9C1100E3370700\",\"Value\":1},{\"Key\":\"BA58EEFF7AA3110082420700\",\"Value\":1},{\"Key\":\"BC3EEEFF319B1100584D0700\",\"Value\":1},{\"Key\":\"CA57EEFF20A411006F350700\",\"Value\":1},{\"Key\":\"2E04EFFFBAF3120004E80300\",\"Value\":1},{\"Key\":\"C691F4FF197D17000AF6FFFF\",\"Value\":3},{\"Key\":\"D5C5F2FF6BFB170032D9FCFF\",\"Value\":3},{\"Key\":\"A018F2FFFE95130072220900\",\"Value\":1},{\"Key\":\"7D14F2FF37981300442E0900\",\"Value\":1},{\"Key\":\"3A14F2FFE2A31300B2500900\",\"Value\":1},{\"Key\":\"48FDF1FF428F1300B3390900\",\"Value\":1},{\"Key\":\"A02FF2FF7AAF1300D6440900\",\"Value\":1},{\"Key\":\"EE2CF2FF86B81300735F0900\",\"Value\":1},{\"Key\":\"3107F2FF8FAB130044770900\",\"Value\":1},{\"Key\":\"F0EEF1FF1CA113006C820900\",\"Value\":1},{\"Key\":\"A1E0EFFF636E1200DC970700\",\"Value\":1},{\"Key\":\"24DDEDFF719012008BB70300\",\"Value\":1},{\"Key\":\"19E9EEFF7918120011B70600\",\"Value\":1},{\"Key\":\"FEB8EEFFB1121200CE670600\",\"Value\":1},{\"Key\":\"22E9EEFF4CD212003D080400\",\"Value\":1},{\"Key\":\"D6E9EEFF02E912000ED90300\",\"Value\":1},{\"Key\":\"037DEFFFF191120097ED0500\",\"Value\":1},{\"Key\":\"B98AEFFF86B0120088410500\",\"Value\":1},{\"Key\":\"FAD8F4FF93421700B69C0100\",\"Value\":3},{\"Key\":\"819EF2FFDFC317002959FDFF\",\"Value\":3},{\"Key\":\"6C8EEBFFF18510004C470500\",\"Value\":1},{\"Key\":\"F274F4FF5A241700EF820100\",\"Value\":3},{\"Key\":\"8914F5FFF1781700F5090200\",\"Value\":3},{\"Key\":\"3A17F5FFBB7A170089C20100\",\"Value\":3},{\"Key\":\"6114F5FFE5531700159B0200\",\"Value\":3},{\"Key\":\"0734F5FFB588170054640200\",\"Value\":3},{\"Key\":\"8B63F2FF39BD17000A76FDFF\",\"Value\":3},{\"Key\":\"C79CF2FF46DE17002316FDFF\",\"Value\":3},{\"Key\":\"FEADF3FF405E1800149AFCFF\",\"Value\":3},{\"Key\":\"CCEFF4FF1F5617003B5D0100\",\"Value\":3},{\"Key\":\"4CCCF1FFAD12180094B1FBFF\",\"Value\":3},{\"Key\":\"F734B3FF396206009787FFFF\",\"Value\":1},{\"Key\":\"4B8BB3FFF25E0600F8C3FFFF\",\"Value\":1},{\"Key\":\"0323B4FFE05E0600983D0000\",\"Value\":1},{\"Key\":\"FB31B4FFED5E060012400000\",\"Value\":1},{\"Key\":\"D33CB4FFE05E0600A74C0000\",\"Value\":1},{\"Key\":\"418DB4FF816606003E7F0000\",\"Value\":1},{\"Key\":\"BBA4B4FF24690600598C0000\",\"Value\":1},{\"Key\":\"B3BAB4FF726D0600EC8A0000\",\"Value\":1},{\"Key\":\"89BAB4FF066C060030930000\",\"Value\":1},{\"Key\":\"E75FB5FFA476060011AD0000\",\"Value\":1},{\"Key\":\"8660B5FF73800600E1910000\",\"Value\":1},{\"Key\":\"CB74B5FFB07B06009A9F0000\",\"Value\":1},{\"Key\":\"6F81B5FFA27E0600FB960000\",\"Value\":1},{\"Key\":\"8B88B5FFDE790600D0A40000\",\"Value\":1},{\"Key\":\"8697B5FF6D7D0600859E0000\",\"Value\":1},{\"Key\":\"68A9B5FF19820600C5930000\",\"Value\":1},{\"Key\":\"6AD6B5FFBF7E0600579F0000\",\"Value\":1},{\"Key\":\"7D16B6FFCC850600D09A0000\",\"Value\":1},{\"Key\":\"F924B6FFD089060016930000\",\"Value\":1},{\"Key\":\"18A2B6FF8F9906003A930000\",\"Value\":1},{\"Key\":\"10B4B6FF9D960600FB9C0000\",\"Value\":1},{\"Key\":\"AACAB6FF2F990600569F0000\",\"Value\":1},{\"Key\":\"4A19B7FFBF9E0600AEB20000\",\"Value\":1},{\"Key\":\"8530B7FFB5A406007AA60000\",\"Value\":1},{\"Key\":\"B829B7FF72A60600399F0000\",\"Value\":1},{\"Key\":\"A066B7FF22A90600F0A40000\",\"Value\":1},{\"Key\":\"D187B7FFE4AF060097A00000\",\"Value\":1},{\"Key\":\"49E4B7FF51BB060069A90000\",\"Value\":1},{\"Key\":\"D904B8FFD5C3060078980000\",\"Value\":1},{\"Key\":\"660AB8FF69BD0600F0AD0000\",\"Value\":1},{\"Key\":\"D417B8FFBEC40600DD990000\",\"Value\":1},{\"Key\":\"F137B8FF9BC506000DA00000\",\"Value\":1},{\"Key\":\"345EB8FF88CC06007A940000\",\"Value\":1},{\"Key\":\"2E70B8FF96CB0600D69A0000\",\"Value\":1},{\"Key\":\"156CB8FF42C20600A3B60000\",\"Value\":1},{\"Key\":\"F495B8FFF2CA060027A40000\",\"Value\":1},{\"Key\":\"8896B8FFA8CF0600FA950000\",\"Value\":1},{\"Key\":\"D9B4B8FF75CC060047A80000\",\"Value\":1},{\"Key\":\"4EBCB8FFD3C4060038C20000\",\"Value\":1},{\"Key\":\"B9D1B8FFA1CC060044AE0000\",\"Value\":1},{\"Key\":\"FBDAB8FFECD006001CA30000\",\"Value\":1},{\"Key\":\"32FAB8FFA7CE060045B10000\",\"Value\":1},{\"Key\":\"44FAB8FFF8CB06005CB90000\",\"Value\":1},{\"Key\":\"B331B9FFC0D1060015B50000\",\"Value\":1},{\"Key\":\"B467B9FF2CDA0600D8A40000\",\"Value\":1},{\"Key\":\"A374B9FF83D8060032AC0000\",\"Value\":1},{\"Key\":\"428AB9FF79DB06005DA60000\",\"Value\":1},{\"Key\":\"309EB9FFEBD80600B8B10000\",\"Value\":1},{\"Key\":\"31D4B9FFD3DC060034AD0000\",\"Value\":1},{\"Key\":\"3FE7B9FF1FE4060058970000\",\"Value\":1},{\"Key\":\"5502BAFFC2E30600C79A0000\",\"Value\":1},{\"Key\":\"C974BAFF8AFC0600AF520000\",\"Value\":1},{\"Key\":\"5F97BAFF5CF70600EA650000\",\"Value\":1},{\"Key\":\"4599BAFFACF50600936B0000\",\"Value\":1},{\"Key\":\"23A9BAFF78F50600A86C0000\",\"Value\":1},{\"Key\":\"A1B3BAFF18F9060016610000\",\"Value\":1},{\"Key\":\"9AC3BAFF89FB06007E590000\",\"Value\":1},{\"Key\":\"12CDBAFF75F80600EF620000\",\"Value\":1},{\"Key\":\"FCD9BAFFE3FF0600CF4C0000\",\"Value\":1},{\"Key\":\"39E7BAFF56FC06008E580000\",\"Value\":1},{\"Key\":\"176BBBFFC10907006F220000\",\"Value\":1},{\"Key\":\"BA29BCFF49120700E6E6FFFF\",\"Value\":1},{\"Key\":\"6371BCFF131107003ED7FFFF\",\"Value\":1},{\"Key\":\"2EECBCFFD90F0700FBA5FFFF\",\"Value\":1},{\"Key\":\"BEF6BCFF740F0700A4A2FFFF\",\"Value\":1},{\"Key\":\"361FBDFFA40C0700919BFFFF\",\"Value\":1},{\"Key\":\"B328BDFFC70E0700498DFFFF\",\"Value\":1},{\"Key\":\"873BBDFF830C0700C18BFFFF\",\"Value\":1},{\"Key\":\"4B39BDFF6C1107008475FFFF\",\"Value\":1},{\"Key\":\"265BBDFFFF0C07006474FFFF\",\"Value\":1},{\"Key\":\"4881BDFFB70B07000962FFFF\",\"Value\":1},{\"Key\":\"EDF0BDFF820107002559FFFF\",\"Value\":1},{\"Key\":\"DCFCBDFF6BFD06005667FFFF\",\"Value\":1},{\"Key\":\"A45EBEFFFBFE0600FC28FFFF\",\"Value\":1},{\"Key\":\"026BBEFF520407003E0EFFFF\",\"Value\":1},{\"Key\":\"5F7FBEFFCC040700DD04FFFF\",\"Value\":1},{\"Key\":\"498FBEFF1A0407007D04FFFF\",\"Value\":1},{\"Key\":\"E59CBEFFBE010700820FFFFF\",\"Value\":1},{\"Key\":\"B7A5BEFF790507001CF2FEFF\",\"Value\":1},{\"Key\":\"E7AFBEFF3E050700DAEFFEFF\",\"Value\":1},{\"Key\":\"4BAEBEFFDD06070019E5FEFF\",\"Value\":1},{\"Key\":\"91D5BEFF8408070013CAFEFF\",\"Value\":1},{\"Key\":\"9BDDBEFF8C0907001BC0FEFF\",\"Value\":1},{\"Key\":\"53F6BEFF7F07070051CAFEFF\",\"Value\":1},{\"Key\":\"F1FFBEFFC30A070095AEFEFF\",\"Value\":1},{\"Key\":\"241FBFFF4009070030B0FEFF\",\"Value\":1},{\"Key\":\"FF15BFFF200D07005491FEFF\",\"Value\":1},{\"Key\":\"0560BFFF5B0B0700218DFEFF\",\"Value\":1},{\"Key\":\"2878BFFFFD0C0700E978FEFF\",\"Value\":1},{\"Key\":\"3DAABFFF4B0E0700FB62FEFF\",\"Value\":1},{\"Key\":\"1AAFBFFFAC0F0700F94DFEFF\",\"Value\":1},{\"Key\":\"ACC3BFFF740E0700A159FEFF\",\"Value\":1},{\"Key\":\"37E9BFFF440E07004A49FEFF\",\"Value\":1},{\"Key\":\"50F4BFFF2A0F07009832FEFF\",\"Value\":1},{\"Key\":\"4B16C0FFCD0E0700671CFEFF\",\"Value\":1},{\"Key\":\"DC31C0FF360E0700F019FEFF\",\"Value\":1},{\"Key\":\"3143C0FF4B0F07008504FEFF\",\"Value\":1},{\"Key\":\"D261C0FFC70E0700E9F6FDFF\",\"Value\":1},{\"Key\":\"DE7CC0FF790D07005AFBFDFF\",\"Value\":1},{\"Key\":\"EC87C0FF720D070086F7FDFF\",\"Value\":1},{\"Key\":\"A065C1FF631907004E7CFDFF\",\"Value\":1},{\"Key\":\"DA6EC1FF931B07001070FDFF\",\"Value\":1},{\"Key\":\"0484C1FF5B1D0700CC61FDFF\",\"Value\":1},{\"Key\":\"3AADC1FFC21C0700A854FDFF\",\"Value\":1},{\"Key\":\"12A1C1FFC31D07006F4BFDFF\",\"Value\":1},{\"Key\":\"58C5C1FF51190700504EFDFF\",\"Value\":1},{\"Key\":\"13DAC1FF291607000A41FDFF\",\"Value\":1},{\"Key\":\"99E4C1FFD0150700B130FDFF\",\"Value\":1},{\"Key\":\"2F8FC2FF6C09070086CFFCFF\",\"Value\":1},{\"Key\":\"DAACC2FF6C090700F8B6FCFF\",\"Value\":1},{\"Key\":\"71CFC2FF6C090700BD9FFCFF\",\"Value\":1},{\"Key\":\"08E9C2FF6C090700D391FCFF\",\"Value\":1},{\"Key\":\"BA30C8FF2D5D07009435FBFF\",\"Value\":1},{\"Key\":\"E519C8FF195A07005C30FBFF\",\"Value\":1},{\"Key\":\"6064C8FF296807008422FBFF\",\"Value\":1},{\"Key\":\"B76CC8FF38680700132EFBFF\",\"Value\":1},{\"Key\":\"897AC8FF516C0700851EFBFF\",\"Value\":1},{\"Key\":\"83A1C8FF2E760700F207FBFF\",\"Value\":1},{\"Key\":\"529CC8FF1D7107005824FBFF\",\"Value\":1},{\"Key\":\"B0AFC8FFEC750700BC15FBFF\",\"Value\":1},{\"Key\":\"EAC0C8FF927A0700EB06FBFF\",\"Value\":1},{\"Key\":\"83BDC8FF2A780700F713FBFF\",\"Value\":1},{\"Key\":\"99D0C8FF90770700D522FBFF\",\"Value\":1},{\"Key\":\"0FD2C8FF0B7C0700C508FBFF\",\"Value\":1},{\"Key\":\"A1DCC8FFFD7907001F1BFBFF\",\"Value\":1},{\"Key\":\"1DD2C8FF46920700E78AFAFF\",\"Value\":1},{\"Key\":\"BFE8C8FF10970700F488FAFF\",\"Value\":1},{\"Key\":\"B2D2C8FFFE9407007C80FAFF\",\"Value\":1},{\"Key\":\"25E5C8FF5B9B0700E177FAFF\",\"Value\":1},{\"Key\":\"9EDCC8FFFA9E0700AC67FAFF\",\"Value\":1},{\"Key\":\"66E1C8FF83A707002A51FAFF\",\"Value\":1},{\"Key\":\"1FF7C8FFFAA80700D557FAFF\",\"Value\":1},{\"Key\":\"C20BC9FFFCAB0700275AFAFF\",\"Value\":1},{\"Key\":\"7A1EC9FF4BB107002652FAFF\",\"Value\":1},{\"Key\":\"2628C9FFB6B507003345FAFF\",\"Value\":1},{\"Key\":\"7C41C9FF4FBC07006A2DFAFF\",\"Value\":1},{\"Key\":\"4F88C9FF5ABD07001E41FAFF\",\"Value\":1},{\"Key\":\"70A7C9FFBFC307009C1EFAFF\",\"Value\":1},{\"Key\":\"B404CAFF85C10700E744FAFF\",\"Value\":1},{\"Key\":\"BF11CAFFEAC007000E55FAFF\",\"Value\":1},{\"Key\":\"F22ACAFF05C007002C57FAFF\",\"Value\":1},{\"Key\":\"3A43CAFFBDBB07001856FAFF\",\"Value\":1},{\"Key\":\"1E39CAFF08BB07009C69FAFF\",\"Value\":1},{\"Key\":\"1FB9CAFFADAF07002882FAFF\",\"Value\":1},{\"Key\":\"8DCACAFFFEB107001083FAFF\",\"Value\":1},{\"Key\":\"28C0CAFF07AE0700D18DFAFF\",\"Value\":1},{\"Key\":\"E5E0CAFF9A9F07006CB6FAFF\",\"Value\":1},{\"Key\":\"C8FECAFF8EAC0700BEA9FAFF\",\"Value\":1},{\"Key\":\"E573CBFF37B507006CEFFAFF\",\"Value\":1},{\"Key\":\"06E0CBFF8ED30700520BFBFF\",\"Value\":1},{\"Key\":\"2AE8CBFFA7D10700BF19FBFF\",\"Value\":1},{\"Key\":\"03FECBFF5ED407000313FBFF\",\"Value\":1},{\"Key\":\"5906CCFF03D50700E310FBFF\",\"Value\":1},{\"Key\":\"9D1FCCFFECD907006F00FBFF\",\"Value\":1},{\"Key\":\"E59ECCFFB6F60700E2EAFAFF\",\"Value\":1},{\"Key\":\"5494CCFF60F407006CE9FAFF\",\"Value\":1},{\"Key\":\"93C0CCFFF0FF070094E2FAFF\",\"Value\":1},{\"Key\":\"B7CFCCFFC400080089F0FAFF\",\"Value\":1},{\"Key\":\"31FDCCFF990F0800FBD7FAFF\",\"Value\":1},{\"Key\":\"5509CDFFE916080085BFFAFF\",\"Value\":1},{\"Key\":\"552FCDFFED1D08008CC0FAFF\",\"Value\":1},{\"Key\":\"5F54CDFF552608004CB8FAFF\",\"Value\":1},{\"Key\":\"1383CDFF032D08007BC0FAFF\",\"Value\":1},{\"Key\":\"16EDCDFF174208004F9EFAFF\",\"Value\":1},{\"Key\":\"D7FFCDFFF942080012A5FAFF\",\"Value\":1},{\"Key\":\"2217CEFF27470800FA9CFAFF\",\"Value\":1},{\"Key\":\"7F25CEFFA0440800FEB3FAFF\",\"Value\":1},{\"Key\":\"3331CEFFAD490800019DFAFF\",\"Value\":1},{\"Key\":\"CF36CEFF644B08009E94FAFF\",\"Value\":1},{\"Key\":\"5E43CEFFAE4C08003693FAFF\",\"Value\":1},{\"Key\":\"9F41CEFF6C4A08000EA2FAFF\",\"Value\":1},{\"Key\":\"E656CEFFC54B0800B5A6FAFF\",\"Value\":1},{\"Key\":\"185ECEFFA04E08000C94FAFF\",\"Value\":1},{\"Key\":\"AC98CEFFF35008001D9EFAFF\",\"Value\":1},{\"Key\":\"5FA1CEFF395108000AA0FAFF\",\"Value\":1},{\"Key\":\"33C0CEFF555208001AA1FAFF\",\"Value\":1},{\"Key\":\"22CDCEFF455208001BA8FAFF\",\"Value\":1},{\"Key\":\"59E4CEFF8E530800729DFAFF\",\"Value\":1},{\"Key\":\"81EDCEFFB1530800C1A0FAFF\",\"Value\":1},{\"Key\":\"67DBD0FFFD520800E5C1FAFF\",\"Value\":1},{\"Key\":\"67E1D1FFC653080026B7FAFF\",\"Value\":1},{\"Key\":\"92F1D1FF4654080081BAFAFF\",\"Value\":1},{\"Key\":\"F602D2FF8957080001A8FAFF\",\"Value\":1},{\"Key\":\"D47DD2FF55630800E1B3FAFF\",\"Value\":1},{\"Key\":\"3BADD2FF2C69080003C2FAFF\",\"Value\":1},{\"Key\":\"3EC7D2FFE8750800C4B3FAFF\",\"Value\":1},{\"Key\":\"E8E0D2FF477E08008BB4FAFF\",\"Value\":1},{\"Key\":\"04EFD2FF5A720800B2D8FAFF\",\"Value\":1},{\"Key\":\"111FD3FFC48208007AD7FAFF\",\"Value\":1},{\"Key\":\"821FD3FFC09508009AB5FAFF\",\"Value\":1},{\"Key\":\"D04ED3FF44A6080016BAFAFF\",\"Value\":1},{\"Key\":\"5667D3FF15AF080054BAFAFF\",\"Value\":1},{\"Key\":\"4F81D3FF42AC080094CEFAFF\",\"Value\":1},{\"Key\":\"E1A1D3FF2AB7080077CBFAFF\",\"Value\":1},{\"Key\":\"AEB2D3FFFBB3080005D8FAFF\",\"Value\":1},{\"Key\":\"3CBFD3FF08C50800EDBEFAFF\",\"Value\":1},{\"Key\":\"35CED3FFEBC00800ECCBFAFF\",\"Value\":1},{\"Key\":\"49F1D3FF94C50800CCD0FAFF\",\"Value\":1},{\"Key\":\"9E02D4FF0FD2080060C2FAFF\",\"Value\":1},{\"Key\":\"8B1ED4FF39D1080031CCFAFF\",\"Value\":1},{\"Key\":\"E04ED4FF5DDA0800DACBFAFF\",\"Value\":1},{\"Key\":\"B36AD4FF28DE080059CEFAFF\",\"Value\":1},{\"Key\":\"6175D4FFFFDB0800ABD4FAFF\",\"Value\":1},{\"Key\":\"2BC5D4FF72F408006DCBFAFF\",\"Value\":1},{\"Key\":\"41E3D4FFD6FA080070CCFAFF\",\"Value\":1},{\"Key\":\"1DF1D4FF8EF708004AD7FAFF\",\"Value\":1},{\"Key\":\"F92ED5FF1F0C090057CEFAFF\",\"Value\":1},{\"Key\":\"2B6DD5FF2419090049CDFAFF\",\"Value\":1},{\"Key\":\"C66BD5FF5D0F0900F5DFFAFF\",\"Value\":1},{\"Key\":\"1185D5FF4D1D0900EECDFAFF\",\"Value\":1},{\"Key\":\"FECCD5FF2D2F0900EECEFAFF\",\"Value\":1},{\"Key\":\"34FBD5FFA13A090021DAFAFF\",\"Value\":1},{\"Key\":\"DB52D6FFCA68090032CCFAFF\",\"Value\":1},{\"Key\":\"E0CFD6FFE797090018CEFAFF\",\"Value\":1},{\"Key\":\"95DFD6FF8596090062DAFAFF\",\"Value\":1},{\"Key\":\"A6FAD6FFC7AE090060C2FAFF\",\"Value\":1},{\"Key\":\"AB21D7FF0CB509004BD6FAFF\",\"Value\":1},{\"Key\":\"403AD7FFF5C309003FCEFAFF\",\"Value\":1},{\"Key\":\"F86DD7FF4CD40900A9D4FAFF\",\"Value\":1},{\"Key\":\"9E88D7FF42DB09009BD8FAFF\",\"Value\":1},{\"Key\":\"DF93D7FF28EB09000BC5FAFF\",\"Value\":1},{\"Key\":\"1423D8FFF42B0A00F7B0FAFF\",\"Value\":1},{\"Key\":\"9D33D8FFDA1F0A0078CEFAFF\",\"Value\":1},{\"Key\":\"607DD8FFDC490A0029C2FAFF\",\"Value\":1},{\"Key\":\"8D82D8FFF0510A0034B9FAFF\",\"Value\":1},{\"Key\":\"E68CD8FF1F5C0A00C4B0FAFF\",\"Value\":1},{\"Key\":\"A18CD8FF2F620A001AA6FAFF\",\"Value\":1},{\"Key\":\"1FA9D8FF5E750A00709EFAFF\",\"Value\":1},{\"Key\":\"C1BCD8FF907F0A00569FFAFF\",\"Value\":1},{\"Key\":\"19BAD8FFC58D0A004381FAFF\",\"Value\":1},{\"Key\":\"ACBCD8FF8D890A00198CFAFF\",\"Value\":1},{\"Key\":\"36D0D8FF149B0A009A7DFAFF\",\"Value\":1},{\"Key\":\"6EDCD8FF64A50A00E175FAFF\",\"Value\":1},{\"Key\":\"B8D8D8FFDEA70A00926CFAFF\",\"Value\":1},{\"Key\":\"13E2D8FF49B60A00AB59FAFF\",\"Value\":1},{\"Key\":\"F601D9FF22CC0A009651FAFF\",\"Value\":1},{\"Key\":\"320FD9FFC6D00A005356FAFF\",\"Value\":1},{\"Key\":\"751ED9FF52E20A00FD40FAFF\",\"Value\":1},{\"Key\":\"B660D9FFC8110B008D1FFAFF\",\"Value\":1},{\"Key\":\"80EFDFFFCA190D00EF41F7FF\",\"Value\":1},{\"Key\":\"F112E0FF802A0D008F23F7FF\",\"Value\":1},{\"Key\":\"E957E0FF5C470D0074FBF6FF\",\"Value\":1},{\"Key\":\"2E4EE0FF23430D006E00F7FF\",\"Value\":1},{\"Key\":\"AAC7E0FF4F870D00C5CFF6FF\",\"Value\":1},{\"Key\":\"FDD2E0FF519B0D0067AAF6FF\",\"Value\":1},{\"Key\":\"4BE9E0FFF5A00D00C1BBF6FF\",\"Value\":1},{\"Key\":\"7614E1FF08C80D00288DF6FF\",\"Value\":1},{\"Key\":\"B92AE1FF0FD70D006486F6FF\",\"Value\":1},{\"Key\":\"4E57E1FFA2F40D001473F6FF\",\"Value\":1},{\"Key\":\"2F67E1FF72050E00D456F6FF\",\"Value\":1},{\"Key\":\"A172E1FFD1040E00CA67F6FF\",\"Value\":1},{\"Key\":\"CD81E1FF5C110E002955F6FF\",\"Value\":1},{\"Key\":\"6B87E1FF211A0E006840F6FF\",\"Value\":1},{\"Key\":\"449AE1FF811E0E00BC4AF6FF\",\"Value\":1},{\"Key\":\"5594E1FF1E220E005936F6FF\",\"Value\":1},{\"Key\":\"1F9AE1FFFA260E00AE2DF6FF\",\"Value\":1},{\"Key\":\"55AFE1FF7B2A0E00103CF6FF\",\"Value\":1},{\"Key\":\"CBC7E1FFE4330E00BD37F6FF\",\"Value\":1},{\"Key\":\"F5DCE1FFFF430E007518F6FF\",\"Value\":1},{\"Key\":\"34E0E1FF00490E004F09F6FF\",\"Value\":1},{\"Key\":\"5AD5E1FF16460E009101F6FF\",\"Value\":1},{\"Key\":\"BBF1E1FFB3560E0082F4F5FF\",\"Value\":1},{\"Key\":\"5DE3E1FF32500E0097DDF5FF\",\"Value\":1},{\"Key\":\"D6FBE1FF675C0E0003C5F5FF\",\"Value\":1},{\"Key\":\"AC47E2FF2D800E009AB4F5FF\",\"Value\":1},{\"Key\":\"2547E2FF8B7F0E000AD0F5FF\",\"Value\":1},{\"Key\":\"FF4FE2FF99820E0001BAF5FF\",\"Value\":1},{\"Key\":\"7663E2FF938A0E0081BAF5FF\",\"Value\":1},{\"Key\":\"A06DE2FFF18D0E0024CCF5FF\",\"Value\":1},{\"Key\":\"24A4E2FF0CA40E00F3BBF5FF\",\"Value\":1},{\"Key\":\"39A7E2FF81A70E0031ACF5FF\",\"Value\":1},{\"Key\":\"F9AFE2FFE9A60E0080C5F5FF\",\"Value\":1},{\"Key\":\"A7E7E2FF65C20E0058A4F5FF\",\"Value\":1},{\"Key\":\"86EAE2FFB8C10E005CB1F5FF\",\"Value\":1},{\"Key\":\"1051E3FF71D30E00FB58F5FF\",\"Value\":1},{\"Key\":\"4679E3FFB6D40E00EA57F5FF\",\"Value\":1},{\"Key\":\"E386E3FF06D50E00335DF5FF\",\"Value\":1},{\"Key\":\"9C89E3FFB5D70E002D49F5FF\",\"Value\":1},{\"Key\":\"4197E3FF1ED80E007751F5FF\",\"Value\":1},{\"Key\":\"88AAE3FF56EA0E00AC52F5FF\",\"Value\":1},{\"Key\":\"08E0E3FFDA100F00F349F5FF\",\"Value\":1},{\"Key\":\"E3CFE5FFA11410001930F5FF\",\"Value\":1},{\"Key\":\"CBDAE5FF021310007640F5FF\",\"Value\":1},{\"Key\":\"01EDE5FF3A1310008935F5FF\",\"Value\":1},{\"Key\":\"3CEDE5FFC0121000B83FF5FF\",\"Value\":1},{\"Key\":\"F5F6E5FF161410004634F5FF\",\"Value\":1},{\"Key\":\"B0FCE5FF2C141000053EF5FF\",\"Value\":1},{\"Key\":\"4B0DE6FFC7181000322BF5FF\",\"Value\":1},{\"Key\":\"D127E6FFBA201000962EF5FF\",\"Value\":1},{\"Key\":\"294AE6FF993410001127F5FF\",\"Value\":1},{\"Key\":\"F37BE6FF29631000CEFFF4FF\",\"Value\":1},{\"Key\":\"2E85E6FF616D100097E9F4FF\",\"Value\":1},{\"Key\":\"368FE6FF4675100033E7F4FF\",\"Value\":1},{\"Key\":\"9E35E8FFFB4611007EE9FCFF\",\"Value\":1},{\"Key\":\"EB3DE8FF83471100D501FDFF\",\"Value\":1},{\"Key\":\"B438E8FFF7471100A449FDFF\",\"Value\":1},{\"Key\":\"9D3EE8FF8E491100AE63FDFF\",\"Value\":1},{\"Key\":\"C837E8FF2F5811003562FEFF\",\"Value\":1},{\"Key\":\"4534E8FF0A541100F36AFEFF\",\"Value\":1},{\"Key\":\"0134E8FFDD4E1100517EFEFF\",\"Value\":1},{\"Key\":\"2C2AE8FFD34811004799FEFF\",\"Value\":1},{\"Key\":\"8323E8FFF947110043AEFEFF\",\"Value\":1},{\"Key\":\"B332E8FF07481100F4B9FEFF\",\"Value\":1},{\"Key\":\"C020E8FFF14711006CBFFEFF\",\"Value\":1},{\"Key\":\"5E37E8FFF1471100A3D4FEFF\",\"Value\":1},{\"Key\":\"AD2AE8FFF1471100A1DEFEFF\",\"Value\":1},{\"Key\":\"F732E8FFF147110027E4FEFF\",\"Value\":1},{\"Key\":\"153EE8FFF14711005CF7FEFF\",\"Value\":1},{\"Key\":\"673CE8FFF14711003903FFFF\",\"Value\":1},{\"Key\":\"7A46E8FFF1471100220BFFFF\",\"Value\":1},{\"Key\":\"533DE8FFF14711003F17FFFF\",\"Value\":1},{\"Key\":\"5297E8FFB14811007180FFFF\",\"Value\":1},{\"Key\":\"EE96E8FFD24811008299FFFF\",\"Value\":1},{\"Key\":\"50B8E8FF2A59110081C8FFFF\",\"Value\":1},{\"Key\":\"C5BAE8FF885F1100FBF1FFFF\",\"Value\":1},{\"Key\":\"AB15F3FFBAE41700013EFDFF\",\"Value\":3},{\"Key\":\"6449F3FF24131800EED9FCFF\",\"Value\":3},{\"Key\":\"F1ACF3FF5746180094DAFCFF\",\"Value\":3},{\"Key\":\"B6FDF1FF98221800DEA7FBFF\",\"Value\":3},{\"Key\":\"3A9AF3FFF62A18001D14FDFF\",\"Value\":3},{\"Key\":\"CDD5F4FF3B3F1700A6C10100\",\"Value\":3},{\"Key\":\"FDA8F3FF076918005673FCFF\",\"Value\":3},{\"Key\":\"1D63F3FF04491800B975FCFF\",\"Value\":3},{\"Key\":\"3F28F3FF98381800B855FCFF\",\"Value\":3},{\"Key\":\"9561EBFFB06E10006B1B0500\",\"Value\":1},{\"Key\":\"942AF3FF0A1C18005FAEFCFF\",\"Value\":3},{\"Key\":\"9CFFEBFFA1B91000D4780500\",\"Value\":1},{\"Key\":\"F492F3FFEB6A1800C033FCFF\",\"Value\":3},{\"Key\":\"FACCF3FF2A851800092DFCFF\",\"Value\":3},{\"Key\":\"44F0F3FFBE9418005058FCFF\",\"Value\":3},{\"Key\":\"3496EBFFF888100028560500\",\"Value\":1},{\"Key\":\"82DEF4FF00681700AC970000\",\"Value\":3},{\"Key\":\"B534F5FF4F7217005CD70000\",\"Value\":3},{\"Key\":\"1809F1FFA19C17002FC2FDFF\",\"Value\":3},{\"Key\":\"1392F3FFF464180023AFFBFF\",\"Value\":3},{\"Key\":\"C6EFF3FF03871800CE65FBFF\",\"Value\":3},{\"Key\":\"8E72F4FF5CC518009555FCFF\",\"Value\":3},{\"Key\":\"DDB3F4FF13C718000FB3FCFF\",\"Value\":3},{\"Key\":\"3BA7F4FF13C71800FF4DFCFF\",\"Value\":3},{\"Key\":\"93FDF0FF70A61700E77DFDFF\",\"Value\":3},{\"Key\":\"6BD8F0FF6AA51700FE62FDFF\",\"Value\":3},{\"Key\":\"CD06F1FF87B417000C14FDFF\",\"Value\":3},{\"Key\":\"9016F1FF5FB9170045F5FCFF\",\"Value\":3},{\"Key\":\"8817F1FF12BF1700C097FCFF\",\"Value\":3},{\"Key\":\"1EE7EBFFC8B0100025600500\",\"Value\":1},{\"Key\":\"1FBAF0FFB8A91700F9F8FCFF\",\"Value\":3},{\"Key\":\"16B0F0FF58AD1700F960FCFF\",\"Value\":3},{\"Key\":\"4FCEF0FF96AE170089F1FBFF\",\"Value\":3},{\"Key\":\"1479EBFF3B7B100070260500\",\"Value\":1},{\"Key\":\"9650F3FF6A3418000A92FCFF\",\"Value\":3},{\"Key\":\"A047F3FF43F11700B560FDFF\",\"Value\":3},{\"Key\":\"B660F3FFC4041800F83CFDFF\",\"Value\":3},{\"Key\":\"D567F4FF75BD1800B9D2FCFF\",\"Value\":3},{\"Key\":\"E14FF4FFDFB818009A9AFCFF\",\"Value\":3},{\"Key\":\"50DFF2FF9DC01700E07DFDFF\",\"Value\":3},{\"Key\":\"B6A9EBFF5C8F1000A47C0500\",\"Value\":1},{\"Key\":\"6362F2FF29CD1700AB35FDFF\",\"Value\":3},{\"Key\":\"71D3F4FF48C81800AD59FCFF\",\"Value\":3},{\"Key\":\"0101ECFFDDBA100057760500\",\"Value\":1},{\"Key\":\"3FF4EBFFB9B6100033570500\",\"Value\":1},{\"Key\":\"DF63EAFFB41B100013CB0400\",\"Value\":1},{\"Key\":\"6853EAFF361410005AC90400\",\"Value\":1},{\"Key\":\"686FEAFF2D21100097C70400\",\"Value\":1},{\"Key\":\"74BAEBFF5C9A1000247E0500\",\"Value\":1},{\"Key\":\"CD37EAFF20081000B9C00400\",\"Value\":1},{\"Key\":\"54A9EBFFB891100046630500\",\"Value\":1},{\"Key\":\"4444EBFF0A5F100001040500\",\"Value\":1},{\"Key\":\"B4B1EBFF74941000B26B0500\",\"Value\":1},{\"Key\":\"2CC8EBFFC89E10005E880500\",\"Value\":1},{\"Key\":\"9874EAFF3D25100048B80400\",\"Value\":1},{\"Key\":\"1614EAFF91F80F001AB80400\",\"Value\":1},{\"Key\":\"822EECFF99D310009C0E0500\",\"Value\":1},{\"Key\":\"3455ECFF0DE21000F8260500\",\"Value\":1},{\"Key\":\"2912EAFF09FB0F0022A40400\",\"Value\":1},{\"Key\":\"5F08EAFF45F70F00DDA00400\",\"Value\":1},{\"Key\":\"B1E7ECFF3E241100BE580500\",\"Value\":1},{\"Key\":\"CD26EBFF345310006EFF0400\",\"Value\":1},{\"Key\":\"7ECAECFFD21B1100755C0500\",\"Value\":1},{\"Key\":\"4A33EDFFB63E11003F4C0500\",\"Value\":1},{\"Key\":\"DE0EEDFFD93A11002C450500\",\"Value\":1},{\"Key\":\"6628EDFFBC461100053C0500\",\"Value\":1},{\"Key\":\"EDC4EDFF97AF11001BD20400\",\"Value\":1},{\"Key\":\"BA6FEDFFB56A1100AE170500\",\"Value\":1},{\"Key\":\"607DEDFF137D110032FE0400\",\"Value\":1},{\"Key\":\"ADB6EDFF1E98110065F00400\",\"Value\":1},{\"Key\":\"35CDEDFF22AC1100E6DD0400\",\"Value\":1},{\"Key\":\"0DE7EDFF71C11100B3C90400\",\"Value\":1},{\"Key\":\"C418EEFFDB421200A31E0400\",\"Value\":1},{\"Key\":\"8F64F3FFC6591800DD32FCFF\",\"Value\":3},{\"Key\":\"E225F4FFEEB51800F934FCFF\",\"Value\":3},{\"Key\":\"471EE2FFCD8C0C0005D70800\",\"Value\":3},{\"Key\":\"152CE2FF88900C00CDD60800\",\"Value\":3},{\"Key\":\"541FE2FF968F0C0051BD0800\",\"Value\":3},{\"Key\":\"DF2FF4FF6DB61800DF54FCFF\",\"Value\":3},{\"Key\":\"8FF0DEFF8D020C00CFDE0600\",\"Value\":3},{\"Key\":\"B707DFFFACFE0B0041F70600\",\"Value\":3},{\"Key\":\"8291F3FF271F1800E958FDFF\",\"Value\":3},{\"Key\":\"05CAF3FF704718009771FDFF\",\"Value\":3}],\"SerializedName\":\"WorldObjectLocatorManager\",\"UniqueFile\":true}"}}