{"Version":"0.0.0","Data":{"FreeFormStructureLinkerManager":"{\"_nodeLinkersData\":[],\"_builtLinkersData\":[{\"_typeId\":2,\"_instanceId\":1},null,null,{\"_typeId\":8,\"_instanceId\":1},null,{\"_typeId\":22,\"_instanceId\":2},{\"_typeId\":4,\"_instanceId\":24},null,{\"_typeId\":4,\"_instanceId\":33},null,null,{\"_typeId\":22,\"_instanceId\":8},{\"_typeId\":22,\"_instanceId\":8},{\"_typeId\":22,\"_instanceId\":6},{\"_typeId\":4,\"_instanceId\":2},{\"_typeId\":22,\"_instanceId\":9},{\"_typeId\":22,\"_instanceId\":7},{\"_typeId\":22,\"_instanceId\":9},null,null,{\"_typeId\":4,\"_instanceId\":16}]}"}}