{"Version":"0.0.0","Data":{"StructureDestruction":"{\"Version\":\"0.0.0\",\"Data\":[{\"TypeID\":11,\"InstanceID\":1,\"Info\":{\"Health\":1090.0,\"MaxHealth\":1120.0,\"ElementCount\":1,\"MaxElements\":1,\"BreakCount\":0.75,\"CanBreakTopElement\":true}},{\"TypeID\":20,\"InstanceID\":23,\"Info\":{\"Health\":690.0,\"MaxHealth\":720.0,\"ElementCount\":1,\"MaxElements\":1,\"BreakCount\":0.75,\"CanBreakTopElement\":true}},{\"TypeID\":9,\"InstanceID\":8,\"Info\":{\"Health\":1125.0,\"MaxHealth\":1200.0,\"ElementCount\":5,\"MaxElements\":5,\"BreakCount\":3.75,\"CanBreakTopElement\":true}},{\"TypeID\":9,\"InstanceID\":9,\"Info\":{\"Health\":220.0,\"MaxHealth\":1200.0,\"ElementCount\":1,\"MaxElements\":5,\"BreakCount\":3.75}},{\"TypeID\":9,\"InstanceID\":7,\"Info\":{\"Health\":1170.0,\"MaxHealth\":1200.0,\"ElementCount\":5,\"MaxElements\":5,\"BreakCount\":3.75,\"CanBreakTopElement\":true}}]}"}}