{"Version":"0.0.0","Data":{"Constructions":"{\"Version\":\"0.0.16\",\"Structures\":[[],[{\"TypeID\":1,\"Position\":{\"x\":-1166.89014,\"y\":126.528465,\"z\":-70.39575},\"Rotation\":{\"y\":-0.5447536,\"w\":0.838596165},\"LinkedStructures\":[null,{\"TypeID\":3},{\"TypeID\":3,\"InstanceID\":23},null,null,null,null],\"Elements\":[{\"ProfileID\":66,\"Position\":{\"x\":-1166.89014,\"y\":126.528465,\"z\":-70.39575},\"Rotation\":{\"x\":-0.385199,\"y\":0.592977047,\"z\":0.592977047,\"w\":0.385199},\"LengthScale\":1.0}],\"Storages\":[]},{\"TypeID\":1,\"Position\":{\"x\":-1168.955,\"y\":126.528465,\"z\":-69.47709},\"Rotation\":{\"y\":-0.5447536,\"w\":0.838596165},\"LinkedStructures\":[{\"TypeID\":3},null,{\"TypeID\":3,\"InstanceID\":22},null,null,null,null],\"Elements\":[{\"ProfileID\":66,\"Position\":{\"x\":-1168.955,\"y\":126.528465,\"z\":-69.47709},\"Rotation\":{\"x\":-0.385199,\"y\":0.592977047,\"z\":0.592977047,\"w\":0.385199},\"LengthScale\":1.0}],\"Storages\":[]},{\"TypeID\":1,\"Position\":{\"x\":-1172.41248,\"y\":126.748154,\"z\":-78.44879},\"Rotation\":{\"y\":-0.550626636,\"w\":-0.834751666},\"LinkedStructures\":[{\"TypeID\":3,\"InstanceID\":3},{\"TypeID\":3,\"InstanceID\":26},{\"TypeID\":3,\"InstanceID\":1},null,null,null,null],\"Elements\":[{\"ProfileID\":66,\"Position\":{\"x\":-1172.41248,\"y\":126.748154,\"z\":-78.44879},\"Rotation\":{\"x\":-0.389351845,\"y\":-0.5902586,\"z\":-0.5902586,\"w\":0.389351845},\"LengthScale\":1.0}],\"Storages\":[]},{\"TypeID\":1,\"Position\":{\"x\":-1173.30212,\"y\":126.748154,\"z\":-76.37122},\"Rotation\":{\"y\":0.2009067,\"w\":-0.979610443},\"LinkedStructures\":[{\"TypeID\":3,\"InstanceID\":1},{\"TypeID\":3,\"InstanceID\":2},null,{\"TypeID\":20},null,null,null],\"Elements\":[{\"ProfileID\":66,\"Position\":{\"x\":-1173.30212,\"y\":126.748154,\"z\":-76.37122},\"Rotation\":{\"x\":0.1420625,\"y\":-0.6926892,\"z\":-0.6926893,\"w\":-0.14206256},\"LengthScale\":1.0}],\"Storages\":[]},{\"TypeID\":1,\"Position\":{\"x\":-1174.19177,\"y\":126.748154,\"z\":-74.29365},\"Rotation\":{\"y\":-0.5506266,\"w\":-0.8347517},\"LinkedStructures\":[{\"TypeID\":3,\"InstanceID\":4},{\"TypeID\":3,\"InstanceID\":25},null,{\"TypeID\":3,\"InstanceID\":2},null,null,null],\"Elements\":[{\"ProfileID\":66,\"Position\":{\"x\":-1174.19177,\"y\":126.748154,\"z\":-74.29365},\"Rotation\":{\"x\":-0.3893518,\"y\":-0.5902586,\"z\":-0.5902586,\"w\":0.3893518},\"LengthScale\":1.0}],\"Storages\":[]},{\"TypeID\":1,\"Position\":{\"x\":-1174.49011,\"y\":126.748154,\"z\":-79.33834},\"Rotation\":{\"y\":-0.979610443,\"w\":-0.200906783},\"LinkedStructures\":[{\"TypeID\":3,\"InstanceID\":5},null,{\"TypeID\":3,\"InstanceID\":3},null,null,null,null],\"Elements\":[{\"ProfileID\":66,\"Position\":{\"x\":-1174.49011,\"y\":126.748154,\"z\":-79.33834},\"Rotation\":{\"x\":0.6926893,\"y\":0.1420626,\"z\":0.1420626,\"w\":-0.6926892},\"LengthScale\":1.0}],\"Storages\":[]},{\"TypeID\":1,\"Position\":{\"x\":-1176.26929,\"y\":126.748154,\"z\":-75.18327},\"Rotation\":{\"y\":-0.5506266,\"w\":-0.8347517},\"LinkedStructures\":[null,{\"TypeID\":3,\"InstanceID\":4},null,{\"TypeID\":3,\"InstanceID\":6},null,null,null],\"Elements\":[{\"ProfileID\":66,\"Position\":{\"x\":-1176.26929,\"y\":126.748154,\"z\":-75.18327},\"Rotation\":{\"x\":-0.3893518,\"y\":-0.5902586,\"z\":-0.5902586,\"w\":0.3893518},\"LengthScale\":1.0}],\"Storages\":[]},{\"TypeID\":1,\"Position\":{\"x\":-1175.37964,\"y\":126.748154,\"z\":-77.26084},\"Rotation\":{\"y\":-0.979610443,\"w\":-0.200906783},\"LinkedStructures\":[{\"TypeID\":3,\"InstanceID\":6},{\"TypeID\":3,\"InstanceID\":5},null,null,null,null,null],\"Elements\":[{\"ProfileID\":66,\"Position\":{\"x\":-1175.37964,\"y\":126.748154,\"z\":-77.26084},\"Rotation\":{\"x\":0.6926893,\"y\":0.1420626,\"z\":0.1420626,\"w\":-0.6926892},\"LengthScale\":1.0}],\"Storages\":[]},{\"TypeID\":1,\"Position\":{\"x\":-1169.87366,\"y\":126.528465,\"z\":-71.541954},\"Rotation\":{\"y\":0.978176,\"w\":-0.207778066},\"LinkedStructures\":[{\"TypeID\":3,\"InstanceID\":22},null,{\"TypeID\":3,\"InstanceID\":24},null,null,null,null],\"Elements\":[{\"ProfileID\":66,\"Position\":{\"x\":-1169.87366,\"y\":126.528465,\"z\":-71.541954},\"Rotation\":{\"x\":-0.691674948,\"y\":0.146921292,\"z\":0.146921292,\"w\":0.691674948},\"LengthScale\":1.0}],\"Storages\":[]},{\"TypeID\":1,\"Position\":{\"x\":-1167.80884,\"y\":126.528465,\"z\":-72.46062},\"Rotation\":{\"y\":0.978176,\"w\":-0.207778066},\"LinkedStructures\":[{\"TypeID\":3,\"InstanceID\":23},null,null,{\"TypeID\":3,\"InstanceID\":24},null,null,null],\"Elements\":[{\"ProfileID\":66,\"Position\":{\"x\":-1167.80884,\"y\":126.528465,\"z\":-72.46062},\"Rotation\":{\"x\":-0.691674948,\"y\":0.146921292,\"z\":0.146921292,\"w\":0.691674948},\"LengthScale\":1.0}],\"Storages\":[]},{\"TypeID\":1,\"Position\":{\"x\":-1172.11426,\"y\":126.748154,\"z\":-73.40407},\"Rotation\":{\"y\":0.550626636,\"w\":0.834751666},\"LinkedStructures\":[{\"TypeID\":3,\"InstanceID\":25},null,null,{\"TypeID\":3,\"InstanceID\":27},null,null,null],\"Elements\":[{\"ProfileID\":66,\"Position\":{\"x\":-1172.11426,\"y\":126.748154,\"z\":-73.40407},\"Rotation\":{\"x\":0.389351845,\"y\":0.5902586,\"z\":0.5902586,\"w\":-0.389351845},\"LengthScale\":1.0}],\"Storages\":[]},{\"TypeID\":1,\"Position\":{\"x\":-1170.335,\"y\":126.748154,\"z\":-77.55921},\"Rotation\":{\"y\":0.550626636,\"w\":0.834751666},\"LinkedStructures\":[{\"TypeID\":3,\"InstanceID\":26},null,{\"TypeID\":3,\"InstanceID\":28},null,null,null,null],\"Elements\":[{\"ProfileID\":66,\"Position\":{\"x\":-1170.335,\"y\":126.748154,\"z\":-77.55921},\"Rotation\":{\"x\":0.389351845,\"y\":0.5902586,\"z\":0.5902586,\"w\":-0.389351845},\"LengthScale\":1.0}],\"Storages\":[]},{\"TypeID\":1,\"Position\":{\"x\":-1171.22473,\"y\":126.748154,\"z\":-75.48163},\"Rotation\":{\"y\":0.9796104,\"w\":0.200906679},\"LinkedStructures\":[{\"TypeID\":3,\"InstanceID\":27},{\"TypeID\":3,\"InstanceID\":28},null,{\"TypeID\":20},null,null,null],\"Elements\":[{\"ProfileID\":66,\"Position\":{\"x\":-1171.22473,\"y\":126.748154,\"z\":-75.48163},\"Rotation\":{\"x\":-0.6926892,\"y\":-0.14206247,\"z\":-0.142062485,\"w\":0.6926891},\"LengthScale\":1.0}],\"Storages\":[]}],[{\"TypeID\":2,\"Position\":{\"x\":-1176.52222,\"y\":125.889137,\"z\":-88.89691},\"Rotation\":{\"x\":-0.0001510121,\"y\":0.953195,\"z\":-0.000476074434,\"w\":-0.302356035},\"LinkedStructures\":[null,null,null,null,null,null,null],\"Elements\":[{\"ProfileID\":2,\"Position\":{\"x\":-1176.52222,\"y\":127.239136,\"z\":-88.89691},\"Rotation\":{\"x\":-0.674010754,\"y\":0.213798046,\"z\":0.213798046,\"w\":0.674010754},\"LengthScale\":1.0}],\"Storages\":[]},{\"TypeID\":2,\"Position\":{\"x\":-1169.87366,\"y\":126.528465,\"z\":-71.54194},\"Rotation\":{\"y\":0.978176,\"w\":-0.207778066},\"LinkedStructures\":[null,null,null,null,null,{\"TypeID\":3,\"InstanceID\":22},null],\"Elements\":[{\"ProfileID\":42,\"Position\":{\"x\":-1169.87366,\"y\":126.865967,\"z\":-71.54194},\"Rotation\":{\"x\":-0.691674948,\"y\":0.146921292,\"z\":0.146921292,\"w\":0.691674948},\"LengthScale\":1.0}],\"Storages\":[]},{\"TypeID\":2,\"Position\":{\"x\":-1172.47266,\"y\":125.3957,\"z\":-91.08125},\"Rotation\":{\"y\":-0.720014036,\"w\":0.6939595},\"LinkedStructures\":[null,{\"TypeID\":9,\"InstanceID\":43},null,null,null,null,null],\"Elements\":[{\"ProfileID\":2,\"Position\":{\"x\":-1172.47266,\"y\":126.7457,\"z\":-91.08125},\"Rotation\":{\"x\":-0.509126842,\"y\":0.490703464,\"z\":0.490703523,\"w\":0.5091267},\"LengthScale\":1.0}],\"Storages\":[]}],[{\"TypeID\":3,\"Position\":{\"x\":-1166.89014,\"y\":126.528465,\"z\":-70.39575},\"Rotation\":{\"y\":-0.5447536,\"w\":0.838596165},\"LinkedStructures\":[{\"TypeID\":1},{\"TypeID\":1,\"InstanceID\":1},null,null,null,null,{\"TypeID\":3,\"InstanceID\":22},null,null,{\"TypeID\":3,\"InstanceID\":23},null,null,null,null,null,null],\"Elements\":[{\"ProfileID\":1,\"Position\":{\"x\":-1167.92261,\"y\":126.528465,\"z\":-69.93642},\"Rotation\":{\"y\":-0.5447499,\"w\":0.838598549},\"LengthScale\":1.0}],\"Storages\":[]},{\"TypeID\":3,\"Position\":{\"x\":-1172.41248,\"y\":126.748154,\"z\":-78.44879},\"Rotation\":{\"y\":0.200906783,\"w\":-0.979610443},\"LinkedStructures\":[{\"TypeID\":1,\"InstanceID\":2},{\"TypeID\":1,\"InstanceID\":3},null,{\"TypeID\":4},{\"TypeID\":22,\"InstanceID\":2},{\"TypeID\":8},null,{\"TypeID\":20},{\"TypeID\":3,\"InstanceID\":2},{\"TypeID\":3,\"InstanceID\":3},{\"TypeID\":3,\"InstanceID\":26},null,null,null,null,null],\"Elements\":[{\"ProfileID\":1,\"Position\":{\"x\":-1172.8573,\"y\":126.748154,\"z\":-77.41001},\"Rotation\":{\"y\":0.200906843,\"w\":-0.979610443},\"LengthScale\":1.0}],\"Storages\":[]},{\"TypeID\":3,\"Position\":{\"x\":-1173.30212,\"y\":126.748154,\"z\":-76.37122},\"Rotation\":{\"y\":0.2009067,\"w\":-0.979610443},\"LinkedStructures\":[{\"TypeID\":1,\"InstanceID\":3},{\"TypeID\":1,\"InstanceID\":4},null,{\"TypeID\":4,\"InstanceID\":1},{\"TypeID\":22,\"InstanceID\":1},{\"TypeID\":8,\"InstanceID\":1},{\"TypeID\":3,\"InstanceID\":4},{\"TypeID\":3,\"InstanceID\":25},null,null,{\"TypeID\":20},{\"TypeID\":3,\"InstanceID\":1},null,null,null,null],\"Elements\":[{\"ProfileID\":1,\"Position\":{\"x\":-1173.747,\"y\":126.748154,\"z\":-75.3324356},\"Rotation\":{\"y\":0.200906843,\"w\":-0.9796104},\"LengthScale\":1.0}],\"Storages\":[]},{\"TypeID\":3,\"Position\":{\"x\":-1174.49011,\"y\":126.748154,\"z\":-79.33834},\"Rotation\":{\"y\":-0.550626636,\"w\":-0.834751666},\"LinkedStructures\":[{\"TypeID\":1,\"InstanceID\":5},{\"TypeID\":1,\"InstanceID\":2},null,null,null,{\"TypeID\":8,\"InstanceID\":2},{\"TypeID\":3,\"InstanceID\":1},null,{\"TypeID\":3,\"InstanceID\":26},{\"TypeID\":3,\"InstanceID\":5},null,null,null,null,null,null],\"Elements\":[{\"ProfileID\":1,\"Position\":{\"x\":-1173.45129,\"y\":126.748154,\"z\":-78.89357},\"Rotation\":{\"y\":-0.5506266,\"w\":-0.8347517},\"LengthScale\":1.0}],\"Storages\":[]},{\"TypeID\":3,\"Position\":{\"x\":-1176.26929,\"y\":126.748154,\"z\":-75.18327},\"Rotation\":{\"y\":-0.5506266,\"w\":-0.8347517},\"LinkedStructures\":[{\"TypeID\":1,\"InstanceID\":6},{\"TypeID\":1,\"InstanceID\":4},null,null,null,{\"TypeID\":8,\"InstanceID\":3},null,{\"TypeID\":3,\"InstanceID\":2},{\"TypeID\":3,\"InstanceID\":25},null,{\"TypeID\":3,\"InstanceID\":6},null,null,null,null,null],\"Elements\":[{\"ProfileID\":1,\"Position\":{\"x\":-1175.23047,\"y\":126.748154,\"z\":-74.7385},\"Rotation\":{\"y\":-0.5506266,\"w\":-0.8347517},\"LengthScale\":1.0}],\"Storages\":[]},{\"TypeID\":3,\"Position\":{\"x\":-1175.37964,\"y\":126.748154,\"z\":-77.26084},\"Rotation\":{\"y\":-0.979610443,\"w\":-0.200906783},\"LinkedStructures\":[{\"TypeID\":1,\"InstanceID\":7},{\"TypeID\":1,\"InstanceID\":5},null,{\"TypeID\":4},null,{\"TypeID\":8,\"InstanceID\":4},{\"TypeID\":3,\"InstanceID\":3},null,null,null,null,{\"TypeID\":3,\"InstanceID\":6},null,null,null,null],\"Elements\":[{\"ProfileID\":1,\"Position\":{\"x\":-1174.93481,\"y\":126.748154,\"z\":-78.29963},\"Rotation\":{\"y\":-0.979610443,\"w\":-0.200906843},\"LengthScale\":1.0}],\"Storages\":[]},{\"TypeID\":3,\"Position\":{\"x\":-1176.26929,\"y\":126.748154,\"z\":-75.18327},\"Rotation\":{\"y\":-0.9796103,\"w\":-0.200906843},\"LinkedStructures\":[{\"TypeID\":1,\"InstanceID\":6},{\"TypeID\":1,\"InstanceID\":7},null,{\"TypeID\":4,\"InstanceID\":1},null,{\"TypeID\":8,\"InstanceID\":5},null,null,{\"TypeID\":3,\"InstanceID\":5},{\"TypeID\":3,\"InstanceID\":4},null,null,null,null,null,null],\"Elements\":[{\"ProfileID\":1,\"Position\":{\"x\":-1175.82446,\"y\":126.748154,\"z\":-76.22205},\"Rotation\":{\"y\":-0.9796103,\"w\":-0.200906843},\"LengthScale\":1.0}],\"Storages\":[]},{\"TypeID\":3,\"Position\":{\"x\":-1174.19177,\"y\":129.448151,\"z\":-74.29365},\"Rotation\":{\"y\":-0.8347517,\"w\":0.5506266},\"LinkedStructures\":[{\"TypeID\":8,\"InstanceID\":3},{\"TypeID\":8,\"InstanceID\":3},null,null,null,{\"TypeID\":7,\"InstanceID\":2},{\"TypeID\":3,\"InstanceID\":10},null,null,{\"TypeID\":3,\"InstanceID\":12},null,null,null,null,{\"TypeID\":8,\"InstanceID\":3},null],\"Elements\":[{\"ProfileID\":1,\"Position\":{\"x\":-1175.23059,\"y\":129.448151,\"z\":-74.73842},\"Rotation\":{\"y\":-0.8347517,\"w\":0.5506266},\"LengthScale\":1.0}],\"Storages\":[]},{\"TypeID\":3,\"Position\":{\"x\":-1172.41248,\"y\":129.448151,\"z\":-78.44879},\"Rotation\":{\"y\":0.2009067,\"w\":-0.979610443},\"LinkedStructures\":[{\"TypeID\":8},{\"TypeID\":8},null,null,null,null,{\"TypeID\":3,\"InstanceID\":11},null,{\"TypeID\":3,\"InstanceID\":12},{\"TypeID\":3,\"InstanceID\":13},null,null,null,null,{\"TypeID\":8},null],\"Elements\":[{\"ProfileID\":1,\"Position\":{\"x\":-1172.8573,\"y\":129.448151,\"z\":-77.41},\"Rotation\":{\"y\":0.2009067,\"w\":-0.979610443},\"LengthScale\":1.0}],\"Storages\":[]},{\"TypeID\":3,\"Position\":{\"x\":-1175.37964,\"y\":129.448151,\"z\":-77.26084},\"Rotation\":{\"y\":-0.9796103,\"w\":-0.200906992},\"LinkedStructures\":[{\"TypeID\":8,\"InstanceID\":4},{\"TypeID\":8,\"InstanceID\":4},null,null,null,null,{\"TypeID\":3,\"InstanceID\":13},null,null,{\"TypeID\":3,\"InstanceID\":11},null,{\"TypeID\":3,\"InstanceID\":10},null,null,{\"TypeID\":8,\"InstanceID\":4},null],\"Elements\":[{\"ProfileID\":1,\"Position\":{\"x\":-1174.93481,\"y\":129.448151,\"z\":-78.29963},\"Rotation\":{\"y\":-0.9796103,\"w\":-0.200906992},\"LengthScale\":1.0}],\"Storages\":[]},{\"TypeID\":3,\"Position\":{\"x\":-1176.26929,\"y\":129.448151,\"z\":-75.18326},\"Rotation\":{\"y\":-0.979610443,\"w\":-0.200906783},\"LinkedStructures\":[{\"TypeID\":8,\"InstanceID\":5},{\"TypeID\":8,\"InstanceID\":5},null,null,null,null,{\"TypeID\":3,\"InstanceID\":11},null,{\"TypeID\":3,\"InstanceID\":9},{\"TypeID\":3,\"InstanceID\":7},null,null,null,null,{\"TypeID\":8,\"InstanceID\":5},null],\"Elements\":[{\"ProfileID\":1,\"Position\":{\"x\":-1175.82446,\"y\":129.448151,\"z\":-76.2220459},\"Rotation\":{\"y\":-0.979610443,\"w\":-0.200906783},\"LengthScale\":1.0}],\"Storages\":[]},{\"TypeID\":3,\"Position\":{\"x\":-1173.30212,\"y\":129.448151,\"z\":-76.37122},\"Rotation\":{\"y\":-0.834751666,\"w\":0.5506267},\"LinkedStructures\":[{\"TypeID\":3,\"InstanceID\":12},{\"TypeID\":3,\"InstanceID\":9},null,null,null,{\"TypeID\":7},{\"TypeID\":3,\"InstanceID\":9},{\"TypeID\":3,\"InstanceID\":10},null,{\"TypeID\":3,\"InstanceID\":8},{\"TypeID\":3,\"InstanceID\":12},null,null,null,null,null],\"Elements\":[{\"ProfileID\":1,\"Position\":{\"x\":-1174.341,\"y\":129.448151,\"z\":-76.8159943},\"Rotation\":{\"y\":-0.8347518,\"w\":0.5506265},\"LengthScale\":1.0}],\"Storages\":[]},{\"TypeID\":3,\"Position\":{\"x\":-1173.30212,\"y\":129.448151,\"z\":-76.37122},\"Rotation\":{\"y\":0.2009067,\"w\":-0.979610443},\"LinkedStructures\":[{\"TypeID\":8,\"InstanceID\":1},{\"TypeID\":8,\"InstanceID\":1},null,null,null,null,{\"TypeID\":3,\"InstanceID\":7},null,null,{\"TypeID\":3,\"InstanceID\":11},null,{\"TypeID\":3,\"InstanceID\":8},null,null,{\"TypeID\":8,\"InstanceID\":1},null],\"Elements\":[{\"ProfileID\":1,\"Position\":{\"x\":-1173.747,\"y\":129.448151,\"z\":-75.3324356},\"Rotation\":{\"y\":0.2009067,\"w\":-0.979610443},\"LengthScale\":1.0}],\"Storages\":[]},{\"TypeID\":3,\"Position\":{\"x\":-1174.49011,\"y\":129.448151,\"z\":-79.33834},\"Rotation\":{\"y\":-0.5506266,\"w\":-0.8347517},\"LinkedStructures\":[{\"TypeID\":8,\"InstanceID\":2},{\"TypeID\":8,\"InstanceID\":2},null,null,null,{\"TypeID\":7,\"InstanceID\":1},{\"TypeID\":3,\"InstanceID\":8},null,null,{\"TypeID\":3,\"InstanceID\":9},null,null,null,null,{\"TypeID\":8,\"InstanceID\":2},null],\"Elements\":[{\"ProfileID\":1,\"Position\":{\"x\":-1173.45129,\"y\":129.448151,\"z\":-78.89357},\"Rotation\":{\"y\":-0.5506266,\"w\":-0.8347517},\"LengthScale\":1.0}],\"Storages\":[]},{\"TypeID\":3,\"Position\":{\"x\":-1175.23047,\"y\":131.248154,\"z\":-74.73849},\"Rotation\":{\"x\":-0.378660917,\"y\":-0.490715474,\"z\":0.249775767,\"w\":-0.7439263},\"LinkedStructures\":[{\"TypeID\":7,\"InstanceID\":2},{\"TypeID\":7,\"InstanceID\":2},null,null,{\"TypeID\":5},null,null,null,null,null,null,null,null,null,null,null],\"Elements\":[{\"ProfileID\":1,\"Position\":{\"x\":-1174.61914,\"y\":130.334518,\"z\":-74.47678},\"Rotation\":{\"x\":-0.378660917,\"y\":-0.490715474,\"z\":0.249775767,\"w\":-0.7439263},\"LengthScale\":1.0}],\"Storages\":[]},{\"TypeID\":3,\"Position\":{\"x\":-1175.23047,\"y\":131.248154,\"z\":-74.73849},\"Rotation\":{\"x\":0.249775767,\"y\":-0.7439263,\"z\":0.378660917,\"w\":0.490715474},\"LinkedStructures\":[{\"TypeID\":7,\"InstanceID\":2},{\"TypeID\":7,\"InstanceID\":2},null,{\"TypeID\":5,\"InstanceID\":3},null,null,null,null,null,null,null,null,null,null,null,null],\"Elements\":[{\"ProfileID\":1,\"Position\":{\"x\":-1175.8418,\"y\":130.334518,\"z\":-75.00019},\"Rotation\":{\"x\":0.249775767,\"y\":-0.7439263,\"z\":0.378660917,\"w\":0.490715474},\"LengthScale\":1.0}],\"Storages\":[]},{\"TypeID\":3,\"Position\":{\"x\":-1174.341,\"y\":131.248154,\"z\":-76.8159943},\"Rotation\":{\"x\":-0.378660917,\"y\":-0.490715474,\"z\":0.249775767,\"w\":-0.7439263},\"LinkedStructures\":[{\"TypeID\":7},{\"TypeID\":7},null,{\"TypeID\":5},{\"TypeID\":5,\"InstanceID\":1},null,null,null,null,null,null,null,null,null,null,null],\"Elements\":[{\"ProfileID\":1,\"Position\":{\"x\":-1173.72961,\"y\":130.334518,\"z\":-76.55429},\"Rotation\":{\"x\":-0.378660917,\"y\":-0.490715474,\"z\":0.249775767,\"w\":-0.7439263},\"LengthScale\":1.0}],\"Storages\":[]},{\"TypeID\":3,\"Position\":{\"x\":-1174.341,\"y\":131.248154,\"z\":-76.8159943},\"Rotation\":{\"x\":0.249775767,\"y\":-0.7439263,\"z\":0.378660917,\"w\":0.490715474},\"LinkedStructures\":[{\"TypeID\":7},{\"TypeID\":7},null,{\"TypeID\":5,\"InstanceID\":2},{\"TypeID\":5,\"InstanceID\":3},null,null,null,null,null,null,null,null,null,null,null],\"Elements\":[{\"ProfileID\":1,\"Position\":{\"x\":-1174.95227,\"y\":130.334518,\"z\":-77.0777},\"Rotation\":{\"x\":0.249775767,\"y\":-0.7439263,\"z\":0.378660917,\"w\":0.490715474},\"LengthScale\":1.0}],\"Storages\":[]},{\"TypeID\":3,\"Position\":{\"x\":-1173.45129,\"y\":131.248154,\"z\":-78.89356},\"Rotation\":{\"x\":0.249775767,\"y\":-0.7439263,\"z\":0.378660917,\"w\":0.490715474},\"LinkedStructures\":[{\"TypeID\":7,\"InstanceID\":1},{\"TypeID\":7,\"InstanceID\":1},null,null,{\"TypeID\":5,\"InstanceID\":2},null,null,null,null,null,null,null,null,null,null,null],\"Elements\":[{\"ProfileID\":1,\"Position\":{\"x\":-1174.06262,\"y\":130.334518,\"z\":-79.1552658},\"Rotation\":{\"x\":0.249775767,\"y\":-0.7439263,\"z\":0.378660917,\"w\":0.490715474},\"LengthScale\":1.0}],\"Storages\":[]},{\"TypeID\":3,\"Position\":{\"x\":-1173.45129,\"y\":131.248154,\"z\":-78.89356},\"Rotation\":{\"x\":-0.378660917,\"y\":-0.490715474,\"z\":0.249775767,\"w\":-0.7439263},\"LinkedStructures\":[{\"TypeID\":7,\"InstanceID\":1},{\"TypeID\":7,\"InstanceID\":1},null,{\"TypeID\":5,\"InstanceID\":1},null,null,null,null,null,null,null,null,null,null,null,null],\"Elements\":[{\"ProfileID\":1,\"Position\":{\"x\":-1172.84,\"y\":130.334518,\"z\":-78.63186},\"Rotation\":{\"x\":-0.378660917,\"y\":-0.490715474,\"z\":0.249775767,\"w\":-0.7439263},\"LengthScale\":1.0}],\"Storages\":[]},{\"TypeID\":3,\"Position\":{\"x\":-1174.341,\"y\":131.248154,\"z\":-76.8159943},\"Rotation\":{\"y\":-0.9796103,\"w\":-0.200906843},\"LinkedStructures\":[{\"TypeID\":7},{\"TypeID\":7,\"InstanceID\":1},null,null,null,null,null,null,null,null,null,{\"TypeID\":3,\"InstanceID\":21},null,null,null,null],\"Elements\":[{\"ProfileID\":1,\"Position\":{\"x\":-1173.89612,\"y\":131.248154,\"z\":-77.85478},\"Rotation\":{\"y\":-0.9796103,\"w\":-0.200906843},\"LengthScale\":1.0}],\"Storages\":[]},{\"TypeID\":3,\"Position\":{\"x\":-1175.23047,\"y\":131.248154,\"z\":-74.73849},\"Rotation\":{\"y\":-0.9796103,\"w\":-0.200906843},\"LinkedStructures\":[{\"TypeID\":7,\"InstanceID\":2},{\"TypeID\":7},null,null,null,null,null,null,{\"TypeID\":3,\"InstanceID\":20},null,null,null,null,null,null,null],\"Elements\":[{\"ProfileID\":1,\"Position\":{\"x\":-1174.78564,\"y\":131.248154,\"z\":-75.7772751},\"Rotation\":{\"y\":-0.9796103,\"w\":-0.200906843},\"LengthScale\":1.0}],\"Storages\":[]},{\"TypeID\":3,\"Position\":{\"x\":-1168.955,\"y\":126.528465,\"z\":-69.47709},\"Rotation\":{\"y\":0.978176,\"w\":-0.207778051},\"LinkedStructures\":[{\"TypeID\":1,\"InstanceID\":1},{\"TypeID\":1,\"InstanceID\":8},null,{\"TypeID\":22},null,null,{\"TypeID\":3,\"InstanceID\":24},null,null,{\"TypeID\":3},null,null,null,{\"TypeID\":2,\"InstanceID\":1},null,null],\"Elements\":[{\"ProfileID\":1,\"Position\":{\"x\":-1169.41431,\"y\":126.528465,\"z\":-70.50952},\"Rotation\":{\"y\":0.9781743,\"w\":-0.207785964},\"LengthScale\":1.0}],\"Storages\":[]},{\"TypeID\":3,\"Position\":{\"x\":-1166.89014,\"y\":126.528465,\"z\":-70.39575},\"Rotation\":{\"y\":0.978176,\"w\":-0.207778051},\"LinkedStructures\":[{\"TypeID\":1},{\"TypeID\":1,\"InstanceID\":9},null,null,{\"TypeID\":22},null,null,{\"TypeID\":3,\"InstanceID\":24},null,null,{\"TypeID\":3},null,null,null,null,null],\"Elements\":[{\"ProfileID\":1,\"Position\":{\"x\":-1167.34949,\"y\":126.528465,\"z\":-71.4281845},\"Rotation\":{\"y\":0.9781743,\"w\":-0.207785964},\"LengthScale\":1.0}],\"Storages\":[]},{\"TypeID\":3,\"Position\":{\"x\":-1169.87366,\"y\":126.528465,\"z\":-71.541954},\"Rotation\":{\"y\":0.838596165,\"w\":0.5447536},\"LinkedStructures\":[{\"TypeID\":1,\"InstanceID\":8},{\"TypeID\":1,\"InstanceID\":9},null,null,null,null,{\"TypeID\":3,\"InstanceID\":23},null,null,{\"TypeID\":3,\"InstanceID\":22},null,null,{\"TypeID\":2,\"InstanceID\":1},null,null,null],\"Elements\":[{\"ProfileID\":1,\"Position\":{\"x\":-1168.84131,\"y\":126.528465,\"z\":-72.00128},\"Rotation\":{\"y\":0.8385986,\"w\":0.544749856},\"LengthScale\":1.0}],\"Storages\":[]},{\"TypeID\":3,\"Position\":{\"x\":-1174.19177,\"y\":126.748154,\"z\":-74.29365},\"Rotation\":{\"y\":0.550626636,\"w\":0.834751666},\"LinkedStructures\":[{\"TypeID\":1,\"InstanceID\":4},{\"TypeID\":1,\"InstanceID\":10},null,null,null,null,null,{\"TypeID\":3,\"InstanceID\":27},null,null,{\"TypeID\":3,\"InstanceID\":2},{\"TypeID\":3,\"InstanceID\":4},null,null,null,null],\"Elements\":[{\"ProfileID\":1,\"Position\":{\"x\":-1173.15308,\"y\":126.748154,\"z\":-73.84886},\"Rotation\":{\"y\":0.550624,\"w\":0.8347534},\"LengthScale\":1.0}],\"Storages\":[]},{\"TypeID\":3,\"Position\":{\"x\":-1172.41248,\"y\":126.748154,\"z\":-78.44879},\"Rotation\":{\"y\":0.550626636,\"w\":0.834751666},\"LinkedStructures\":[{\"TypeID\":1,\"InstanceID\":2},{\"TypeID\":1,\"InstanceID\":11},null,null,null,null,{\"TypeID\":3,\"InstanceID\":28},null,null,{\"TypeID\":3,\"InstanceID\":1},null,{\"TypeID\":3,\"InstanceID\":3},null,null,null,null],\"Elements\":[{\"ProfileID\":1,\"Position\":{\"x\":-1171.37378,\"y\":126.748154,\"z\":-78.004},\"Rotation\":{\"y\":0.550624,\"w\":0.8347534},\"LengthScale\":1.0}],\"Storages\":[]},{\"TypeID\":3,\"Position\":{\"x\":-1172.11426,\"y\":126.748154,\"z\":-73.40407},\"Rotation\":{\"y\":0.979610443,\"w\":0.200906709},\"LinkedStructures\":[{\"TypeID\":1,\"InstanceID\":10},{\"TypeID\":1,\"InstanceID\":12},null,null,{\"TypeID\":22,\"InstanceID\":1},null,null,{\"TypeID\":20},{\"TypeID\":3,\"InstanceID\":28},null,{\"TypeID\":3,\"InstanceID\":25},null,null,null,null,null],\"Elements\":[{\"ProfileID\":1,\"Position\":{\"x\":-1171.66943,\"y\":126.748154,\"z\":-74.44285},\"Rotation\":{\"y\":0.979612768,\"w\":0.200895235},\"LengthScale\":1.0}],\"Storages\":[]},{\"TypeID\":3,\"Position\":{\"x\":-1171.22473,\"y\":126.748154,\"z\":-75.48163},\"Rotation\":{\"y\":0.9796104,\"w\":0.2009067},\"LinkedStructures\":[{\"TypeID\":1,\"InstanceID\":12},{\"TypeID\":1,\"InstanceID\":11},null,null,{\"TypeID\":22,\"InstanceID\":2},null,null,{\"TypeID\":3,\"InstanceID\":26},null,null,{\"TypeID\":20},{\"TypeID\":3,\"InstanceID\":27},null,null,null,null],\"Elements\":[{\"ProfileID\":1,\"Position\":{\"x\":-1170.77979,\"y\":126.748154,\"z\":-76.52042},\"Rotation\":{\"y\":0.9796032,\"w\":0.20094192},\"LengthScale\":1.0}],\"Storages\":[]}],[{\"TypeID\":4,\"Position\":{\"x\":-1173.89612,\"y\":126.910652,\"z\":-77.85478},\"Rotation\":{\"y\":-0.8347517,\"w\":0.5506266},\"LinkedStructures\":[{\"TypeID\":3,\"InstanceID\":1},{\"TypeID\":3,\"InstanceID\":5},{\"TypeID\":8,\"InstanceID\":2},null,{\"TypeID\":8,\"InstanceID\":4},{\"TypeID\":8},null,null,null,null,null],\"Elements\":[{\"ProfileID\":314,\"Position\":{\"x\":-1174.2522,\"y\":126.910652,\"z\":-77.0231},\"Rotation\":{\"y\":-0.8347517,\"w\":0.5506266},\"LengthScale\":1.0},{\"ProfileID\":315,\"Position\":{\"x\":-1174.07422,\"y\":126.910652,\"z\":-77.43891},\"Rotation\":{\"y\":-0.8347517,\"w\":0.5506266},\"LengthScale\":1.0},{\"ProfileID\":315,\"Position\":{\"x\":-1173.89612,\"y\":126.910652,\"z\":-77.85478},\"Rotation\":{\"y\":-0.8347517,\"w\":0.5506266},\"LengthScale\":1.0},{\"ProfileID\":315,\"Position\":{\"x\":-1173.718,\"y\":126.910652,\"z\":-78.27065},\"Rotation\":{\"y\":-0.550626457,\"w\":-0.8347518},\"LengthScale\":1.0},{\"ProfileID\":315,\"Position\":{\"x\":-1173.54,\"y\":126.910652,\"z\":-78.68646},\"Rotation\":{\"y\":-0.550626457,\"w\":-0.8347518},\"LengthScale\":1.0}],\"Storages\":[]},{\"TypeID\":4,\"Position\":{\"x\":-1174.78564,\"y\":126.910652,\"z\":-75.77728},\"Rotation\":{\"y\":-0.8347517,\"w\":0.5506266},\"LinkedStructures\":[{\"TypeID\":3,\"InstanceID\":2},{\"TypeID\":3,\"InstanceID\":6},null,{\"TypeID\":8,\"InstanceID\":3},{\"TypeID\":8,\"InstanceID\":5},{\"TypeID\":8,\"InstanceID\":1},null,null,null,null,null],\"Elements\":[{\"ProfileID\":314,\"Position\":{\"x\":-1175.14172,\"y\":126.910652,\"z\":-74.9456},\"Rotation\":{\"y\":-0.8347517,\"w\":0.5506266},\"LengthScale\":1.0},{\"ProfileID\":315,\"Position\":{\"x\":-1174.96375,\"y\":126.910652,\"z\":-75.36141},\"Rotation\":{\"y\":-0.8347517,\"w\":0.5506266},\"LengthScale\":1.0},{\"ProfileID\":315,\"Position\":{\"x\":-1174.78564,\"y\":126.910652,\"z\":-75.77728},\"Rotation\":{\"y\":-0.8347517,\"w\":0.5506266},\"LengthScale\":1.0},{\"ProfileID\":315,\"Position\":{\"x\":-1174.60754,\"y\":126.910652,\"z\":-76.19315},\"Rotation\":{\"y\":-0.550626457,\"w\":-0.8347518},\"LengthScale\":1.0},{\"ProfileID\":315,\"Position\":{\"x\":-1174.42957,\"y\":126.910652,\"z\":-76.60896},\"Rotation\":{\"y\":-0.550626457,\"w\":-0.8347518},\"LengthScale\":1.0}],\"Storages\":[]}],[{\"TypeID\":5,\"Position\":{\"x\":-1174.17444,\"y\":130.497009,\"z\":-75.5155},\"Rotation\":{\"x\":-0.09113554,\"y\":0.179047123,\"z\":0.444371819,\"w\":-0.8730235},\"LinkedStructures\":[{\"TypeID\":3,\"InstanceID\":14},{\"TypeID\":3,\"InstanceID\":16},null],\"Elements\":[{\"ProfileID\":6,\"Position\":{\"x\":-1173.48523,\"y\":129.580368,\"z\":-75.22037},\"Rotation\":{\"x\":-0.444371819,\"y\":-0.8730235,\"z\":-0.09113554,\"w\":-0.179047123},\"LengthScale\":1.0},{\"ProfileID\":6,\"Position\":{\"x\":-1173.71252,\"y\":129.920273,\"z\":-75.3177261},\"Rotation\":{\"x\":0.09113554,\"y\":-0.179047123,\"z\":-0.444371819,\"w\":0.8730235},\"LengthScale\":1.0},{\"ProfileID\":6,\"Position\":{\"x\":-1173.94006,\"y\":130.260178,\"z\":-75.41509},\"Rotation\":{\"x\":-0.444371819,\"y\":-0.8730235,\"z\":-0.09113554,\"w\":-0.179047123},\"LengthScale\":1.0},{\"ProfileID\":6,\"Position\":{\"x\":-1174.16736,\"y\":130.600082,\"z\":-75.51247},\"Rotation\":{\"x\":0.09113554,\"y\":-0.179047123,\"z\":-0.444371819,\"w\":0.8730235},\"LengthScale\":1.0},{\"ProfileID\":6,\"Position\":{\"x\":-1174.39478,\"y\":130.939987,\"z\":-75.6099},\"Rotation\":{\"x\":-0.444371819,\"y\":-0.8730235,\"z\":-0.09113554,\"w\":-0.179047123},\"LengthScale\":1.0},{\"ProfileID\":6,\"Position\":{\"x\":-1174.62219,\"y\":131.279892,\"z\":-75.7071838},\"Rotation\":{\"x\":0.09113554,\"y\":-0.179047123,\"z\":-0.444371819,\"w\":0.8730235},\"LengthScale\":1.0}],\"Storages\":[]},{\"TypeID\":5,\"Position\":{\"x\":-1173.28491,\"y\":130.497009,\"z\":-77.59307},\"Rotation\":{\"x\":-0.09113554,\"y\":0.179047123,\"z\":0.444371819,\"w\":-0.8730235},\"LinkedStructures\":[{\"TypeID\":3,\"InstanceID\":16},{\"TypeID\":3,\"InstanceID\":19},null],\"Elements\":[{\"ProfileID\":6,\"Position\":{\"x\":-1172.5957,\"y\":129.580368,\"z\":-77.2979355},\"Rotation\":{\"x\":-0.444371819,\"y\":-0.8730235,\"z\":-0.09113554,\"w\":-0.179047123},\"LengthScale\":1.0},{\"ProfileID\":6,\"Position\":{\"x\":-1172.823,\"y\":129.920273,\"z\":-77.39531},\"Rotation\":{\"x\":0.09113554,\"y\":-0.179047123,\"z\":-0.444371819,\"w\":0.8730235},\"LengthScale\":1.0},{\"ProfileID\":6,\"Position\":{\"x\":-1173.05042,\"y\":130.260178,\"z\":-77.49275},\"Rotation\":{\"x\":-0.444371819,\"y\":-0.8730235,\"z\":-0.09113554,\"w\":-0.179047123},\"LengthScale\":1.0},{\"ProfileID\":6,\"Position\":{\"x\":-1173.27783,\"y\":130.600082,\"z\":-77.5900345},\"Rotation\":{\"x\":0.09113554,\"y\":-0.179047123,\"z\":-0.444371819,\"w\":0.8730235},\"LengthScale\":1.0},{\"ProfileID\":6,\"Position\":{\"x\":-1173.50525,\"y\":130.939987,\"z\":-77.68747},\"Rotation\":{\"x\":-0.444371819,\"y\":-0.8730235,\"z\":-0.09113554,\"w\":-0.179047123},\"LengthScale\":1.0},{\"ProfileID\":6,\"Position\":{\"x\":-1173.73254,\"y\":131.279892,\"z\":-77.7848358},\"Rotation\":{\"x\":0.09113554,\"y\":-0.179047123,\"z\":-0.444371819,\"w\":0.8730235},\"LengthScale\":1.0}],\"Storages\":[]},{\"TypeID\":5,\"Position\":{\"x\":-1174.50732,\"y\":130.497009,\"z\":-78.1165543},\"Rotation\":{\"x\":0.444371819,\"y\":-0.8730235,\"z\":0.09113554,\"w\":-0.179047123},\"LinkedStructures\":[{\"TypeID\":3,\"InstanceID\":17},{\"TypeID\":3,\"InstanceID\":18},null],\"Elements\":[{\"ProfileID\":6,\"Position\":{\"x\":-1175.19653,\"y\":129.580368,\"z\":-78.411705},\"Rotation\":{\"x\":0.444371819,\"y\":-0.8730235,\"z\":0.09113554,\"w\":-0.179047123},\"LengthScale\":1.0},{\"ProfileID\":6,\"Position\":{\"x\":-1174.96924,\"y\":129.920273,\"z\":-78.31433},\"Rotation\":{\"x\":-0.09113554,\"y\":-0.179047123,\"z\":0.444371819,\"w\":0.8730235},\"LengthScale\":1.0},{\"ProfileID\":6,\"Position\":{\"x\":-1174.7417,\"y\":130.260178,\"z\":-78.2169647},\"Rotation\":{\"x\":-0.09113554,\"y\":-0.179047123,\"z\":0.444371819,\"w\":0.8730235},\"LengthScale\":1.0},{\"ProfileID\":6,\"Position\":{\"x\":-1174.5144,\"y\":130.600082,\"z\":-78.119606},\"Rotation\":{\"x\":0.444371819,\"y\":-0.8730235,\"z\":0.09113554,\"w\":-0.179047123},\"LengthScale\":1.0},{\"ProfileID\":6,\"Position\":{\"x\":-1174.28687,\"y\":130.939987,\"z\":-78.02224},\"Rotation\":{\"x\":-0.09113554,\"y\":-0.179047123,\"z\":0.444371819,\"w\":0.8730235},\"LengthScale\":1.0},{\"ProfileID\":6,\"Position\":{\"x\":-1174.05957,\"y\":131.279892,\"z\":-77.92487},\"Rotation\":{\"x\":0.444371819,\"y\":-0.8730235,\"z\":0.09113554,\"w\":-0.179047123},\"LengthScale\":1.0}],\"Storages\":[]},{\"TypeID\":5,\"Position\":{\"x\":-1175.397,\"y\":130.497009,\"z\":-76.03899},\"Rotation\":{\"x\":0.444371819,\"y\":-0.8730235,\"z\":0.09113554,\"w\":-0.179047123},\"LinkedStructures\":[{\"TypeID\":3,\"InstanceID\":15},{\"TypeID\":3,\"InstanceID\":17},null],\"Elements\":[{\"ProfileID\":6,\"Position\":{\"x\":-1176.08618,\"y\":129.580368,\"z\":-76.33412},\"Rotation\":{\"x\":-0.09113554,\"y\":-0.179047123,\"z\":0.444371819,\"w\":0.8730235},\"LengthScale\":1.0},{\"ProfileID\":6,\"Position\":{\"x\":-1175.85889,\"y\":129.920273,\"z\":-76.23676},\"Rotation\":{\"x\":0.444371819,\"y\":-0.8730235,\"z\":0.09113554,\"w\":-0.179047123},\"LengthScale\":1.0},{\"ProfileID\":6,\"Position\":{\"x\":-1175.63135,\"y\":130.260178,\"z\":-76.1394},\"Rotation\":{\"x\":-0.09113554,\"y\":-0.179047123,\"z\":0.444371819,\"w\":0.8730235},\"LengthScale\":1.0},{\"ProfileID\":6,\"Position\":{\"x\":-1175.404,\"y\":130.600082,\"z\":-76.04202},\"Rotation\":{\"x\":0.444371819,\"y\":-0.8730235,\"z\":0.09113554,\"w\":-0.179047123},\"LengthScale\":1.0},{\"ProfileID\":6,\"Position\":{\"x\":-1175.17664,\"y\":130.939987,\"z\":-75.94459},\"Rotation\":{\"x\":0.444371819,\"y\":-0.8730235,\"z\":0.09113554,\"w\":-0.179047123},\"LengthScale\":1.0},{\"ProfileID\":6,\"Position\":{\"x\":-1174.94922,\"y\":131.279892,\"z\":-75.8473053},\"Rotation\":{\"x\":0.444371819,\"y\":-0.8730235,\"z\":0.09113554,\"w\":-0.179047123},\"LengthScale\":1.0}],\"Storages\":[]}],null,[{\"TypeID\":7,\"Position\":{\"x\":-1174.341,\"y\":129.898148,\"z\":-76.8159943},\"Rotation\":{\"y\":-0.8347517,\"w\":0.5506266},\"LinkedStructures\":[{\"TypeID\":3,\"InstanceID\":16},{\"TypeID\":3,\"InstanceID\":17},{\"TypeID\":3,\"InstanceID\":20},{\"TypeID\":3,\"InstanceID\":21},null,{\"TypeID\":3,\"InstanceID\":11}],\"Elements\":[{\"ProfileID\":9,\"Position\":{\"x\":-1174.341,\"y\":129.898148,\"z\":-76.8159943},\"Rotation\":{\"y\":-0.8347517,\"w\":0.5506266},\"LengthScale\":1.0},{\"ProfileID\":8,\"Position\":{\"x\":-1174.341,\"y\":130.348145,\"z\":-76.8159943},\"Rotation\":{\"y\":-0.8347517,\"w\":0.5506266},\"LengthScale\":1.0},{\"ProfileID\":7,\"Position\":{\"x\":-1174.341,\"y\":130.798141,\"z\":-76.8159943},\"Rotation\":{\"y\":-0.8347517,\"w\":0.5506266},\"LengthScale\":1.0}],\"Storages\":[]},{\"TypeID\":7,\"Position\":{\"x\":-1173.45129,\"y\":129.898148,\"z\":-78.89356},\"Rotation\":{\"y\":-0.5506266,\"w\":-0.8347517},\"LinkedStructures\":[{\"TypeID\":3,\"InstanceID\":18},{\"TypeID\":3,\"InstanceID\":19},{\"TypeID\":3,\"InstanceID\":20},null,null,{\"TypeID\":3,\"InstanceID\":13}],\"Elements\":[{\"ProfileID\":9,\"Position\":{\"x\":-1173.45129,\"y\":129.898148,\"z\":-78.89356},\"Rotation\":{\"y\":-0.5506266,\"w\":-0.8347517},\"LengthScale\":1.0},{\"ProfileID\":8,\"Position\":{\"x\":-1173.45129,\"y\":130.348145,\"z\":-78.89356},\"Rotation\":{\"y\":-0.5506266,\"w\":-0.8347517},\"LengthScale\":1.0},{\"ProfileID\":7,\"Position\":{\"x\":-1173.45129,\"y\":130.798141,\"z\":-78.89356},\"Rotation\":{\"y\":-0.5506266,\"w\":-0.8347517},\"LengthScale\":1.0}],\"Storages\":[]},{\"TypeID\":7,\"Position\":{\"x\":-1175.23047,\"y\":129.898148,\"z\":-74.73849},\"Rotation\":{\"y\":-0.8347517,\"w\":0.5506266},\"LinkedStructures\":[{\"TypeID\":3,\"InstanceID\":14},{\"TypeID\":3,\"InstanceID\":15},{\"TypeID\":3,\"InstanceID\":21},null,null,{\"TypeID\":3,\"InstanceID\":7}],\"Elements\":[{\"ProfileID\":9,\"Position\":{\"x\":-1175.23047,\"y\":129.898148,\"z\":-74.73849},\"Rotation\":{\"y\":-0.8347517,\"w\":0.5506266},\"LengthScale\":1.0},{\"ProfileID\":8,\"Position\":{\"x\":-1175.23047,\"y\":130.348145,\"z\":-74.73849},\"Rotation\":{\"y\":-0.8347517,\"w\":0.5506266},\"LengthScale\":1.0},{\"ProfileID\":7,\"Position\":{\"x\":-1175.23047,\"y\":130.798141,\"z\":-74.73849},\"Rotation\":{\"y\":-0.8347517,\"w\":0.5506266},\"LengthScale\":1.0}],\"Storages\":[]}],[{\"TypeID\":8,\"Position\":{\"x\":-1172.8573,\"y\":127.198151,\"z\":-77.41},\"Rotation\":{\"y\":0.200906783,\"w\":-0.979610443},\"LinkedStructures\":[null,null,null,null,null,null,null,null,{\"TypeID\":8,\"InstanceID\":1},{\"TypeID\":8,\"InstanceID\":2},null,null,null,null,{\"TypeID\":3,\"InstanceID\":8},{\"TypeID\":3,\"InstanceID\":1},null,null],\"Elements\":[{\"ProfileID\":5,\"Position\":{\"x\":-1172.8573,\"y\":127.198151,\"z\":-77.41},\"Rotation\":{\"y\":0.200906783,\"w\":-0.979610443},\"LengthScale\":1.0},{\"ProfileID\":5,\"Position\":{\"x\":-1172.8573,\"y\":127.648148,\"z\":-77.41},\"Rotation\":{\"x\":-0.1144969,\"y\":0.165087849,\"z\":0.5582806,\"w\":-0.8049593},\"LengthScale\":1.0},{\"ProfileID\":5,\"Position\":{\"x\":-1172.8573,\"y\":128.098145,\"z\":-77.41},\"Rotation\":{\"x\":-0.174598843,\"y\":-0.100053377,\"z\":0.8298885,\"w\":0.5203747},\"LengthScale\":1.0},{\"ProfileID\":5,\"Position\":{\"x\":-1172.8573,\"y\":128.548157,\"z\":-77.41},\"Rotation\":{\"y\":0.200906783,\"w\":-0.979610443},\"LengthScale\":1.0},{\"ProfileID\":5,\"Position\":{\"x\":-1172.8573,\"y\":128.998154,\"z\":-77.41},\"Rotation\":{\"y\":0.200906783,\"w\":-0.979610443},\"LengthScale\":1.0}],\"Storages\":[]},{\"TypeID\":8,\"Position\":{\"x\":-1173.747,\"y\":127.198151,\"z\":-75.3324356},\"Rotation\":{\"y\":0.200906783,\"w\":-0.979610443},\"LinkedStructures\":[null,null,null,null,{\"TypeID\":16},{\"TypeID\":16},{\"TypeID\":8,\"InstanceID\":3},null,null,null,null,{\"TypeID\":8},null,null,{\"TypeID\":3,\"InstanceID\":12},{\"TypeID\":3,\"InstanceID\":2},null,null],\"Elements\":[{\"ProfileID\":4,\"Position\":{\"x\":-1173.747,\"y\":127.198151,\"z\":-75.3324356},\"Rotation\":{\"y\":0.200906783,\"w\":-0.979610443},\"LengthScale\":1.0},{\"ProfileID\":4,\"Position\":{\"x\":-1173.747,\"y\":127.648148,\"z\":-75.3324356},\"Rotation\":{\"y\":0.200906783,\"w\":-0.979610443},\"LengthScale\":1.0},{\"ProfileID\":4,\"Position\":{\"x\":-1173.747,\"y\":128.098145,\"z\":-75.3324356},\"Rotation\":{\"y\":0.200906783,\"w\":-0.979610443},\"LengthScale\":1.0},{\"ProfileID\":4,\"Position\":{\"x\":-1173.747,\"y\":128.548157,\"z\":-75.3324356},\"Rotation\":{\"y\":0.200906783,\"w\":-0.979610443},\"LengthScale\":1.0},{\"ProfileID\":4,\"Position\":{\"x\":-1173.747,\"y\":128.998154,\"z\":-75.3324356},\"Rotation\":{\"y\":0.200906783,\"w\":-0.979610443},\"LengthScale\":1.0}],\"Storages\":[]},{\"TypeID\":8,\"Position\":{\"x\":-1173.45129,\"y\":127.198151,\"z\":-78.89356},\"Rotation\":{\"y\":-0.5506266,\"w\":-0.8347517},\"LinkedStructures\":[null,null,null,null,null,null,{\"TypeID\":8},null,null,{\"TypeID\":8,\"InstanceID\":4},null,null,null,null,{\"TypeID\":3,\"InstanceID\":13},{\"TypeID\":3,\"InstanceID\":3},null,null],\"Elements\":[{\"ProfileID\":5,\"Position\":{\"x\":-1173.45129,\"y\":127.198151,\"z\":-78.89356},\"Rotation\":{\"y\":-0.5506266,\"w\":-0.8347517},\"LengthScale\":1.0},{\"ProfileID\":5,\"Position\":{\"x\":-1173.45129,\"y\":127.648148,\"z\":-78.89356},\"Rotation\":{\"x\":0.313802421,\"y\":-0.4524574,\"z\":0.475725532,\"w\":-0.6859269},\"LengthScale\":1.0},{\"ProfileID\":5,\"Position\":{\"x\":-1173.45129,\"y\":128.098145,\"z\":-78.89356},\"Rotation\":{\"x\":0.4633597,\"y\":0.297212064,\"z\":0.7102798,\"w\":0.438708931},\"LengthScale\":1.0},{\"ProfileID\":5,\"Position\":{\"x\":-1173.45129,\"y\":128.548157,\"z\":-78.89356},\"Rotation\":{\"y\":-0.5506266,\"w\":-0.8347517},\"LengthScale\":1.0},{\"ProfileID\":5,\"Position\":{\"x\":-1173.45129,\"y\":128.998154,\"z\":-78.89356},\"Rotation\":{\"y\":-0.5506266,\"w\":-0.8347517},\"LengthScale\":1.0}],\"Storages\":[]},{\"TypeID\":8,\"Position\":{\"x\":-1175.23047,\"y\":127.198151,\"z\":-74.73849},\"Rotation\":{\"y\":-0.8347517,\"w\":0.5506266},\"LinkedStructures\":[null,null,null,null,null,null,{\"TypeID\":8,\"InstanceID\":5},null,null,{\"TypeID\":8,\"InstanceID\":1},null,null,null,null,{\"TypeID\":3,\"InstanceID\":7},{\"TypeID\":4,\"InstanceID\":1},null,null],\"Elements\":[{\"ProfileID\":5,\"Position\":{\"x\":-1175.23047,\"y\":127.198151,\"z\":-74.73849},\"Rotation\":{\"y\":-0.8347517,\"w\":0.5506266},\"LengthScale\":1.0},{\"ProfileID\":5,\"Position\":{\"x\":-1175.23047,\"y\":127.648148,\"z\":-74.73849},\"Rotation\":{\"x\":0.475725532,\"y\":-0.6859269,\"z\":-0.313802421,\"w\":0.4524574},\"LengthScale\":1.0},{\"ProfileID\":5,\"Position\":{\"x\":-1175.23047,\"y\":128.098145,\"z\":-74.73849},\"Rotation\":{\"x\":0.7102798,\"y\":0.438708931,\"z\":-0.4633597,\"w\":-0.297212064},\"LengthScale\":1.0},{\"ProfileID\":5,\"Position\":{\"x\":-1175.23047,\"y\":128.548157,\"z\":-74.73849},\"Rotation\":{\"y\":-0.8347517,\"w\":0.5506266},\"LengthScale\":1.0},{\"ProfileID\":5,\"Position\":{\"x\":-1175.23047,\"y\":128.998154,\"z\":-74.73849},\"Rotation\":{\"y\":-0.8347517,\"w\":0.5506266},\"LengthScale\":1.0}],\"Storages\":[]},{\"TypeID\":8,\"Position\":{\"x\":-1174.93481,\"y\":127.198151,\"z\":-78.29963},\"Rotation\":{\"y\":-0.9796103,\"w\":-0.200906932},\"LinkedStructures\":[null,null,null,null,null,null,{\"TypeID\":8,\"InstanceID\":2},null,null,null,null,{\"TypeID\":8,\"InstanceID\":5},null,null,{\"TypeID\":3,\"InstanceID\":9},{\"TypeID\":3,\"InstanceID\":5},null,null],\"Elements\":[{\"ProfileID\":5,\"Position\":{\"x\":-1174.93481,\"y\":127.198151,\"z\":-78.29963},\"Rotation\":{\"y\":-0.9796103,\"w\":-0.200906932},\"LengthScale\":1.0},{\"ProfileID\":5,\"Position\":{\"x\":-1174.93481,\"y\":127.648148,\"z\":-78.29963},\"Rotation\":{\"x\":0.5582804,\"y\":-0.804959238,\"z\":0.114496969,\"w\":-0.165087983},\"LengthScale\":1.0},{\"ProfileID\":5,\"Position\":{\"x\":-1174.93481,\"y\":128.098145,\"z\":-78.29963},\"Rotation\":{\"x\":0.8298884,\"y\":0.5203746,\"z\":0.174599,\"w\":0.100053459},\"LengthScale\":1.0},{\"ProfileID\":5,\"Position\":{\"x\":-1174.93481,\"y\":128.548157,\"z\":-78.29963},\"Rotation\":{\"y\":-0.9796103,\"w\":-0.200906932},\"LengthScale\":1.0},{\"ProfileID\":5,\"Position\":{\"x\":-1174.93481,\"y\":128.998154,\"z\":-78.29963},\"Rotation\":{\"y\":-0.9796103,\"w\":-0.200906932},\"LengthScale\":1.0}],\"Storages\":[]},{\"TypeID\":8,\"Position\":{\"x\":-1175.82446,\"y\":127.198151,\"z\":-76.22205},\"Rotation\":{\"y\":-0.979610443,\"w\":-0.200906783},\"LinkedStructures\":[null,null,null,null,null,null,null,null,{\"TypeID\":8,\"InstanceID\":4},{\"TypeID\":8,\"InstanceID\":3},null,null,null,null,{\"TypeID\":3,\"InstanceID\":10},{\"TypeID\":3,\"InstanceID\":6},null,null],\"Elements\":[{\"ProfileID\":5,\"Position\":{\"x\":-1175.82446,\"y\":127.198151,\"z\":-76.22205},\"Rotation\":{\"y\":-0.979610443,\"w\":-0.200906783},\"LengthScale\":1.0},{\"ProfileID\":5,\"Position\":{\"x\":-1175.82446,\"y\":127.648148,\"z\":-76.22205},\"Rotation\":{\"x\":0.5582806,\"y\":-0.8049593,\"z\":0.1144969,\"w\":-0.165087849},\"LengthScale\":1.0},{\"ProfileID\":5,\"Position\":{\"x\":-1175.82446,\"y\":128.098145,\"z\":-76.22205},\"Rotation\":{\"x\":0.8298885,\"y\":0.5203747,\"z\":0.174598843,\"w\":0.100053377},\"LengthScale\":1.0},{\"ProfileID\":5,\"Position\":{\"x\":-1175.82446,\"y\":128.548157,\"z\":-76.22205},\"Rotation\":{\"y\":-0.979610443,\"w\":-0.200906783},\"LengthScale\":1.0},{\"ProfileID\":5,\"Position\":{\"x\":-1175.82446,\"y\":128.998154,\"z\":-76.22205},\"Rotation\":{\"y\":-0.979610443,\"w\":-0.200906783},\"LengthScale\":1.0}],\"Storages\":[]}],[{\"TypeID\":9,\"Position\":{\"x\":-1166.99329,\"y\":127.863152,\"z\":-77.53521},\"Rotation\":{\"y\":0.314800739,\"w\":0.9491578},\"LinkedStructures\":[null,null,null,null,null,null],\"Elements\":[{\"ProfileID\":13,\"Position\":{\"x\":-1167.79846,\"y\":127.863152,\"z\":-77.93739},\"Rotation\":{\"x\":-0.7071068,\"w\":0.7071068},\"LengthScale\":1.0},{\"ProfileID\":13,\"Position\":{\"x\":-1167.39587,\"y\":127.863152,\"z\":-77.7363052},\"Rotation\":{\"x\":-0.7071068,\"w\":0.7071068},\"LengthScale\":1.0},{\"ProfileID\":13,\"Position\":{\"x\":-1166.99329,\"y\":127.863152,\"z\":-77.53521},\"Rotation\":{\"x\":-0.7071068,\"w\":0.7071068},\"LengthScale\":1.0},{\"ProfileID\":13,\"Position\":{\"x\":-1166.72437,\"y\":127.855652,\"z\":-77.17439},\"Rotation\":{\"x\":0.7071068,\"w\":-0.7071068},\"LengthScale\":1.0}],\"Storages\":[]},{\"TypeID\":9,\"Position\":{\"x\":-1170.33008,\"y\":125.745247,\"z\":-67.38892},\"Rotation\":{\"y\":-0.593191564,\"w\":0.80506134},\"LinkedStructures\":[null,null,null,null,null,null],\"Elements\":[{\"ProfileID\":13,\"Position\":{\"x\":-1170.33008,\"y\":127.095245,\"z\":-67.38892},\"Rotation\":{\"x\":-0.4194498,\"y\":0.569264352,\"z\":0.569264352,\"w\":0.4194498},\"LengthScale\":1.0}],\"Storages\":[]},{\"TypeID\":9,\"Position\":{\"x\":-1162.65039,\"y\":127.855652,\"z\":-75.2166748},\"Rotation\":{\"y\":-0.137058958,\"w\":0.9905629},\"LinkedStructures\":[null,null,null,null,null,null],\"Elements\":[{\"ProfileID\":13,\"Position\":{\"x\":-1162.65039,\"y\":127.855652,\"z\":-75.2166748},\"Rotation\":{\"x\":0.376456261,\"y\":0.5985655,\"z\":0.5985655,\"w\":-0.376456261},\"LengthScale\":1.0},{\"ProfileID\":13,\"Position\":{\"x\":-1162.77258,\"y\":127.878006,\"z\":-74.78357},\"Rotation\":{\"x\":-0.7071069,\"y\":7.450581E-09,\"z\":7.450581E-09,\"w\":0.7071069},\"LengthScale\":1.0},{\"ProfileID\":13,\"Position\":{\"x\":-1162.99023,\"y\":127.867767,\"z\":-74.38971},\"Rotation\":{\"x\":-0.7071069,\"y\":7.450581E-09,\"z\":7.450581E-09,\"w\":0.7071069},\"LengthScale\":1.0},{\"ProfileID\":13,\"Position\":{\"x\":-1163.20789,\"y\":127.863152,\"z\":-73.99585},\"Rotation\":{\"x\":-0.7071069,\"y\":7.450581E-09,\"z\":7.450581E-09,\"w\":0.7071069},\"LengthScale\":1.0},{\"ProfileID\":13,\"Position\":{\"x\":-1163.51111,\"y\":127.863152,\"z\":-73.66333},\"Rotation\":{\"x\":-0.7071069,\"y\":7.450581E-09,\"z\":7.450581E-09,\"w\":0.7071069},\"LengthScale\":1.0}],\"Storages\":[]},{\"TypeID\":9,\"Position\":{\"x\":-1163.62927,\"y\":127.848549,\"z\":-73.17966},\"Rotation\":{\"y\":-0.189676359,\"w\":0.9818467},\"LinkedStructures\":[null,null,null,null,null,null],\"Elements\":[{\"ProfileID\":13,\"Position\":{\"x\":-1163.62927,\"y\":127.848549,\"z\":-73.17966},\"Rotation\":{\"x\":-0.15705508,\"y\":0.6894445,\"z\":0.689444542,\"w\":0.15705505},\"LengthScale\":1.0},{\"ProfileID\":13,\"Position\":{\"x\":-1163.79688,\"y\":127.835182,\"z\":-72.7620544},\"Rotation\":{\"x\":-0.7071068,\"y\":1.49011612E-08,\"z\":1.49011612E-08,\"w\":0.7071068},\"LengthScale\":1.0},{\"ProfileID\":13,\"Position\":{\"x\":-1164.09827,\"y\":127.821907,\"z\":-72.4278946},\"Rotation\":{\"x\":-0.7071068,\"w\":0.7071068},\"LengthScale\":1.0},{\"ProfileID\":13,\"Position\":{\"x\":-1164.39966,\"y\":127.821136,\"z\":-72.0937347},\"Rotation\":{\"x\":-0.7071068,\"w\":0.7071068},\"LengthScale\":1.0},{\"ProfileID\":13,\"Position\":{\"x\":-1164.701,\"y\":127.820366,\"z\":-71.7595749},\"Rotation\":{\"x\":-0.7071068,\"w\":0.7071068},\"LengthScale\":1.0}],\"Storages\":[]},{\"TypeID\":9,\"Position\":{\"x\":-1172.06873,\"y\":127.161613,\"z\":-66.98248},\"Rotation\":{\"y\":0.7124633,\"w\":0.7017094},\"LinkedStructures\":[null,null,null,null,null,null],\"Elements\":[{\"ProfileID\":13,\"Position\":{\"x\":-1172.442,\"y\":127.173096,\"z\":-67.23378},\"Rotation\":{\"x\":-0.7071068,\"w\":0.7071068},\"LengthScale\":1.0},{\"ProfileID\":13,\"Position\":{\"x\":-1172.06873,\"y\":127.161613,\"z\":-66.98248},\"Rotation\":{\"x\":-0.7071068,\"w\":0.7071068},\"LengthScale\":1.0},{\"ProfileID\":13,\"Position\":{\"x\":-1171.61877,\"y\":127.1488,\"z\":-66.98933},\"Rotation\":{\"x\":0.7071068,\"w\":-0.7071068},\"LengthScale\":1.0},{\"ProfileID\":13,\"Position\":{\"x\":-1171.189,\"y\":127.101067,\"z\":-67.12258},\"Rotation\":{\"x\":-0.7071068,\"w\":0.7071068},\"LengthScale\":1.0},{\"ProfileID\":13,\"Position\":{\"x\":-1170.75916,\"y\":127.088158,\"z\":-67.25584},\"Rotation\":{\"x\":-0.7071068,\"w\":0.7071068},\"LengthScale\":1.0}],\"Storages\":[]},{\"TypeID\":9,\"Position\":{\"x\":-1163.5166,\"y\":127.863152,\"z\":-75.4610443},\"Rotation\":{\"y\":0.6035249,\"w\":0.797344148},\"LinkedStructures\":[null,null,null,null,null,null],\"Elements\":[{\"ProfileID\":13,\"Position\":{\"x\":-1164.34241,\"y\":127.863152,\"z\":-75.80305},\"Rotation\":{\"x\":-0.7071068,\"w\":0.7071068},\"LengthScale\":1.0},{\"ProfileID\":13,\"Position\":{\"x\":-1163.94971,\"y\":127.863152,\"z\":-75.58323},\"Rotation\":{\"x\":-0.7071068,\"w\":0.7071068},\"LengthScale\":1.0},{\"ProfileID\":13,\"Position\":{\"x\":-1163.5166,\"y\":127.863152,\"z\":-75.4610443},\"Rotation\":{\"x\":-0.7071068,\"w\":0.7071068},\"LengthScale\":1.0},{\"ProfileID\":13,\"Position\":{\"x\":-1163.0835,\"y\":127.863152,\"z\":-75.33886},\"Rotation\":{\"x\":0.4267566,\"y\":0.5638074,\"z\":0.5638075,\"w\":-0.4267566},\"LengthScale\":1.0}],\"Storages\":[]},{\"TypeID\":9,\"Position\":{\"x\":-1165.30286,\"y\":127.814186,\"z\":-71.0903854},\"Rotation\":{\"y\":0.933948934,\"w\":0.3574065},\"LinkedStructures\":[null,null,null,null,null,null],\"Elements\":[{\"ProfileID\":13,\"Position\":{\"x\":-1166.2041,\"y\":127.736435,\"z\":-70.08533},\"Rotation\":{\"x\":-0.7071068,\"y\":5.96046448E-08,\"z\":5.96046448E-08,\"w\":0.7071068},\"LengthScale\":1.0},{\"ProfileID\":13,\"Position\":{\"x\":-1165.90369,\"y\":127.7791,\"z\":-70.42036},\"Rotation\":{\"x\":-0.7071068,\"y\":5.96046448E-08,\"z\":5.96046448E-08,\"w\":0.7071068},\"LengthScale\":1.0},{\"ProfileID\":13,\"Position\":{\"x\":-1165.60327,\"y\":127.802742,\"z\":-70.75538},\"Rotation\":{\"x\":-0.7071068,\"y\":5.96046448E-08,\"z\":5.96046448E-08,\"w\":0.7071068},\"LengthScale\":1.0},{\"ProfileID\":13,\"Position\":{\"x\":-1165.30286,\"y\":127.814186,\"z\":-71.0903854},\"Rotation\":{\"x\":-0.7071068,\"y\":5.96046448E-08,\"z\":5.96046448E-08,\"w\":0.7071068},\"LengthScale\":1.0},{\"ProfileID\":13,\"Position\":{\"x\":-1165.00244,\"y\":127.819595,\"z\":-71.425415},\"Rotation\":{\"x\":-0.6600337,\"y\":-0.253683865,\"z\":-0.253683865,\"w\":0.6600337},\"LengthScale\":1.0}],\"Storages\":[]},{\"TypeID\":9,\"Position\":{\"x\":-1169.1875,\"y\":127.863152,\"z\":-78.29791},\"Rotation\":{\"y\":0.5824748,\"w\":0.812848747},\"LinkedStructures\":[null,null,null,null,null,null],\"Elements\":[{\"ProfileID\":13,\"Position\":{\"x\":-1170.20081,\"y\":127.863152,\"z\":-79.18996},\"Rotation\":{\"x\":-0.7071068,\"y\":5.96046448E-08,\"z\":5.96046448E-08,\"w\":0.7071068},\"LengthScale\":1.0},{\"ProfileID\":13,\"Position\":{\"x\":-1169.863,\"y\":127.863152,\"z\":-78.89261},\"Rotation\":{\"x\":-0.7071068,\"y\":5.96046448E-08,\"z\":5.96046448E-08,\"w\":0.7071068},\"LengthScale\":1.0},{\"ProfileID\":13,\"Position\":{\"x\":-1169.52527,\"y\":127.863152,\"z\":-78.59526},\"Rotation\":{\"x\":-0.7071068,\"y\":5.96046448E-08,\"z\":5.96046448E-08,\"w\":0.7071068},\"LengthScale\":1.0},{\"ProfileID\":13,\"Position\":{\"x\":-1169.1875,\"y\":127.863152,\"z\":-78.29791},\"Rotation\":{\"x\":-0.7071068,\"y\":2.98023224E-08,\"z\":2.98023224E-08,\"w\":0.7071068},\"LengthScale\":1.0},{\"ProfileID\":13,\"Position\":{\"x\":-1168.76135,\"y\":127.855652,\"z\":-78.15325},\"Rotation\":{\"x\":0.376456141,\"y\":0.598565638,\"z\":0.5985656,\"w\":-0.3764562},\"LengthScale\":1.0}],\"Storages\":[]},{\"TypeID\":9,\"Position\":{\"x\":-1173.19116,\"y\":127.863152,\"z\":-80.38643},\"Rotation\":{\"y\":0.440376371,\"w\":0.897813261},\"LinkedStructures\":[null,null,null,null,null,null],\"Elements\":[{\"ProfileID\":13,\"Position\":{\"x\":-1174.03076,\"y\":127.863152,\"z\":-80.71057},\"Rotation\":{\"x\":-0.7071069,\"w\":0.7071069},\"LengthScale\":1.0},{\"ProfileID\":13,\"Position\":{\"x\":-1173.611,\"y\":127.863152,\"z\":-80.5485},\"Rotation\":{\"x\":-0.7071069,\"w\":0.7071069},\"LengthScale\":1.0},{\"ProfileID\":13,\"Position\":{\"x\":-1173.19116,\"y\":127.863152,\"z\":-80.38643},\"Rotation\":{\"x\":-0.7071068,\"y\":2.98023224E-08,\"z\":2.98023224E-08,\"w\":0.7071068},\"LengthScale\":1.0},{\"ProfileID\":13,\"Position\":{\"x\":-1172.83533,\"y\":127.855652,\"z\":-80.11097},\"Rotation\":{\"x\":0.3764561,\"y\":0.5985656,\"z\":0.5985656,\"w\":-0.376456231},\"LengthScale\":1.0},{\"ProfileID\":13,\"Position\":{\"x\":-1172.38989,\"y\":127.863152,\"z\":-80.05411},\"Rotation\":{\"x\":-0.7071069,\"w\":0.7071069},\"LengthScale\":1.0}],\"Storages\":[]},{\"TypeID\":9,\"Position\":{\"x\":-1170.915,\"y\":127.863152,\"z\":-79.59336},\"Rotation\":{\"y\":0.6745168,\"w\":0.7382595},\"LinkedStructures\":[null,null,null,null,null,null],\"Elements\":[{\"ProfileID\":13,\"Position\":{\"x\":-1172.06506,\"y\":127.863152,\"z\":-79.7296},\"Rotation\":{\"x\":-0.7071068,\"w\":0.7071068},\"LengthScale\":1.0},{\"ProfileID\":13,\"Position\":{\"x\":-1171.71289,\"y\":127.863152,\"z\":-80.00967},\"Rotation\":{\"x\":-0.7071068,\"w\":0.7071068},\"LengthScale\":1.0},{\"ProfileID\":13,\"Position\":{\"x\":-1171.314,\"y\":127.863152,\"z\":-79.801506},\"Rotation\":{\"x\":-0.7071068,\"w\":0.7071068},\"LengthScale\":1.0},{\"ProfileID\":13,\"Position\":{\"x\":-1170.915,\"y\":127.863152,\"z\":-79.59336},\"Rotation\":{\"x\":-0.7071068,\"w\":0.7071068},\"LengthScale\":1.0},{\"ProfileID\":13,\"Position\":{\"x\":-1170.46692,\"y\":127.863152,\"z\":-79.55284},\"Rotation\":{\"x\":0.219995931,\"y\":0.6720132,\"z\":0.6720132,\"w\":-0.219995931},\"LengthScale\":1.0}],\"Storages\":[]},{\"TypeID\":9,\"Position\":{\"x\":-1174.42627,\"y\":127.863152,\"z\":-81.02986},\"Rotation\":{\"y\":-0.752742648,\"w\":0.6583149},\"LinkedStructures\":[null,null,null,null,null,null],\"Elements\":[{\"ProfileID\":13,\"Position\":{\"x\":-1174.42627,\"y\":127.863152,\"z\":-81.02986},\"Rotation\":{\"x\":-0.7071068,\"y\":2.98023224E-08,\"z\":2.98023224E-08,\"w\":0.7071068},\"LengthScale\":1.0},{\"ProfileID\":13,\"Position\":{\"x\":-1174.87231,\"y\":127.863152,\"z\":-81.08983},\"Rotation\":{\"x\":0.5985655,\"y\":-0.376456231,\"z\":-0.376456171,\"w\":-0.598565638},\"LengthScale\":1.0},{\"ProfileID\":13,\"Position\":{\"x\":-1175.18616,\"y\":127.863152,\"z\":-81.412384},\"Rotation\":{\"x\":-0.7071068,\"w\":0.7071068},\"LengthScale\":1.0},{\"ProfileID\":13,\"Position\":{\"x\":-1175.591,\"y\":127.863152,\"z\":-81.60894},\"Rotation\":{\"x\":-0.7071068,\"w\":0.7071068},\"LengthScale\":1.0},{\"ProfileID\":13,\"Position\":{\"x\":-1175.99561,\"y\":127.863152,\"z\":-81.80664},\"Rotation\":{\"x\":-0.7071068,\"w\":0.7071068},\"LengthScale\":1.0}],\"Storages\":[]},{\"TypeID\":9,\"Position\":{\"x\":-1176.48523,\"y\":127.863152,\"z\":-81.91829},\"Rotation\":{\"y\":-0.8167692,\"w\":0.576964557},\"LinkedStructures\":[null,null,null,null,null,null],\"Elements\":[{\"ProfileID\":13,\"Position\":{\"x\":-1176.48523,\"y\":127.863152,\"z\":-81.91829},\"Rotation\":{\"x\":-0.7071068,\"y\":2.98023224E-08,\"z\":2.98023224E-08,\"w\":0.7071068},\"LengthScale\":1.0},{\"ProfileID\":13,\"Position\":{\"x\":-1176.9093,\"y\":127.855652,\"z\":-82.06867},\"Rotation\":{\"x\":-0.598564148,\"y\":0.376458555,\"z\":0.376458526,\"w\":0.5985641},\"LengthScale\":1.0},{\"ProfileID\":13,\"Position\":{\"x\":-1177.14148,\"y\":127.863152,\"z\":-81.6832047},\"Rotation\":{\"x\":-0.7071068,\"w\":0.7071068},\"LengthScale\":1.0},{\"ProfileID\":13,\"Position\":{\"x\":-1177.37366,\"y\":127.863152,\"z\":-81.29773},\"Rotation\":{\"x\":-0.7071068,\"w\":0.7071068},\"LengthScale\":1.0},{\"ProfileID\":13,\"Position\":{\"x\":-1177.60559,\"y\":127.863152,\"z\":-80.91269},\"Rotation\":{\"x\":-0.7071068,\"w\":0.7071068},\"LengthScale\":1.0}],\"Storages\":[]},{\"TypeID\":9,\"Position\":{\"x\":-1177.82678,\"y\":127.863152,\"z\":-80.47743},\"Rotation\":{\"y\":-0.0683847,\"w\":0.997659},\"LinkedStructures\":[null,null,null,null,null,null],\"Elements\":[{\"ProfileID\":13,\"Position\":{\"x\":-1177.82678,\"y\":127.863152,\"z\":-80.47743},\"Rotation\":{\"x\":-0.707106769,\"y\":7.450581E-09,\"z\":7.450581E-09,\"w\":0.707106769},\"LengthScale\":1.0},{\"ProfileID\":13,\"Position\":{\"x\":-1177.88818,\"y\":127.855652,\"z\":-80.03165},\"Rotation\":{\"x\":-0.157052353,\"y\":0.689445138,\"z\":0.689445138,\"w\":0.157052353},\"LengthScale\":1.0},{\"ProfileID\":13,\"Position\":{\"x\":-1177.94946,\"y\":127.863152,\"z\":-79.58685},\"Rotation\":{\"x\":-0.707106769,\"y\":7.450581E-09,\"z\":7.450581E-09,\"w\":0.707106769},\"LengthScale\":1.0},{\"ProfileID\":13,\"Position\":{\"x\":-1178.161,\"y\":127.863152,\"z\":-79.1897},\"Rotation\":{\"x\":-0.707106769,\"y\":7.450581E-09,\"z\":7.450581E-09,\"w\":0.707106769},\"LengthScale\":1.0}],\"Storages\":[]},{\"TypeID\":9,\"Position\":{\"x\":-1178.58276,\"y\":127.863152,\"z\":-78.34348},\"Rotation\":{\"y\":-0.3352708,\"w\":0.9421218},\"LinkedStructures\":[null,null,null,null,null,null],\"Elements\":[{\"ProfileID\":13,\"Position\":{\"x\":-1178.43738,\"y\":127.863152,\"z\":-78.76935},\"Rotation\":{\"x\":-0.707106769,\"y\":-2.98023224E-08,\"z\":-2.98023224E-08,\"w\":0.707106769},\"LengthScale\":1.0},{\"ProfileID\":13,\"Position\":{\"x\":-1178.58276,\"y\":127.863152,\"z\":-78.34348},\"Rotation\":{\"x\":-0.707106769,\"y\":-4.47034836E-08,\"z\":-4.47034836E-08,\"w\":0.707106769},\"LengthScale\":1.0},{\"ProfileID\":13,\"Position\":{\"x\":-1178.86707,\"y\":127.855652,\"z\":-77.99462},\"Rotation\":{\"x\":-0.157052368,\"y\":0.689445138,\"z\":0.6894452,\"w\":0.157052368},\"LengthScale\":1.0},{\"ProfileID\":13,\"Position\":{\"x\":-1179.15137,\"y\":127.863152,\"z\":-77.64579},\"Rotation\":{\"x\":-0.707106769,\"y\":-2.98023224E-08,\"z\":-2.98023224E-08,\"w\":0.707106769},\"LengthScale\":1.0},{\"ProfileID\":13,\"Position\":{\"x\":-1179.33,\"y\":127.863152,\"z\":-77.2327652},\"Rotation\":{\"x\":-0.707106769,\"y\":-2.98023224E-08,\"z\":-2.98023224E-08,\"w\":0.707106769},\"LengthScale\":1.0}],\"Storages\":[]},{\"TypeID\":9,\"Position\":{\"x\":-1179.68555,\"y\":127.828377,\"z\":-76.4071655},\"Rotation\":{\"y\":0.9794035,\"w\":0.201913044},\"LinkedStructures\":[null,null,null,null,null,null],\"Elements\":[{\"ProfileID\":13,\"Position\":{\"x\":-1180.47156,\"y\":127.83567,\"z\":-75.32496},\"Rotation\":{\"x\":-0.7071068,\"w\":0.7071068},\"LengthScale\":1.0},{\"ProfileID\":13,\"Position\":{\"x\":-1180.28345,\"y\":127.831245,\"z\":-75.73446},\"Rotation\":{\"x\":-0.7071068,\"w\":0.7071068},\"LengthScale\":1.0},{\"ProfileID\":13,\"Position\":{\"x\":-1179.9845,\"y\":127.824211,\"z\":-76.07081},\"Rotation\":{\"x\":-0.7071068,\"w\":0.7071068},\"LengthScale\":1.0},{\"ProfileID\":13,\"Position\":{\"x\":-1179.68555,\"y\":127.828377,\"z\":-76.4071655},\"Rotation\":{\"x\":-0.7071068,\"w\":0.7071068},\"LengthScale\":1.0},{\"ProfileID\":13,\"Position\":{\"x\":-1179.50757,\"y\":127.8234,\"z\":-76.82047},\"Rotation\":{\"x\":-0.7071068,\"w\":0.7071068},\"LengthScale\":1.0}],\"Storages\":[]},{\"TypeID\":9,\"Position\":{\"x\":-1180.66016,\"y\":126.483635,\"z\":-74.91639},\"Rotation\":{\"y\":0.976712763,\"w\":0.2145512},\"LinkedStructures\":[null,null,null,null,null,null],\"Elements\":[{\"ProfileID\":13,\"Position\":{\"x\":-1180.66016,\"y\":127.833633,\"z\":-74.91639},\"Rotation\":{\"x\":-0.6906403,\"y\":-0.151710629,\"z\":-0.151710629,\"w\":0.6906403},\"LengthScale\":1.0}],\"Storages\":[]},{\"TypeID\":9,\"Position\":{\"x\":-1176.05835,\"y\":127.390182,\"z\":-69.2094345},\"Rotation\":{\"y\":0.456554383,\"w\":0.8896955},\"LinkedStructures\":[null,null,null,null,null,null],\"Elements\":[{\"ProfileID\":13,\"Position\":{\"x\":-1176.78955,\"y\":127.497063,\"z\":-69.73423},\"Rotation\":{\"x\":-0.707106769,\"w\":0.707106769},\"LengthScale\":1.0},{\"ProfileID\":13,\"Position\":{\"x\":-1176.424,\"y\":127.4352,\"z\":-69.47184},\"Rotation\":{\"x\":-0.707106769,\"w\":0.707106769},\"LengthScale\":1.0},{\"ProfileID\":13,\"Position\":{\"x\":-1176.05835,\"y\":127.390182,\"z\":-69.2094345},\"Rotation\":{\"x\":-0.707106769,\"w\":0.707106769},\"LengthScale\":1.0},{\"ProfileID\":13,\"Position\":{\"x\":-1175.69275,\"y\":127.271584,\"z\":-68.9470139},\"Rotation\":{\"x\":0.707106769,\"w\":-0.707106769},\"LengthScale\":1.0}],\"Storages\":[]},{\"TypeID\":9,\"Position\":{\"x\":-1180.19336,\"y\":127.662521,\"z\":-71.04766},\"Rotation\":{\"y\":0.5840707,\"w\":0.811702847},\"LinkedStructures\":[null,null,null,null,null,null],\"Elements\":[{\"ProfileID\":13,\"Position\":{\"x\":-1180.84851,\"y\":127.699974,\"z\":-71.57818},\"Rotation\":{\"x\":-0.7071069,\"w\":0.7071069},\"LengthScale\":1.0},{\"ProfileID\":13,\"Position\":{\"x\":-1180.62,\"y\":127.672615,\"z\":-71.19067},\"Rotation\":{\"x\":-0.7071069,\"w\":0.7071069},\"LengthScale\":1.0},{\"ProfileID\":13,\"Position\":{\"x\":-1180.19336,\"y\":127.662521,\"z\":-71.04766},\"Rotation\":{\"x\":-0.7071069,\"w\":0.7071069},\"LengthScale\":1.0},{\"ProfileID\":13,\"Position\":{\"x\":-1179.76672,\"y\":127.75029,\"z\":-70.9047},\"Rotation\":{\"x\":0.7071069,\"w\":-0.7071069},\"LengthScale\":1.0},{\"ProfileID\":13,\"Position\":{\"x\":-1179.34106,\"y\":127.634232,\"z\":-70.76199},\"Rotation\":{\"x\":-0.7071069,\"w\":0.7071069},\"LengthScale\":1.0}],\"Storages\":[]},{\"TypeID\":9,\"Position\":{\"x\":-1174.095,\"y\":127.289215,\"z\":-68.06602},\"Rotation\":{\"y\":0.625520051,\"w\":0.7802081},\"LinkedStructures\":[null,null,null,null,null,null],\"Elements\":[{\"ProfileID\":13,\"Position\":{\"x\":-1174.095,\"y\":127.289215,\"z\":-68.06602},\"Rotation\":{\"x\":-0.7071068,\"y\":-5.96046448E-08,\"z\":-5.96046448E-08,\"w\":0.7071068},\"LengthScale\":1.0},{\"ProfileID\":13,\"Position\":{\"x\":-1173.65576,\"y\":127.212059,\"z\":-67.96817},\"Rotation\":{\"x\":0.376458555,\"y\":0.5985641,\"z\":0.5985641,\"w\":-0.3764586},\"LengthScale\":1.0}],\"Storages\":[]},{\"TypeID\":9,\"Position\":{\"x\":-1181.48169,\"y\":127.743721,\"z\":-72.19793},\"Rotation\":{\"y\":-0.388219655,\"w\":0.9215669},\"LinkedStructures\":[null,null,null,null,null,null],\"Elements\":[{\"ProfileID\":13,\"Position\":{\"x\":-1181.48169,\"y\":127.743721,\"z\":-72.19793},\"Rotation\":{\"x\":-0.7071068,\"y\":-2.98023224E-08,\"z\":-2.98023224E-08,\"w\":0.7071068},\"LengthScale\":1.0},{\"ProfileID\":13,\"Position\":{\"x\":-1181.376,\"y\":127.711662,\"z\":-71.74377},\"Rotation\":{\"x\":-0.7071068,\"y\":-2.98023224E-08,\"z\":-2.98023224E-08,\"w\":0.7071068},\"LengthScale\":1.0},{\"ProfileID\":13,\"Position\":{\"x\":-1181.80371,\"y\":127.786774,\"z\":-71.8835449},\"Rotation\":{\"x\":-0.7071068,\"y\":-2.98023224E-08,\"z\":-2.98023224E-08,\"w\":0.7071068},\"LengthScale\":1.0},{\"ProfileID\":13,\"Position\":{\"x\":-1181.93652,\"y\":127.698166,\"z\":-71.45361},\"Rotation\":{\"x\":-0.7071068,\"y\":-2.98023224E-08,\"z\":-2.98023224E-08,\"w\":0.7071068},\"LengthScale\":1.0}],\"Storages\":[]},{\"TypeID\":9,\"Position\":{\"x\":-1166.80493,\"y\":127.629318,\"z\":-69.41525},\"Rotation\":{\"y\":0.933950961,\"w\":0.357401222},\"LinkedStructures\":[null,null,null,null,null,null],\"Elements\":[{\"ProfileID\":13,\"Position\":{\"x\":-1167.99536,\"y\":127.438843,\"z\":-68.77972},\"Rotation\":{\"x\":-0.7071068,\"w\":0.7071068},\"LengthScale\":1.0},{\"ProfileID\":13,\"Position\":{\"x\":-1167.59888,\"y\":127.50605,\"z\":-68.99148},\"Rotation\":{\"x\":-0.7071068,\"w\":0.7071068},\"LengthScale\":1.0},{\"ProfileID\":13,\"Position\":{\"x\":-1167.2019,\"y\":127.573341,\"z\":-69.20337},\"Rotation\":{\"x\":-0.7071068,\"w\":0.7071068},\"LengthScale\":1.0},{\"ProfileID\":13,\"Position\":{\"x\":-1166.80493,\"y\":127.629318,\"z\":-69.41525},\"Rotation\":{\"x\":-0.7071068,\"w\":0.7071068},\"LengthScale\":1.0},{\"ProfileID\":13,\"Position\":{\"x\":-1166.50452,\"y\":127.682877,\"z\":-69.75029},\"Rotation\":{\"x\":-0.6604031,\"y\":-0.252720863,\"z\":-0.252720863,\"w\":0.6604031},\"LengthScale\":1.0}],\"Storages\":[]},{\"TypeID\":9,\"Position\":{\"x\":-1178.09045,\"y\":127.564774,\"z\":-70.1949539},\"Rotation\":{\"y\":0.448359549,\"w\":0.8938533},\"LinkedStructures\":[null,null,null,null,null,null],\"Elements\":[{\"ProfileID\":13,\"Position\":{\"x\":-1178.8136,\"y\":127.627319,\"z\":-70.73195},\"Rotation\":{\"x\":-0.7071068,\"y\":2.98023224E-08,\"z\":2.98023224E-08,\"w\":0.7071068},\"LengthScale\":1.0},{\"ProfileID\":13,\"Position\":{\"x\":-1178.45117,\"y\":127.596008,\"z\":-70.46403},\"Rotation\":{\"x\":-0.7071068,\"y\":2.98023224E-08,\"z\":2.98023224E-08,\"w\":0.7071068},\"LengthScale\":1.0},{\"ProfileID\":13,\"Position\":{\"x\":-1178.09045,\"y\":127.564774,\"z\":-70.1949539},\"Rotation\":{\"x\":-0.7071068,\"y\":2.98023224E-08,\"z\":2.98023224E-08,\"w\":0.7071068},\"LengthScale\":1.0},{\"ProfileID\":13,\"Position\":{\"x\":-1177.72974,\"y\":127.692757,\"z\":-69.92586},\"Rotation\":{\"x\":0.7071068,\"y\":-2.98023224E-08,\"z\":-2.98023224E-08,\"w\":-0.7071068},\"LengthScale\":1.0}],\"Storages\":[]},{\"TypeID\":9,\"Position\":{\"x\":-1174.94434,\"y\":127.344147,\"z\":-68.37402},\"Rotation\":{\"y\":0.908792,\"w\":-0.4172495},\"LinkedStructures\":[null,null,null,null,null,null],\"Elements\":[{\"ProfileID\":13,\"Position\":{\"x\":-1174.4978,\"y\":127.309341,\"z\":-68.31798},\"Rotation\":{\"x\":-0.7071068,\"w\":0.7071068},\"LengthScale\":1.0},{\"ProfileID\":13,\"Position\":{\"x\":-1174.94434,\"y\":127.344147,\"z\":-68.37402},\"Rotation\":{\"x\":-0.7071068,\"y\":2.98023224E-08,\"z\":2.98023224E-08,\"w\":0.7071068},\"LengthScale\":1.0},{\"ProfileID\":13,\"Position\":{\"x\":-1175.28564,\"y\":127.278313,\"z\":-68.667366},\"Rotation\":{\"x\":-0.595110238,\"y\":0.381895185,\"z\":0.381895155,\"w\":0.5951102},\"LengthScale\":1.0}],\"Storages\":[]},{\"TypeID\":9,\"Position\":{\"x\":-1168.78918,\"y\":127.303795,\"z\":-68.35547},\"Rotation\":{\"y\":0.8577896,\"w\":0.514001},\"LinkedStructures\":[null,null,null,null,null,null],\"Elements\":[{\"ProfileID\":13,\"Position\":{\"x\":-1170.0166,\"y\":127.114624,\"z\":-67.81109},\"Rotation\":{\"x\":-0.7071068,\"y\":2.98023224E-08,\"z\":2.98023224E-08,\"w\":0.7071068},\"LengthScale\":1.0},{\"ProfileID\":13,\"Position\":{\"x\":-1169.58289,\"y\":127.163078,\"z\":-67.93106},\"Rotation\":{\"x\":-0.7071068,\"y\":2.98023224E-08,\"z\":2.98023224E-08,\"w\":0.7071068},\"LengthScale\":1.0},{\"ProfileID\":13,\"Position\":{\"x\":-1169.186,\"y\":127.235748,\"z\":-68.14326},\"Rotation\":{\"x\":-0.7071068,\"y\":2.98023224E-08,\"z\":2.98023224E-08,\"w\":0.7071068},\"LengthScale\":1.0},{\"ProfileID\":13,\"Position\":{\"x\":-1168.78918,\"y\":127.303795,\"z\":-68.35547},\"Rotation\":{\"x\":-0.7071068,\"y\":2.98023224E-08,\"z\":2.98023224E-08,\"w\":0.7071068},\"LengthScale\":1.0},{\"ProfileID\":13,\"Position\":{\"x\":-1168.39233,\"y\":127.371536,\"z\":-68.56771},\"Rotation\":{\"x\":-0.7071068,\"y\":2.98023224E-08,\"z\":2.98023224E-08,\"w\":0.7071068},\"LengthScale\":1.0}],\"Storages\":[]},{\"TypeID\":9,\"Position\":{\"x\":-1168.27612,\"y\":126.513153,\"z\":-78.06543},\"Rotation\":{\"x\":6.860075E-11,\"y\":0.991781831,\"z\":-5.31785949E-10,\"w\":0.127940521},\"LinkedStructures\":[null,null,null,null,null,null],\"Elements\":[{\"ProfileID\":13,\"Position\":{\"x\":-1168.27612,\"y\":127.863152,\"z\":-78.06543},\"Rotation\":{\"x\":-0.701295733,\"y\":-0.0904676244,\"z\":-0.0904676244,\"w\":0.701295733},\"LengthScale\":1.0}],\"Storages\":[]},{\"TypeID\":9,\"Position\":{\"x\":-1173.23108,\"y\":125.86718,\"z\":-67.72579},\"Rotation\":{\"y\":-0.841610849,\"w\":0.540084541},\"LinkedStructures\":[null,null,null,null,null,null],\"Elements\":[{\"ProfileID\":13,\"Position\":{\"x\":-1173.23108,\"y\":127.217178,\"z\":-67.72579},\"Rotation\":{\"x\":-0.5951088,\"y\":0.381897479,\"z\":0.381897479,\"w\":0.5951088},\"LengthScale\":1.0}],\"Storages\":[]},{\"TypeID\":9,\"Position\":{\"x\":-1172.81531,\"y\":125.836792,\"z\":-67.48508},\"Rotation\":{\"y\":0.469870836,\"w\":0.8827352},\"LinkedStructures\":[null,null,null,null,null,null],\"Elements\":[{\"ProfileID\":13,\"Position\":{\"x\":-1172.84363,\"y\":127.1745,\"z\":-67.66459},\"Rotation\":{\"x\":0.347075,\"y\":0.6678506,\"z\":0.5776816,\"w\":-0.315909058},\"LengthScale\":1.0}],\"Storages\":[]},{\"TypeID\":9,\"Position\":{\"x\":-1177.302,\"y\":126.15715,\"z\":-69.7894745},\"Rotation\":{\"x\":-9.283803E-10,\"y\":-0.2274844,\"z\":-2.16878238E-10,\"w\":0.973781765},\"LinkedStructures\":[null,null,null,null,null,null],\"Elements\":[{\"ProfileID\":13,\"Position\":{\"x\":-1177.35657,\"y\":127.521042,\"z\":-69.83715},\"Rotation\":{\"x\":-0.7071068,\"y\":-1.49011612E-08,\"z\":-1.519983E-08,\"w\":0.7071068},\"LengthScale\":1.0}],\"Storages\":[]},{\"TypeID\":9,\"Position\":{\"x\":-1170.46655,\"y\":125.722008,\"z\":-67.81092},\"Rotation\":{\"y\":0.7072387,\"w\":0.706974864},\"LinkedStructures\":[null,null,null,null,null,null],\"Elements\":[{\"ProfileID\":13,\"Position\":{\"x\":-1170.46655,\"y\":127.072006,\"z\":-67.81092},\"Rotation\":{\"x\":-0.5000933,\"y\":-0.499906719,\"z\":-0.499906719,\"w\":0.5000933},\"LengthScale\":1.0}],\"Storages\":[]},{\"TypeID\":9,\"Position\":{\"x\":-1162.03308,\"y\":127.863152,\"z\":-75.85543},\"Rotation\":{\"y\":-0.298722744,\"w\":0.9543399},\"LinkedStructures\":[null,null,null,null,null,null],\"Elements\":[{\"ProfileID\":13,\"Position\":{\"x\":-1161.24622,\"y\":127.970345,\"z\":-76.93734},\"Rotation\":{\"x\":-0.7071068,\"y\":-2.98023224E-08,\"z\":-2.98023224E-08,\"w\":0.7071068},\"LengthScale\":1.0},{\"ProfileID\":13,\"Position\":{\"x\":-1161.47522,\"y\":127.99437,\"z\":-76.54998},\"Rotation\":{\"x\":-0.7071068,\"y\":-2.98023224E-08,\"z\":-2.98023224E-08,\"w\":0.7071068},\"LengthScale\":1.0},{\"ProfileID\":13,\"Position\":{\"x\":-1161.70422,\"y\":127.9511,\"z\":-76.16264},\"Rotation\":{\"x\":-0.7071068,\"y\":-2.98023224E-08,\"z\":-2.98023224E-08,\"w\":0.7071068},\"LengthScale\":1.0},{\"ProfileID\":13,\"Position\":{\"x\":-1162.03308,\"y\":127.863152,\"z\":-75.85543},\"Rotation\":{\"x\":-0.7071068,\"y\":-1.49011612E-08,\"z\":-1.49011612E-08,\"w\":0.7071068},\"LengthScale\":1.0},{\"ProfileID\":13,\"Position\":{\"x\":-1162.28967,\"y\":127.863152,\"z\":-75.48572},\"Rotation\":{\"x\":-0.317068219,\"y\":0.6320346,\"z\":0.6320346,\"w\":0.317068219},\"LengthScale\":1.0}],\"Storages\":[]},{\"TypeID\":9,\"Position\":{\"x\":-1160.65173,\"y\":128.12616,\"z\":-77.58732},\"Rotation\":{\"y\":-0.456330866,\"w\":0.889810145},\"LinkedStructures\":[null,null,null,null,null,null],\"Elements\":[{\"ProfileID\":13,\"Position\":{\"x\":-1160.38,\"y\":127.922386,\"z\":-78.86128},\"Rotation\":{\"x\":-0.7071068,\"y\":-2.98023224E-08,\"z\":-2.98023224E-08,\"w\":0.7071068},\"LengthScale\":1.0},{\"ProfileID\":13,\"Position\":{\"x\":-1160.3064,\"y\":128.02684,\"z\":-78.41735},\"Rotation\":{\"x\":-0.7071068,\"y\":-2.98023224E-08,\"z\":-2.98023224E-08,\"w\":0.7071068},\"LengthScale\":1.0},{\"ProfileID\":13,\"Position\":{\"x\":-1160.47864,\"y\":128.057968,\"z\":-78.00268},\"Rotation\":{\"x\":-0.7071068,\"y\":-2.98023224E-08,\"z\":-2.98023224E-08,\"w\":0.7071068},\"LengthScale\":1.0},{\"ProfileID\":13,\"Position\":{\"x\":-1160.65173,\"y\":128.12616,\"z\":-77.58732},\"Rotation\":{\"x\":-0.7071068,\"y\":-2.98023224E-08,\"z\":-2.98023224E-08,\"w\":0.7071068},\"LengthScale\":1.0},{\"ProfileID\":13,\"Position\":{\"x\":-1161.01721,\"y\":127.996063,\"z\":-77.32471},\"Rotation\":{\"x\":-0.18653129,\"y\":0.682060242,\"z\":0.682060063,\"w\":0.186531365},\"LengthScale\":1.0}],\"Storages\":[]},{\"TypeID\":9,\"Position\":{\"x\":-1160.52722,\"y\":127.863152,\"z\":-79.74916},\"Rotation\":{\"y\":0.08206386,\"w\":0.9966271},\"LinkedStructures\":[null,null,null,null,null,null],\"Elements\":[{\"ProfileID\":13,\"Position\":{\"x\":-1160.9281,\"y\":127.93544,\"z\":-81.00876},\"Rotation\":{\"x\":-0.7071068,\"w\":0.7071068},\"LengthScale\":1.0},{\"ProfileID\":13,\"Position\":{\"x\":-1160.67444,\"y\":127.890991,\"z\":-80.63704},\"Rotation\":{\"x\":-0.7071068,\"w\":0.7071068},\"LengthScale\":1.0},{\"ProfileID\":13,\"Position\":{\"x\":-1160.60083,\"y\":127.863152,\"z\":-80.1931},\"Rotation\":{\"x\":-0.7071068,\"w\":0.7071068},\"LengthScale\":1.0},{\"ProfileID\":13,\"Position\":{\"x\":-1160.52722,\"y\":127.863152,\"z\":-79.74916},\"Rotation\":{\"x\":-0.7071068,\"w\":0.7071068},\"LengthScale\":1.0},{\"ProfileID\":13,\"Position\":{\"x\":-1160.45361,\"y\":127.863152,\"z\":-79.30522},\"Rotation\":{\"x\":0.05802792,\"y\":0.7047218,\"z\":0.7047218,\"w\":-0.05802792},\"LengthScale\":1.0}],\"Storages\":[]},{\"TypeID\":9,\"Position\":{\"x\":-1160.99817,\"y\":127.939117,\"z\":-81.90603},\"Rotation\":{\"y\":0.0392282419,\"w\":0.999230266},\"LinkedStructures\":[null,null,null,null,null,null],\"Elements\":[{\"ProfileID\":13,\"Position\":{\"x\":-1161.104,\"y\":128.27063,\"z\":-83.25188},\"Rotation\":{\"x\":-0.707106769,\"y\":-3.7252903E-09,\"z\":-3.7252903E-09,\"w\":0.707106769},\"LengthScale\":1.0},{\"ProfileID\":13,\"Position\":{\"x\":-1161.06873,\"y\":128.296646,\"z\":-82.80326},\"Rotation\":{\"x\":-0.707106769,\"y\":-3.7252903E-09,\"z\":-3.7252903E-09,\"w\":0.707106769},\"LengthScale\":1.0},{\"ProfileID\":13,\"Position\":{\"x\":-1161.03345,\"y\":128.109589,\"z\":-82.3546448},\"Rotation\":{\"x\":-0.707106769,\"y\":-3.7252903E-09,\"z\":-3.7252903E-09,\"w\":0.707106769},\"LengthScale\":1.0},{\"ProfileID\":13,\"Position\":{\"x\":-1160.99817,\"y\":127.939117,\"z\":-81.90603},\"Rotation\":{\"x\":-0.707106769,\"y\":-5.58793545E-09,\"z\":-5.58793545E-09,\"w\":0.707106769},\"LengthScale\":1.0},{\"ProfileID\":13,\"Position\":{\"x\":-1160.96289,\"y\":127.933754,\"z\":-81.45741},\"Rotation\":{\"x\":0.027354056,\"y\":0.7065775,\"z\":0.7065774,\"w\":-0.0273540542},\"LengthScale\":1.0}],\"Storages\":[]},{\"TypeID\":9,\"Position\":{\"x\":-1160.83374,\"y\":128.329559,\"z\":-84.11033},\"Rotation\":{\"y\":-0.151909962,\"w\":0.9883943},\"LinkedStructures\":[null,null,null,null,null,null],\"Elements\":[{\"ProfileID\":13,\"Position\":{\"x\":-1161.19824,\"y\":128.4873,\"z\":-85.28159},\"Rotation\":{\"x\":-0.7071068,\"y\":-7.450581E-09,\"z\":-7.450581E-09,\"w\":0.7071068},\"LengthScale\":1.0},{\"ProfileID\":13,\"Position\":{\"x\":-1160.90747,\"y\":128.544266,\"z\":-84.93812},\"Rotation\":{\"x\":-0.7071068,\"y\":-7.450581E-09,\"z\":-7.450581E-09,\"w\":0.7071068},\"LengthScale\":1.0},{\"ProfileID\":13,\"Position\":{\"x\":-1160.69861,\"y\":128.580475,\"z\":-84.53954},\"Rotation\":{\"x\":-0.7071068,\"y\":-7.450581E-09,\"z\":-7.450581E-09,\"w\":0.7071068},\"LengthScale\":1.0},{\"ProfileID\":13,\"Position\":{\"x\":-1160.83374,\"y\":128.329559,\"z\":-84.11033},\"Rotation\":{\"x\":-0.7071068,\"y\":-7.450581E-09,\"z\":-7.450581E-09,\"w\":0.7071068},\"LengthScale\":1.0},{\"ProfileID\":13,\"Position\":{\"x\":-1160.96887,\"y\":128.190765,\"z\":-83.6811},\"Rotation\":{\"x\":-0.107418343,\"y\":0.6989001,\"z\":0.698900044,\"w\":0.107418343},\"LengthScale\":1.0}],\"Storages\":[]},{\"TypeID\":9,\"Position\":{\"x\":-1161.77979,\"y\":128.174332,\"z\":-85.96849},\"Rotation\":{\"y\":0.3440885,\"w\":0.938937247},\"LinkedStructures\":[null,null,null,null,null,null],\"Elements\":[{\"ProfileID\":13,\"Position\":{\"x\":-1162.6521,\"y\":128.34256,\"z\":-86.9988251},\"Rotation\":{\"x\":-0.7071068,\"y\":-2.98023224E-08,\"z\":-2.98023224E-08,\"w\":0.7071068},\"LengthScale\":1.0},{\"ProfileID\":13,\"Position\":{\"x\":-1162.36133,\"y\":128.267944,\"z\":-86.65538},\"Rotation\":{\"x\":-0.7071068,\"y\":-2.98023224E-08,\"z\":-2.98023224E-08,\"w\":0.7071068},\"LengthScale\":1.0},{\"ProfileID\":13,\"Position\":{\"x\":-1162.07056,\"y\":128.166733,\"z\":-86.3119354},\"Rotation\":{\"x\":-0.7071068,\"y\":-2.98023224E-08,\"z\":-2.98023224E-08,\"w\":0.7071068},\"LengthScale\":1.0},{\"ProfileID\":13,\"Position\":{\"x\":-1161.77979,\"y\":128.174332,\"z\":-85.96849},\"Rotation\":{\"x\":-0.707106769,\"y\":-2.98023224E-08,\"z\":-2.98023224E-08,\"w\":0.707106769},\"LengthScale\":1.0},{\"ProfileID\":13,\"Position\":{\"x\":-1161.489,\"y\":128.318085,\"z\":-85.6250458},\"Rotation\":{\"x\":0.243303716,\"y\":0.6639302,\"z\":0.663930237,\"w\":-0.243303746},\"LengthScale\":1.0}],\"Storages\":[]},{\"TypeID\":9,\"Position\":{\"x\":-1163.23364,\"y\":128.240158,\"z\":-87.68571},\"Rotation\":{\"y\":0.3440885,\"w\":0.938937247},\"LinkedStructures\":[null,null,null,null,null,null],\"Elements\":[{\"ProfileID\":13,\"Position\":{\"x\":-1163.75476,\"y\":128.1873,\"z\":-88.81781},\"Rotation\":{\"x\":-0.7071068,\"y\":-2.98023224E-08,\"z\":-2.98023224E-08,\"w\":0.7071068},\"LengthScale\":1.0},{\"ProfileID\":13,\"Position\":{\"x\":-1163.81458,\"y\":128.127029,\"z\":-88.37181},\"Rotation\":{\"x\":-0.7071068,\"y\":-2.98023224E-08,\"z\":-2.98023224E-08,\"w\":0.7071068},\"LengthScale\":1.0},{\"ProfileID\":13,\"Position\":{\"x\":-1163.52441,\"y\":128.183533,\"z\":-88.0291443},\"Rotation\":{\"x\":-0.7071068,\"y\":-2.98023224E-08,\"z\":-2.98023224E-08,\"w\":0.7071068},\"LengthScale\":1.0},{\"ProfileID\":13,\"Position\":{\"x\":-1163.23364,\"y\":128.240158,\"z\":-87.68571},\"Rotation\":{\"x\":-0.7071068,\"y\":-2.98023224E-08,\"z\":-2.98023224E-08,\"w\":0.7071068},\"LengthScale\":1.0},{\"ProfileID\":13,\"Position\":{\"x\":-1162.94287,\"y\":128.292786,\"z\":-87.34226},\"Rotation\":{\"x\":0.243310958,\"y\":0.6639276,\"z\":0.6639276,\"w\":-0.243310943},\"LengthScale\":1.0}],\"Storages\":[]},{\"TypeID\":9,\"Position\":{\"x\":-1163.847,\"y\":128.257858,\"z\":-89.7130661},\"Rotation\":{\"y\":0.0512011833,\"w\":0.9986884},\"LinkedStructures\":[null,null,null,null,null,null],\"Elements\":[{\"ProfileID\":13,\"Position\":{\"x\":-1164.34839,\"y\":128.254318,\"z\":-90.93706},\"Rotation\":{\"x\":-0.7071068,\"w\":0.7071068},\"LengthScale\":1.0},{\"ProfileID\":13,\"Position\":{\"x\":-1164.12073,\"y\":128.278839,\"z\":-90.54889},\"Rotation\":{\"x\":-0.7071068,\"w\":0.7071068},\"LengthScale\":1.0},{\"ProfileID\":13,\"Position\":{\"x\":-1163.89307,\"y\":128.292877,\"z\":-90.1607056},\"Rotation\":{\"x\":-0.7071068,\"w\":0.7071068},\"LengthScale\":1.0},{\"ProfileID\":13,\"Position\":{\"x\":-1163.847,\"y\":128.257858,\"z\":-89.7130661},\"Rotation\":{\"x\":-0.7071068,\"y\":3.7252903E-09,\"z\":3.7252903E-09,\"w\":0.7071068},\"LengthScale\":1.0},{\"ProfileID\":13,\"Position\":{\"x\":-1163.801,\"y\":128.224884,\"z\":-89.26543},\"Rotation\":{\"x\":0.03639709,\"y\":0.7061694,\"z\":0.7061694,\"w\":-0.03639709},\"LengthScale\":1.0}],\"Storages\":[]},{\"TypeID\":9,\"Position\":{\"x\":-1164.6344,\"y\":128.233719,\"z\":-91.7894058},\"Rotation\":{\"y\":0.161349073,\"w\":0.9868974},\"LinkedStructures\":[null,null,null,null,null,null],\"Elements\":[{\"ProfileID\":13,\"Position\":{\"x\":-1165.06433,\"y\":128.248535,\"z\":-93.06913},\"Rotation\":{\"x\":-0.7071068,\"y\":-7.450581E-09,\"z\":-7.450581E-09,\"w\":0.7071068},\"LengthScale\":1.0},{\"ProfileID\":13,\"Position\":{\"x\":-1164.921,\"y\":128.225174,\"z\":-92.64256},\"Rotation\":{\"x\":-0.7071068,\"y\":-7.450581E-09,\"z\":-7.450581E-09,\"w\":0.7071068},\"LengthScale\":1.0},{\"ProfileID\":13,\"Position\":{\"x\":-1164.77771,\"y\":128.223373,\"z\":-92.21599},\"Rotation\":{\"x\":-0.7071068,\"y\":-7.450581E-09,\"z\":-7.450581E-09,\"w\":0.7071068},\"LengthScale\":1.0},{\"ProfileID\":13,\"Position\":{\"x\":-1164.6344,\"y\":128.233719,\"z\":-91.7894058},\"Rotation\":{\"x\":-0.7071068,\"y\":-7.450581E-09,\"z\":-7.450581E-09,\"w\":0.7071068},\"LengthScale\":1.0},{\"ProfileID\":13,\"Position\":{\"x\":-1164.49109,\"y\":128.24408,\"z\":-91.36284},\"Rotation\":{\"x\":0.113835931,\"y\":0.697883546,\"z\":0.697883546,\"w\":-0.113835931},\"LengthScale\":1.0}],\"Storages\":[]},{\"TypeID\":9,\"Position\":{\"x\":-1165.351,\"y\":128.240662,\"z\":-93.9222641},\"Rotation\":{\"y\":0.161349073,\"w\":0.9868974},\"LinkedStructures\":[null,null,null,null,null,null],\"Elements\":[{\"ProfileID\":13,\"Position\":{\"x\":-1165.78088,\"y\":128.287048,\"z\":-95.20199},\"Rotation\":{\"x\":-0.7071068,\"y\":-7.450581E-09,\"z\":-7.450581E-09,\"w\":0.7071068},\"LengthScale\":1.0},{\"ProfileID\":13,\"Position\":{\"x\":-1165.63757,\"y\":128.259659,\"z\":-94.77542},\"Rotation\":{\"x\":-0.7071068,\"y\":-7.450581E-09,\"z\":-7.450581E-09,\"w\":0.7071068},\"LengthScale\":1.0},{\"ProfileID\":13,\"Position\":{\"x\":-1165.49426,\"y\":128.236725,\"z\":-94.34885},\"Rotation\":{\"x\":-0.7071068,\"y\":-7.450581E-09,\"z\":-7.450581E-09,\"w\":0.7071068},\"LengthScale\":1.0},{\"ProfileID\":13,\"Position\":{\"x\":-1165.351,\"y\":128.240662,\"z\":-93.9222641},\"Rotation\":{\"x\":-0.7071068,\"y\":-7.450581E-09,\"z\":-7.450581E-09,\"w\":0.7071068},\"LengthScale\":1.0},{\"ProfileID\":13,\"Position\":{\"x\":-1165.20764,\"y\":128.163254,\"z\":-93.4957},\"Rotation\":{\"x\":0.114091039,\"y\":0.6978418,\"z\":0.6978419,\"w\":-0.114091039},\"LengthScale\":1.0}],\"Storages\":[]},{\"TypeID\":9,\"Position\":{\"x\":-1176.60767,\"y\":127.863152,\"z\":-82.91661},\"Rotation\":{\"y\":-0.1695558,\"w\":0.9855206},\"LinkedStructures\":[null,null,null,null,null,null],\"Elements\":[{\"ProfileID\":13,\"Position\":{\"x\":-1176.15649,\"y\":127.863152,\"z\":-84.18899},\"Rotation\":{\"x\":-0.7071068,\"w\":0.7071068},\"LengthScale\":1.0},{\"ProfileID\":13,\"Position\":{\"x\":-1176.30688,\"y\":127.863152,\"z\":-83.76486},\"Rotation\":{\"x\":-0.7071068,\"w\":0.7071068},\"LengthScale\":1.0},{\"ProfileID\":13,\"Position\":{\"x\":-1176.45728,\"y\":127.863152,\"z\":-83.340744},\"Rotation\":{\"x\":-0.7071068,\"w\":0.7071068},\"LengthScale\":1.0},{\"ProfileID\":13,\"Position\":{\"x\":-1176.60767,\"y\":127.863152,\"z\":-82.91661},\"Rotation\":{\"x\":-0.7071068,\"w\":0.7071068},\"LengthScale\":1.0},{\"ProfileID\":13,\"Position\":{\"x\":-1176.758,\"y\":127.863152,\"z\":-82.492485},\"Rotation\":{\"x\":-0.120598577,\"y\":0.696746767,\"z\":0.696746767,\"w\":0.120598592},\"LengthScale\":1.0}],\"Storages\":[]},{\"TypeID\":9,\"Position\":{\"x\":-1176.21753,\"y\":127.846352,\"z\":-85.08692},\"Rotation\":{\"y\":0.0339277275,\"w\":0.9994243},\"LinkedStructures\":[null,null,null,null,null,null],\"Elements\":[{\"ProfileID\":13,\"Position\":{\"x\":-1175.95789,\"y\":127.663277,\"z\":-86.41171},\"Rotation\":{\"x\":-0.7071068,\"y\":-3.7252903E-09,\"z\":-3.7252903E-09,\"w\":0.7071068},\"LengthScale\":1.0},{\"ProfileID\":13,\"Position\":{\"x\":-1176.04443,\"y\":127.737686,\"z\":-85.9701157},\"Rotation\":{\"x\":-0.7071068,\"y\":-3.7252903E-09,\"z\":-3.7252903E-09,\"w\":0.7071068},\"LengthScale\":1.0},{\"ProfileID\":13,\"Position\":{\"x\":-1176.131,\"y\":127.788857,\"z\":-85.52852},\"Rotation\":{\"x\":-0.7071068,\"y\":-3.7252903E-09,\"z\":-3.7252903E-09,\"w\":0.7071068},\"LengthScale\":1.0},{\"ProfileID\":13,\"Position\":{\"x\":-1176.21753,\"y\":127.846352,\"z\":-85.08692},\"Rotation\":{\"x\":-0.7071068,\"y\":-5.58793545E-09,\"z\":-5.58793545E-09,\"w\":0.7071068},\"LengthScale\":1.0},{\"ProfileID\":13,\"Position\":{\"x\":-1176.187,\"y\":127.863152,\"z\":-84.6379547},\"Rotation\":{\"x\":0.0239905361,\"y\":0.7066997,\"z\":0.7066997,\"w\":-0.0239905361},\"LengthScale\":1.0}],\"Storages\":[]},{\"TypeID\":9,\"Position\":{\"x\":-1175.78479,\"y\":127.526,\"z\":-87.29491},\"Rotation\":{\"y\":-0.09661666,\"w\":0.9953217},\"LinkedStructures\":[null,null,null,null,null,null],\"Elements\":[{\"ProfileID\":2,\"Position\":{\"x\":-1175.5769,\"y\":127.30912,\"z\":-88.6192856},\"Rotation\":{\"x\":-0.7071068,\"y\":-7.450581E-09,\"z\":-7.450581E-09,\"w\":0.7071068},\"LengthScale\":1.0},{\"ProfileID\":2,\"Position\":{\"x\":-1175.68347,\"y\":127.360649,\"z\":-88.18208},\"Rotation\":{\"x\":-0.7071068,\"y\":-7.450581E-09,\"z\":-7.450581E-09,\"w\":0.7071068},\"LengthScale\":1.0},{\"ProfileID\":2,\"Position\":{\"x\":-1175.79,\"y\":127.451859,\"z\":-87.74487},\"Rotation\":{\"x\":-0.7071068,\"y\":-7.450581E-09,\"z\":-7.450581E-09,\"w\":0.7071068},\"LengthScale\":1.0},{\"ProfileID\":2,\"Position\":{\"x\":-1175.78479,\"y\":127.526,\"z\":-87.29491},\"Rotation\":{\"x\":-0.7071068,\"y\":-1.49011612E-08,\"z\":-1.49011612E-08,\"w\":0.7071068},\"LengthScale\":1.00000024},{\"ProfileID\":13,\"Position\":{\"x\":-1175.87134,\"y\":127.594612,\"z\":-86.85331},\"Rotation\":{\"x\":-0.0683183,\"y\":0.7037988,\"z\":0.7037987,\"w\":0.06831827},\"LengthScale\":1.0}],\"Storages\":[]},{\"TypeID\":9,\"Position\":{\"x\":-1175.36377,\"y\":127.359985,\"z\":-89.49369},\"Rotation\":{\"y\":-0.119258568,\"w\":0.992863238},\"LinkedStructures\":[null,null,null,null,null,null],\"Elements\":[{\"ProfileID\":2,\"Position\":{\"x\":-1175.13538,\"y\":127.319847,\"z\":-90.81783},\"Rotation\":{\"x\":-0.7071068,\"y\":-7.450581E-09,\"z\":-7.450581E-09,\"w\":0.7071068},\"LengthScale\":1.0},{\"ProfileID\":2,\"Position\":{\"x\":-1175.15063,\"y\":127.318855,\"z\":-90.3680954},\"Rotation\":{\"x\":-0.7071068,\"y\":-7.450581E-09,\"z\":-7.450581E-09,\"w\":0.7071068},\"LengthScale\":1.0},{\"ProfileID\":2,\"Position\":{\"x\":-1175.2572,\"y\":127.318527,\"z\":-89.93089},\"Rotation\":{\"x\":-0.7071068,\"y\":-7.450581E-09,\"z\":-7.450581E-09,\"w\":0.7071068},\"LengthScale\":1.0},{\"ProfileID\":2,\"Position\":{\"x\":-1175.36377,\"y\":127.359985,\"z\":-89.49369},\"Rotation\":{\"x\":-0.7071068,\"y\":-1.49011612E-08,\"z\":-1.49011612E-08,\"w\":0.7071068},\"LengthScale\":1.00000024},{\"ProfileID\":2,\"Position\":{\"x\":-1175.47034,\"y\":127.314674,\"z\":-89.05649},\"Rotation\":{\"x\":-0.0843285248,\"y\":0.7020604,\"z\":0.702060342,\"w\":0.0843285248},\"LengthScale\":1.00000024}],\"Storages\":[]},{\"TypeID\":9,\"Position\":{\"x\":-1174.2478,\"y\":127.387329,\"z\":-90.90652},\"Rotation\":{\"y\":-0.6200941,\"w\":0.7845274},\"LinkedStructures\":[null,null,null,null,null,null],\"Elements\":[{\"ProfileID\":2,\"Position\":{\"x\":-1172.92236,\"y\":127.2564,\"z\":-91.09783},\"Rotation\":{\"x\":-0.7071068,\"w\":0.7071068},\"LengthScale\":1.0},{\"ProfileID\":2,\"Position\":{\"x\":-1173.37207,\"y\":127.311134,\"z\":-91.11441},\"Rotation\":{\"x\":-0.7071068,\"w\":0.7071068},\"LengthScale\":1.0},{\"ProfileID\":2,\"Position\":{\"x\":-1173.80994,\"y\":127.343765,\"z\":-91.01047},\"Rotation\":{\"x\":-0.7071068,\"w\":0.7071068},\"LengthScale\":1.0},{\"ProfileID\":2,\"Position\":{\"x\":-1174.2478,\"y\":127.387329,\"z\":-90.90652},\"Rotation\":{\"x\":-0.7071068,\"w\":0.7071068},\"LengthScale\":1.00000024},{\"ProfileID\":2,\"Position\":{\"x\":-1174.68567,\"y\":127.319633,\"z\":-90.8025742},\"Rotation\":{\"x\":-0.508407056,\"y\":0.491449177,\"z\":0.491449237,\"w\":0.508407},\"LengthScale\":1.00000024}],\"Storages\":[]},{\"TypeID\":9,\"Position\":{\"x\":-1172.024,\"y\":127.145195,\"z\":-91.11589},\"Rotation\":{\"y\":-0.679344654,\"w\":0.7338194},\"LinkedStructures\":[null,null,null,null,null,null],\"Elements\":[{\"ProfileID\":2,\"Position\":{\"x\":-1170.30444,\"y\":127.216171,\"z\":-91.59319},\"Rotation\":{\"x\":-0.7071068,\"w\":0.7071068},\"LengthScale\":1.0},{\"ProfileID\":2,\"Position\":{\"x\":-1170.72559,\"y\":127.154152,\"z\":-91.4345551},\"Rotation\":{\"x\":-0.7071068,\"w\":0.7071068},\"LengthScale\":1.0},{\"ProfileID\":2,\"Position\":{\"x\":-1171.146,\"y\":127.143822,\"z\":-91.27626},\"Rotation\":{\"x\":-0.7071068,\"w\":0.7071068},\"LengthScale\":1.0},{\"ProfileID\":2,\"Position\":{\"x\":-1171.59521,\"y\":127.135063,\"z\":-91.25233},\"Rotation\":{\"x\":-0.7071068,\"w\":0.7071068},\"LengthScale\":1.0},{\"ProfileID\":2,\"Position\":{\"x\":-1172.03589,\"y\":127.151672,\"z\":-91.34403},\"Rotation\":{\"x\":-0.7071068,\"w\":0.7071068},\"LengthScale\":1.0}],\"Storages\":[]}],null,null,null,null,null,null,[{\"TypeID\":16,\"Position\":{\"x\":-1173.747,\"y\":126.973152,\"z\":-75.3324356},\"Rotation\":{\"y\":0.200906783,\"w\":-0.979610443},\"LinkedStructures\":[null,null,null,null,null,{\"TypeID\":8,\"InstanceID\":1}],\"Elements\":[{\"ProfileID\":191,\"Position\":{\"x\":-1173.747,\"y\":126.973152,\"z\":-75.3324356},\"Rotation\":{\"y\":0.200906783,\"w\":-0.979610443},\"LengthScale\":1.0}],\"Storages\":[]}],null,null,null,[{\"TypeID\":20,\"Position\":{\"x\":-1173.30212,\"y\":126.748154,\"z\":-76.37122},\"Rotation\":{\"y\":0.550626636,\"w\":0.834751666},\"LinkedStructures\":[{\"TypeID\":1,\"InstanceID\":3},{\"TypeID\":1,\"InstanceID\":12},null,null,null,null,{\"TypeID\":3,\"InstanceID\":27},{\"TypeID\":3,\"InstanceID\":28},null,{\"TypeID\":3,\"InstanceID\":2},{\"TypeID\":3,\"InstanceID\":1},null,null,null,null,null],\"Elements\":[{\"ProfileID\":229,\"Position\":{\"x\":-1173.12939,\"y\":126.748154,\"z\":-76.29727},\"Rotation\":{\"y\":0.5506126,\"w\":0.8347609},\"LengthScale\":1.0},{\"ProfileID\":225,\"Position\":{\"x\":-1172.58887,\"y\":126.748154,\"z\":-76.06577},\"Rotation\":{\"y\":0.5506126,\"w\":0.8347609},\"LengthScale\":1.0},{\"ProfileID\":224,\"Position\":{\"x\":-1172.04919,\"y\":126.748154,\"z\":-75.8347},\"Rotation\":{\"y\":0.5506126,\"w\":0.8347609},\"LengthScale\":1.0}],\"Storages\":[]}],null,[{\"TypeID\":22,\"Position\":{\"x\":-1168.382,\"y\":126.690964,\"z\":-70.96885},\"Rotation\":{\"y\":0.8385986,\"w\":0.544749856},\"LinkedStructures\":[{\"TypeID\":3,\"InstanceID\":22},{\"TypeID\":3,\"InstanceID\":23},null,null,null,null,null,null,null,null,null],\"Elements\":[{\"ProfileID\":274,\"Position\":{\"x\":-1168.74976,\"y\":126.690964,\"z\":-71.79547},\"Rotation\":{\"y\":0.8385986,\"w\":0.544749856},\"LengthScale\":1.00442672},{\"ProfileID\":273,\"Position\":{\"x\":-1168.5658,\"y\":126.690964,\"z\":-71.382164},\"Rotation\":{\"y\":0.838603735,\"w\":0.544742},\"LengthScale\":1.00437593},{\"ProfileID\":272,\"Position\":{\"x\":-1168.38184,\"y\":126.690964,\"z\":-70.96886},\"Rotation\":{\"y\":0.8385986,\"w\":0.544749856},\"LengthScale\":1.00442672},{\"ProfileID\":271,\"Position\":{\"x\":-1168.198,\"y\":126.690964,\"z\":-70.55554},\"Rotation\":{\"y\":0.8385935,\"w\":0.5447578},\"LengthScale\":1.00447774},{\"ProfileID\":270,\"Position\":{\"x\":-1168.01416,\"y\":126.690964,\"z\":-70.14223},\"Rotation\":{\"y\":0.8385986,\"w\":0.544749856},\"LengthScale\":1.00442672}],\"Storages\":[]},{\"TypeID\":22,\"Position\":{\"x\":-1172.70825,\"y\":126.910652,\"z\":-74.88764},\"Rotation\":{\"y\":-0.8347525,\"w\":0.5506253},\"LinkedStructures\":[{\"TypeID\":3,\"InstanceID\":27},{\"TypeID\":3,\"InstanceID\":2},null,null,null,null,null,null,null,null,null],\"Elements\":[{\"ProfileID\":274,\"Position\":{\"x\":-1173.06421,\"y\":126.910652,\"z\":-74.05592},\"Rotation\":{\"y\":-0.834755063,\"w\":0.5506214},\"LengthScale\":1.00442934},{\"ProfileID\":273,\"Position\":{\"x\":-1172.88623,\"y\":126.910652,\"z\":-74.47179},\"Rotation\":{\"y\":-0.8347483,\"w\":0.550631642},\"LengthScale\":1.00447786},{\"ProfileID\":272,\"Position\":{\"x\":-1172.70825,\"y\":126.910652,\"z\":-74.88764},\"Rotation\":{\"y\":-0.834754169,\"w\":0.550622761},\"LengthScale\":1.004428},{\"ProfileID\":271,\"Position\":{\"x\":-1172.53015,\"y\":126.910652,\"z\":-75.3035},\"Rotation\":{\"y\":-0.83476007,\"w\":0.5506139},\"LengthScale\":1.00437808},{\"ProfileID\":270,\"Position\":{\"x\":-1172.352,\"y\":126.910652,\"z\":-75.71936},\"Rotation\":{\"y\":-0.834753335,\"w\":0.5506241},\"LengthScale\":1.00442672}],\"Storages\":[]},{\"TypeID\":22,\"Position\":{\"x\":-1171.8186,\"y\":126.910652,\"z\":-76.96521},\"Rotation\":{\"y\":-0.8347536,\"w\":0.550623834},\"LinkedStructures\":[{\"TypeID\":3,\"InstanceID\":28},{\"TypeID\":3,\"InstanceID\":1},null,null,null,null,null,null,null,null,null],\"Elements\":[{\"ProfileID\":279,\"Position\":{\"x\":-1171.39221,\"y\":126.910652,\"z\":-75.79844},\"Rotation\":{\"y\":-0.8347584,\"w\":0.550616443},\"LengthScale\":1.00437546},{\"ProfileID\":282,\"Position\":{\"x\":-1172.95715,\"y\":126.910652,\"z\":-76.46859},\"Rotation\":{\"y\":-0.8347584,\"w\":0.550616443},\"LengthScale\":1.00437546}],\"Storages\":[]}],null,null,[{\"TypeID\":25,\"Position\":{\"x\":-1185.68823,\"y\":126.335022,\"z\":-70.75269},\"Rotation\":{\"x\":0.0004998852,\"y\":-0.0355392434,\"z\":1.777677E-05,\"w\":0.9993682},\"LinkedStructures\":[null,null,null,null,null,null],\"Elements\":[{\"ProfileID\":12,\"Position\":{\"x\":-1185.68823,\"y\":127.035019,\"z\":-70.75269},\"Rotation\":{\"x\":0.0004998852,\"y\":-0.0355392434,\"z\":1.777677E-05,\"w\":0.9993682},\"LengthScale\":1.0},{\"ProfileID\":68,\"Position\":{\"x\":-1185.68823,\"y\":127.73497,\"z\":-70.75269},\"Rotation\":{\"x\":2.27652345E-05,\"y\":0.9989624,\"z\":-0.0004993709,\"w\":0.04554054},\"LengthScale\":1.0}],\"Storages\":[]},{\"TypeID\":25,\"Position\":{\"x\":-1186.81177,\"y\":126.345085,\"z\":-70.63144},\"Rotation\":{\"x\":0.000371673726,\"y\":-0.668235838,\"z\":0.000333847682,\"w\":0.743949354},\"LinkedStructures\":[null,null,null,null,null,null],\"Elements\":[{\"ProfileID\":12,\"Position\":{\"x\":-1186.81177,\"y\":127.045082,\"z\":-70.63144},\"Rotation\":{\"x\":0.000371673726,\"y\":-0.668235838,\"z\":0.000333847682,\"w\":0.743949354},\"LengthScale\":1.0},{\"ProfileID\":68,\"Position\":{\"x\":-1186.81177,\"y\":127.745033,\"z\":-70.63144},\"Rotation\":{\"x\":0.0004924991,\"y\":-0.175312608,\"z\":8.769958E-05,\"w\":0.984512746},\"LengthScale\":1.0}],\"Storages\":[]},{\"TypeID\":25,\"Position\":{\"x\":-1187.91235,\"y\":126.354042,\"z\":-70.37552},\"Rotation\":{\"x\":0.00039108,\"y\":-0.622170269,\"z\":0.0003107983,\"w\":0.7828818},\"LinkedStructures\":[null,null,null,null,null,null],\"Elements\":[{\"ProfileID\":12,\"Position\":{\"x\":-1187.91235,\"y\":127.054039,\"z\":-70.37552},\"Rotation\":{\"x\":0.00039108,\"y\":-0.622170269,\"z\":0.0003107983,\"w\":0.7828818},\"LengthScale\":1.0},{\"ProfileID\":68,\"Position\":{\"x\":-1187.91235,\"y\":127.75399,\"z\":-70.37552},\"Rotation\":{\"x\":0.0004994748,\"y\":0.06319085,\"z\":-3.16254736E-05,\"w\":0.998001337},\"LengthScale\":1.0}],\"Storages\":[]}],null,null,null,null,null,null,[{\"TypeID\":32,\"Position\":{\"x\":-1166.35327,\"y\":126.528152,\"z\":-73.07666},\"Rotation\":{\"x\":-0.0014457918,\"y\":0.9999863,\"z\":0.005041487,\"w\":-7.28903842E-06},\"LinkedStructures\":[null],\"Elements\":[{\"ProfileID\":31,\"Position\":{\"x\":-1166.35327,\"y\":126.528152,\"z\":-73.07666},\"Rotation\":{\"x\":-0.0014457918,\"y\":0.9999863,\"z\":0.005041487,\"w\":-7.28903842E-06},\"LengthScale\":1.0},{\"ProfileID\":316,\"Position\":{\"x\":-1166.35327,\"y\":126.528152,\"z\":-73.07666},\"Rotation\":{\"x\":-0.0014457918,\"y\":0.9999863,\"z\":0.005041487,\"w\":-7.28903842E-06},\"LengthScale\":1.0},{\"ProfileID\":119,\"Position\":{\"x\":-1166.64526,\"y\":126.524712,\"z\":-73.3147},\"Rotation\":{\"x\":-0.0014457918,\"y\":0.9999863,\"z\":0.005041487,\"w\":-7.28903842E-06},\"LengthScale\":1.0},{\"ProfileID\":121,\"Position\":{\"x\":-1166.31921,\"y\":126.528442,\"z\":-73.4926758},\"Rotation\":{\"x\":-0.0014457918,\"y\":0.9999863,\"z\":0.005041487,\"w\":-7.28903842E-06},\"LengthScale\":1.0},{\"ProfileID\":122,\"Position\":{\"x\":-1166.73633,\"y\":126.543205,\"z\":-72.99349},\"Rotation\":{\"x\":-0.0014457918,\"y\":0.9999863,\"z\":0.005041487,\"w\":-7.28903842E-06},\"LengthScale\":1.0},{\"ProfileID\":120,\"Position\":{\"x\":-1166.02942,\"y\":126.562782,\"z\":-73.34333},\"Rotation\":{\"x\":-0.0014457918,\"y\":0.9999863,\"z\":0.005041487,\"w\":-7.28903842E-06},\"LengthScale\":1.0},{\"ProfileID\":119,\"Position\":{\"x\":-1165.94336,\"y\":126.559769,\"z\":-73.02035},\"Rotation\":{\"x\":-0.0014457918,\"y\":0.9999863,\"z\":0.005041487,\"w\":-7.28903842E-06},\"LengthScale\":1.0},{\"ProfileID\":124,\"Position\":{\"x\":-1166.15833,\"y\":126.549072,\"z\":-72.71544},\"Rotation\":{\"x\":-0.0014457918,\"y\":0.9999863,\"z\":0.005041487,\"w\":-7.28903842E-06},\"LengthScale\":1.0},{\"ProfileID\":123,\"Position\":{\"x\":-1166.53235,\"y\":126.5548,\"z\":-72.6963654},\"Rotation\":{\"x\":-0.0014457918,\"y\":0.9999863,\"z\":0.005041487,\"w\":-7.28903842E-06},\"LengthScale\":1.0}],\"Storages\":[{\"Version\":\"0.0.0\",\"ItemBlocks\":[]}]},{\"TypeID\":32,\"Position\":{\"x\":-1170.93738,\"y\":126.339417,\"z\":-70.55005},\"Rotation\":{\"x\":-0.0307198539,\"y\":0.98854804,\"z\":0.147675425,\"w\":-0.004589122},\"LinkedStructures\":[null],\"Elements\":[{\"ProfileID\":31,\"Position\":{\"x\":-1170.93738,\"y\":126.339417,\"z\":-70.55005},\"Rotation\":{\"x\":-0.0307198539,\"y\":0.98854804,\"z\":0.147675425,\"w\":-0.004589122},\"LengthScale\":1.0},{\"ProfileID\":316,\"Position\":{\"x\":-1170.93738,\"y\":126.339417,\"z\":-70.55005},\"Rotation\":{\"x\":-0.0307198539,\"y\":0.98854804,\"z\":0.147675425,\"w\":-0.004589122},\"LengthScale\":1.0}],\"Storages\":[{\"Version\":\"0.0.0\",\"ItemBlocks\":[]}]},{\"TypeID\":32,\"Position\":{\"x\":-1184.84692,\"y\":126.331093,\"z\":-70.7518845},\"Rotation\":{\"x\":0.02341737,\"y\":0.07672232,\"z\":0.00177770527,\"w\":0.9967759},\"LinkedStructures\":[null],\"Elements\":[{\"ProfileID\":31,\"Position\":{\"x\":-1184.84692,\"y\":126.331093,\"z\":-70.7518845},\"Rotation\":{\"x\":0.02341737,\"y\":0.07672232,\"z\":0.00177770539,\"w\":0.9967759},\"LengthScale\":1.0},{\"ProfileID\":316,\"Position\":{\"x\":-1184.84692,\"y\":126.331093,\"z\":-70.7518845},\"Rotation\":{\"x\":0.02341737,\"y\":0.07672232,\"z\":0.00177770539,\"w\":0.9967759},\"LengthScale\":1.0}],\"Storages\":[{\"Version\":\"0.0.0\",\"ItemBlocks\":[]}]},{\"TypeID\":32,\"Position\":{\"x\":-1168.08447,\"y\":126.788681,\"z\":-70.3510742},\"Rotation\":{\"x\":-0.0169767067,\"y\":0.260303617,\"z\":-0.0628273562,\"w\":0.963331},\"LinkedStructures\":[null],\"Elements\":[{\"ProfileID\":31,\"Position\":{\"x\":-1168.08447,\"y\":126.788681,\"z\":-70.3510742},\"Rotation\":{\"x\":-0.0169767067,\"y\":0.260303617,\"z\":-0.0628273562,\"w\":0.963331},\"LengthScale\":1.0},{\"ProfileID\":316,\"Position\":{\"x\":-1168.08447,\"y\":126.788681,\"z\":-70.3510742},\"Rotation\":{\"x\":-0.0169767067,\"y\":0.260303617,\"z\":-0.0628273562,\"w\":0.963331},\"LengthScale\":1.0},{\"ProfileID\":120,\"Position\":{\"x\":-1168.224,\"y\":126.8615,\"z\":-69.96064},\"Rotation\":{\"x\":-0.0169767067,\"y\":0.260303617,\"z\":-0.0628273562,\"w\":0.963331},\"LengthScale\":1.0},{\"ProfileID\":119,\"Position\":{\"x\":-1168.46045,\"y\":126.872673,\"z\":-70.19673},\"Rotation\":{\"x\":-0.0169767067,\"y\":0.260303617,\"z\":-0.0628273562,\"w\":0.963331},\"LengthScale\":1.0},{\"ProfileID\":121,\"Position\":{\"x\":-1167.90454,\"y\":126.789131,\"z\":-69.97445},\"Rotation\":{\"x\":-0.0169767067,\"y\":0.260303617,\"z\":-0.0628273562,\"w\":0.963331},\"LengthScale\":1.0},{\"ProfileID\":124,\"Position\":{\"x\":-1168.43066,\"y\":126.837807,\"z\":-70.56714},\"Rotation\":{\"x\":-0.0169767067,\"y\":0.260303617,\"z\":-0.0628273562,\"w\":0.963331},\"LengthScale\":1.0},{\"ProfileID\":119,\"Position\":{\"x\":-1167.71509,\"y\":126.7458,\"z\":-70.2909546},\"Rotation\":{\"x\":-0.0169767067,\"y\":0.260303617,\"z\":-0.0628273562,\"w\":0.963331},\"LengthScale\":1.0},{\"ProfileID\":123,\"Position\":{\"x\":-1168.119,\"y\":126.796165,\"z\":-70.7707748},\"Rotation\":{\"x\":-0.0169767067,\"y\":0.260303617,\"z\":-0.0628273562,\"w\":0.963331},\"LengthScale\":1.0},{\"ProfileID\":122,\"Position\":{\"x\":-1167.79626,\"y\":126.755791,\"z\":-70.61516},\"Rotation\":{\"x\":-0.0169767067,\"y\":0.260303617,\"z\":-0.0628273562,\"w\":0.963331},\"LengthScale\":1.0}],\"Storages\":[{\"Version\":\"0.0.0\",\"ItemBlocks\":[]}]}],null,null,null,null,[{\"TypeID\":37,\"Position\":{\"x\":-1181.00647,\"y\":127.770935,\"z\":-72.5834351},\"Rotation\":{\"y\":0.997770131,\"w\":0.066744864},\"LinkedStructures\":[null,null,{\"TypeID\":37},null,null,null],\"Elements\":[{\"ProfileID\":13,\"Position\":{\"x\":-1180.76685,\"y\":127.823105,\"z\":-74.36682},\"Rotation\":{\"x\":-0.5213338,\"y\":-0.477714419,\"z\":-0.477714419,\"w\":0.5213338},\"LengthScale\":1.0},{\"ProfileID\":13,\"Position\":{\"x\":-1180.82678,\"y\":127.831078,\"z\":-73.92083},\"Rotation\":{\"x\":0.5213338,\"y\":0.477714419,\"z\":0.477714419,\"w\":-0.5213338},\"LengthScale\":0.99999994},{\"ProfileID\":13,\"Position\":{\"x\":-1180.88672,\"y\":127.804924,\"z\":-73.47484},\"Rotation\":{\"x\":-0.5213339,\"y\":-0.477714479,\"z\":-0.477714479,\"w\":0.5213339},\"LengthScale\":1.0},{\"ProfileID\":13,\"Position\":{\"x\":-1180.94666,\"y\":127.7909,\"z\":-73.02883},\"Rotation\":{\"x\":-0.5213338,\"y\":-0.477714419,\"z\":-0.477714419,\"w\":0.5213338},\"LengthScale\":1.0},{\"ProfileID\":13,\"Position\":{\"x\":-1181.00647,\"y\":127.770935,\"z\":-72.5834351},\"Rotation\":{\"x\":-0.5213338,\"y\":-0.477714419,\"z\":-0.477714419,\"w\":0.5213338},\"LengthScale\":1.0},{\"ProfileID\":193,\"Position\":{\"x\":-1180.88574,\"y\":127.79702,\"z\":-73.475},\"Rotation\":{\"x\":-0.0224387143,\"y\":0.9396954,\"z\":0.3354368,\"w\":0.06286001},\"LengthScale\":1.0}],\"Storages\":[]},{\"TypeID\":37,\"Position\":{\"x\":-1164.68738,\"y\":127.855652,\"z\":-76.19553},\"Rotation\":{\"y\":-0.843362868,\"w\":0.5373446},\"LinkedStructures\":[null,null,null,{\"TypeID\":37,\"InstanceID\":1},null,null],\"Elements\":[{\"ProfileID\":13,\"Position\":{\"x\":-1164.07593,\"y\":127.863152,\"z\":-77.88844},\"Rotation\":{\"x\":-0.521333933,\"y\":-0.477714419,\"z\":-0.477714419,\"w\":0.521333933},\"LengthScale\":0.99999994},{\"ProfileID\":13,\"Position\":{\"x\":-1164.22583,\"y\":127.863152,\"z\":-77.4641},\"Rotation\":{\"x\":-0.521333933,\"y\":-0.477714419,\"z\":-0.477714419,\"w\":0.521333933},\"LengthScale\":0.99999994},{\"ProfileID\":13,\"Position\":{\"x\":-1164.37964,\"y\":127.863152,\"z\":-77.0412445},\"Rotation\":{\"x\":-0.521333933,\"y\":-0.477714419,\"z\":-0.477714419,\"w\":0.521333933},\"LengthScale\":0.99999994},{\"ProfileID\":13,\"Position\":{\"x\":-1164.53357,\"y\":127.863152,\"z\":-76.61839},\"Rotation\":{\"x\":-0.521334,\"y\":-0.4777144,\"z\":-0.4777144,\"w\":0.521334},\"LengthScale\":1.00000012},{\"ProfileID\":13,\"Position\":{\"x\":-1164.68738,\"y\":127.855652,\"z\":-76.19553},\"Rotation\":{\"x\":-0.1268324,\"y\":0.6956391,\"z\":0.695639,\"w\":0.126832455},\"LengthScale\":1.0},{\"ProfileID\":156,\"Position\":{\"x\":-1164.38171,\"y\":127.859406,\"z\":-77.04193},\"Rotation\":{\"x\":0.058360517,\"y\":-0.927496254,\"z\":-0.331082165,\"w\":-0.163491666},\"LengthScale\":1.0}],\"Storages\":[]}],null,null,null,null,null,null,null,null,null,null,null]}"}}