{"Version":"0.0.0","Data":{"Fires":"{\"Version\":\"0.0.0\",\"FiresPerStructureType\":{\"32\":[{\"IsLit\":true,\"PutOutChance\":1,\"Fuel\":657.7351,\"FuelDrainRate\":0.25},{\"PutOutChance\":1,\"Fuel\":120.0,\"FuelDrainRate\":1.0},{\"PutOutChance\":2,\"Fuel\":120.0,\"FuelDrainRate\":1.0},{\"IsLit\":true,\"PutOutChance\":1,\"Fuel\":133.909271,\"FuelDrainRate\":0.25},{\"PutOutChance\":1,\"Fuel\":0.009026477,\"FuelDrainRate\":0.25}],\"25\":[{\"PutOutChance\":2,\"Fuel\":0.009547602,\"FuelDrainRate\":1.0},{\"IsLit\":true,\"PutOutChance\":2,\"Fuel\":3.17498851,\"FuelDrainRate\":1.0},{\"IsLit\":true,\"PutOutChance\":2,\"Fuel\":3.865134,\"FuelDrainRate\":1.0}]}}"}}