{"Version":"0.0.0","Data":{"FreeFormFreeLinksManager":"{\"_supportingStructuresData\":[{\"Structure\":{\"_typeId\":22,\"_instanceId\":1},\"List\":[{\"_typeId\":32,\"_instanceId\":4}]},{\"Structure\":{\"_typeId\":22,\"_instanceId\":2},\"List\":[{\"_typeId\":25,\"_instanceId\":13},{\"_typeId\":25,\"_instanceId\":14}]}],\"_supportedByStructuresData\":[{\"Structure\":{\"_typeId\":32,\"_instanceId\":4},\"List\":[{\"_typeId\":22,\"_instanceId\":1}]},{\"Structure\":{\"_typeId\":25,\"_instanceId\":13},\"List\":[{\"_typeId\":22,\"_instanceId\":2}]},{\"Structure\":{\"_typeId\":25,\"_instanceId\":14},\"List\":[{\"_typeId\":22,\"_instanceId\":2}]}]}"}}