{"Version":"0.0.0","Data":{"GameState":"{\"Version\":\"0.0.0\",\"GameName\":\"Normal 3 Days 13:13:43\",\"SaveTime\":\"2024-02-13T21:00:27.7968056-08:00\",\"GameType\":\"Normal\",\"GameId\":\"f31db395-d84c-4427-9a3c-e8b931a47342\",\"GameDays\":3,\"GameHours\":13,\"GameMinutes\":14,\"GameMilliseconds\":149,\"CrashSite\":\"tree\",\"NamedIntDatas\":[{\"SaveObjectNameId\":\"None\"},{\"SaveObjectNameId\":\"LuxuryBunker.HellDoorCaveEntrance\"},{\"SaveObjectNameId\":\"HangingTacticalGpsPickedUp\"},{\"SaveObjectNameId\":\"BuriedTacticalGpsPickedUp\"},{\"SaveObjectNameId\":\"RaftTacticalGpsPickeUp\"},{\"SaveObjectNameId\":\"BunkerA.EntranceHatch\"},{\"SaveObjectNameId\":\"BunkerB.EntranceHatch\"},{\"SaveObjectNameId\":\"BunkerC.EntranceHatch\"},{\"SaveObjectNameId\":\"CaveB.Sluggy\",\"SaveValue\":2},{\"SaveObjectNameId\":\"CaveB.BoardsB\"},{\"SaveObjectNameId\":\"CaveB.BoardsA\"},{\"SaveObjectNameId\":\"HangingTactical\"},{\"SaveObjectNameId\":\"HangingTacticalCutDown\"}]}"}}