{"Version":"0.0.0","Data":{"PlayerState":"{\"_entries\":[{\"Name\":\"GotTutorialTarp\",\"BoolValue\":true},{\"Name\":\"isNewItemInInventory_00000483\"},{\"Name\":\"crafted.00000379\",\"SettingType\":1,\"IntValue\":1},{\"Name\":\"crafted.00000412\",\"SettingType\":1,\"IntValue\":1},{\"Name\":\"crafted.00000413\",\"SettingType\":1,\"IntValue\":1},{\"Name\":\"crafted.00000589\",\"SettingType\":1,\"IntValue\":1},{\"Name\":\"isNewCraftingRecipe_StartingEmergencyPackRecipe\"},{\"Name\":\"isNewItemInInventory_00000379\"},{\"Name\":\"consumed.00000397\",\"SettingType\":1,\"IntValue\":5},{\"Name\":\"isNewCraftingRecipeTutorial_CraftedSpearRecipe\"},{\"Name\":\"isNewItemInInventory_00000380\"},{\"Name\":\"isNewItemInInventory_00000392\"},{\"Name\":\"isNewItemInInventory_00000393\"},{\"Name\":\"isNewItemInInventory_00000486\"},{\"Name\":\"isNewItemInInventory_00000419\"},{\"Name\":\"crafted.00000474\",\"SettingType\":1,\"IntValue\":1},{\"Name\":\"isNewCraftingRecipe_CraftedSpearRecipe\"},{\"Name\":\"isNewItemInInventory_00000413\"},{\"Name\":\"isNewItemInInventory_00000474\"},{\"Name\":\"consumed.00000398\",\"SettingType\":1,\"IntValue\":5},{\"Name\":\"InventoryLightsActive\"},{\"Name\":\"seenFirstTimeEquip_00000379\",\"BoolValue\":true},{\"Name\":\"seenFirstTimeEquip_00000589\",\"BoolValue\":true},{\"Name\":\"SCREWBookLastUsed\",\"BoolValue\":true},{\"Name\":\"BlueprintBookPageIndex\",\"SettingType\":1,\"IntValue\":4},{\"Name\":\"ShowMissingTacticalsTutorial\"},{\"Name\":\"ShowMissingPufftonsTutorial\"},{\"Name\":\"seenFirstTimeEquip_00000412\",\"BoolValue\":true},{\"Name\":\"seenFirstTimeEquip_00000413\",\"BoolValue\":true},{\"Name\":\"isNewItemInInventory_00000476\"},{\"Name\":\"isNewItemInInventory_00000441\"},{\"Name\":\"isNewItemInInventory_00000437\"},{\"Name\":\"consumed.00000437\",\"SettingType\":1,\"IntValue\":3},{\"Name\":\"hasOwned_00000402\",\"BoolValue\":true},{\"Name\":\"isNewCraftingRecipeTutorial_CraftedAxeRecipe\"},{\"Name\":\"isNewCraftingRecipeTutorial_TorchRecipe\"},{\"Name\":\"isNewCraftingRecipeTutorial_CraftedClubRecipe\"},{\"Name\":\"consumed.00000449\",\"SettingType\":1,\"IntValue\":2},{\"Name\":\"isNewItemInInventory_00000504\"},{\"Name\":\"isNewItemInInventory_00000403\"},{\"Name\":\"isNewItemInInventory_00000402\"},{\"Name\":\"isNewItemInInventory_00000425\"},{\"Name\":\"isNewItemInInventory_00000398\"},{\"Name\":\"isNewItemInInventory_00000397\"},{\"Name\":\"isNewCraftingRecipeTutorial_LeafArmourRecipe\"},{\"Name\":\"HasBeenTiredBefore\",\"BoolValue\":true},{\"Name\":\"consumed.00000441\",\"SettingType\":1,\"IntValue\":1},{\"Name\":\"isNewItemInInventory_00000449\"},{\"Name\":\"isNewItemInInventory_00000399\"},{\"Name\":\"consumed.00000399\",\"SettingType\":1,\"IntValue\":1},{\"Name\":\"isNewCraftingRecipeTutorial_CraftedBowRecipe\"},{\"Name\":\"isNewCraftingRecipeTutorial_MolotovRecipe\"},{\"Name\":\"Strength\",\"SettingType\":2,\"FloatValue\":98.49144},{\"Name\":\"StrengthLevel\",\"SettingType\":1,\"IntValue\":4},{\"Name\":\"CurrentStrength\",\"SettingType\":2,\"FloatValue\":1775.06152},{\"Name\":\"RequiredCurrentStrengthPerLevel\",\"SettingType\":2,\"FloatValue\":1802.24963},{\"Name\":\"MaxHealth\",\"SettingType\":2,\"FloatValue\":106.0},{\"Name\":\"CurrentHealth\",\"SettingType\":2,\"FloatValue\":57.0},{\"Name\":\"TargetHealth\",\"SettingType\":2,\"FloatValue\":57.0},{\"Name\":\"Hydration\",\"SettingType\":2,\"FloatValue\":63.3260574},{\"Name\":\"Fullness\",\"SettingType\":2,\"FloatValue\":38.3840561},{\"Name\":\"Rest\",\"SettingType\":2,\"FloatValue\":57.143692},{\"Name\":\"Stamina\",\"SettingType\":2,\"FloatValue\":57.8321152},{\"Name\":\"HydrationBuff\",\"SettingType\":2,\"FloatValue\":-2.28402233},{\"Name\":\"FullnessBuff\",\"SettingType\":2,\"FloatValue\":-2.5997293},{\"Name\":\"RestBuff\",\"SettingType\":2,\"FloatValue\":-3.15904617E-06},{\"Name\":\"CookingBuffTimeRemaining\",\"SettingType\":2},{\"Name\":\"CookingBuffRecipe\",\"SettingType\":1,\"IntValue\":-1},{\"Name\":\"player.position\",\"SettingType\":4,\"FloatArrayValue\":[-1174.32922,127.023369,-77.1415558]},{\"Name\":\"player.rotation\",\"SettingType\":4,\"FloatArrayValue\":[0.0,-0.9596045,2.79396772E-08,-0.281352431]},{\"Name\":\"player.areaMask\",\"SettingType\":1},{\"Name\":\"isNewItemInInventory_00000420\"},{\"Name\":\"crafted.00000443\",\"SettingType\":1,\"IntValue\":1},{\"Name\":\"isNewCraftingRecipe_CraftedBowRecipe\"},{\"Name\":\"isNewItemInInventory_00000589\"},{\"Name\":\"isNewItemInInventory_00000438\"},{\"Name\":\"isNewItemInInventory_00000443\"},{\"Name\":\"isNewItemInInventory_00000414\"},{\"Name\":\"isNewItemInInventory_00000635\"},{\"Name\":\"isNewItemInInventory_00000527\"},{\"Name\":\"isNewItemInInventory_00000416\"},{\"Name\":\"isNewCraftingRecipeTutorial_HealthMixPlusRecipe\"},{\"Name\":\"isNewItemInInventory_00000410\"},{\"Name\":\"isNewItemInInventory_00000524\"},{\"Name\":\"isNewItemInInventory_00000453\"},{\"Name\":\"consumed.00000517\",\"SettingType\":1,\"IntValue\":3},{\"Name\":\"isNewCraftingRecipeTutorial_CraftedArrowsRecipe\"},{\"Name\":\"isNewItemInInventory_00000432\"},{\"Name\":\"isNewItemInInventory_00000479\"},{\"Name\":\"crafted.00000507\",\"SettingType\":1,\"IntValue\":4},{\"Name\":\"isNewCraftingRecipe_CraftedArrowsRecipe\"},{\"Name\":\"isNewItemInInventory_00000415\"},{\"Name\":\"crafted.00000388\",\"SettingType\":1,\"IntValue\":1},{\"Name\":\"isNewCraftingRecipe_MolotovRecipe\"},{\"Name\":\"isNewItemInInventory_00000388\"},{\"Name\":\"isNewCraftingRecipeTutorial_CraftedArrowExplosiveUpgradeRecipe\"},{\"Name\":\"isNewCraftingRecipeTutorial_CraftedArrowFireUpgradeRecipe\"},{\"Name\":\"isNewCraftingRecipeTutorial_CraftedArrowShockUpgradeRecipe\"},{\"Name\":\"consumed.00000436\",\"SettingType\":1,\"IntValue\":3},{\"Name\":\"TutorialBookPageIndex\",\"SettingType\":1},{\"Name\":\"consumed.00000445\",\"SettingType\":1,\"IntValue\":2},{\"Name\":\"consumed.00000454\",\"SettingType\":1,\"IntValue\":1},{\"Name\":\"consumed.00000480\",\"SettingType\":1,\"IntValue\":1},{\"Name\":\"isNewCraftingRecipeTutorial_BoneArmourRecipe\"},{\"Name\":\"isNewItemInInventory_00000496\"},{\"Name\":\"isNewItemInInventory_00000405\"},{\"Name\":\"crafted.00000494\",\"SettingType\":1,\"IntValue\":1},{\"Name\":\"isNewCraftingRecipe_BoneArmourRecipe\"},{\"Name\":\"isNewItemInInventory_00000436\"},{\"Name\":\"consumed.00000451\",\"SettingType\":1,\"IntValue\":1},{\"Name\":\"isNewItemInInventory_00000690\"},{\"Name\":\"isNewItemInInventory_00000517\"},{\"Name\":\"isNewItemInInventory_00000451\"},{\"Name\":\"isNewItemInInventory_00000450\"},{\"Name\":\"crafted.00000456\",\"SettingType\":1,\"IntValue\":1},{\"Name\":\"isNewCraftingRecipe_HealthMixPlusRecipe\"},{\"Name\":\"isNewItemInInventory_00000508\"},{\"Name\":\"crafted.00000418\",\"SettingType\":1,\"IntValue\":1},{\"Name\":\"crafted.00000437\",\"SettingType\":1,\"IntValue\":1},{\"Name\":\"crafted.00000419\",\"SettingType\":1,\"IntValue\":1},{\"Name\":\"crafted.00000466\",\"SettingType\":1,\"IntValue\":1},{\"Name\":\"crafted.00000479\",\"SettingType\":1,\"IntValue\":1},{\"Name\":\"isNewCraftingRecipe_LootPouchRecipe\"}],\"NamedInts\":[{\"SaveObjectNameId\":\"BunkerLuxury.Cutscene.MutantBossIntro\"},{\"SaveObjectNameId\":\"BunkerResidential.Cutscene.GetDownSon\"}]}"}}