{"Version":"0.0.0","Data":{"PlayerInventory":"{\"Version\":\"0.0.0\",\"QuickSelect\":{\"Version\":\"0.0.0\",\"Slots\":[{\"ItemId\":379,\"Age\":95.41566},{\"ItemId\":474,\"Age\":843.382141},{\"ItemId\":393,\"Age\":95.41566},{\"ItemId\":430,\"Age\":1845.13623},{\"ItemId\":453,\"Age\":95.41566},{\"ItemId\":476,\"Age\":95.41566},{\"ItemId\":398,\"Age\":95.41566},{\"ItemId\":524,\"Age\":95.41566},{\"ItemId\":589,\"Age\":95.41566}]},\"EquippedItems\":[],\"ItemInstanceManagerData\":{\"Version\":\"0.0.0\",\"ItemBlocks\":[{\"ItemId\":402,\"TotalCount\":1,\"UniqueItems\":[{\"Modules\":[{\"Version\":\"0.0.0\"}]}]},{\"ItemId\":380,\"TotalCount\":1,\"UniqueItems\":[{\"Modules\":[{\"Version\":\"0.0.0\"}]}]},{\"ItemId\":351,\"TotalCount\":1,\"UniqueItems\":[]},{\"ItemId\":552,\"TotalCount\":1,\"UniqueItems\":[]},{\"ItemId\":690,\"TotalCount\":1,\"UniqueItems\":[]},{\"ItemId\":486,\"TotalCount\":1,\"UniqueItems\":[]},{\"ItemId\":453,\"TotalCount\":1,\"UniqueItems\":[]},{\"ItemId\":393,\"TotalCount\":4,\"UniqueItems\":[]},{\"ItemId\":420,\"TotalCount\":6,\"UniqueItems\":[]},{\"ItemId\":476,\"TotalCount\":23,\"UniqueItems\":[]},{\"ItemId\":419,\"TotalCount\":6,\"UniqueItems\":[]},{\"ItemId\":437,\"TotalCount\":1,\"UniqueItems\":[]},{\"ItemId\":504,\"TotalCount\":3,\"UniqueItems\":[]},{\"ItemId\":441,\"TotalCount\":3,\"UniqueItems\":[]},{\"ItemId\":416,\"TotalCount\":1,\"UniqueItems\":[]},{\"ItemId\":440,\"TotalCount\":5,\"UniqueItems\":[]},{\"ItemId\":364,\"TotalCount\":14,\"UniqueItems\":[]},{\"ItemId\":363,\"TotalCount\":4,\"UniqueItems\":[]},{\"ItemId\":425,\"TotalCount\":3,\"UniqueItems\":[]},{\"ItemId\":527,\"TotalCount\":4,\"UniqueItems\":[]},{\"ItemId\":413,\"TotalCount\":1,\"UniqueItems\":[]},{\"ItemId\":589,\"TotalCount\":1,\"UniqueItems\":[]},{\"ItemId\":379,\"TotalCount\":1,\"UniqueItems\":[{\"Modules\":[{\"Version\":\"0.0.0\"},{\"Version\":\"0.0.0\",\"ModuleId\":8}]}]},{\"ItemId\":412,\"TotalCount\":1,\"UniqueItems\":[]},{\"ItemId\":601,\"TotalCount\":1,\"UniqueItems\":[]},{\"ItemId\":392,\"TotalCount\":13,\"UniqueItems\":[]},{\"ItemId\":438,\"TotalCount\":6,\"UniqueItems\":[]},{\"ItemId\":635,\"TotalCount\":2,\"UniqueItems\":[]},{\"ItemId\":390,\"TotalCount\":200,\"UniqueItems\":[]},{\"ItemId\":474,\"TotalCount\":4,\"UniqueItems\":[{\"Modules\":[{\"ChannelWeights\":{\"x\":2.752879E-16},\"Version\":\"0.0.0\"},{\"AmmoType\":474,\"CurrentAmmo\":1,\"WeaponModIds\":[],\"Version\":\"0.0.0\",\"ModuleId\":4}]},{\"Modules\":[{\"Version\":\"0.0.0\"},{\"AmmoType\":474,\"CurrentAmmo\":1,\"WeaponModIds\":[],\"Version\":\"0.0.0\",\"ModuleId\":4}]},{\"Modules\":[{\"Version\":\"0.0.0\"},{\"AmmoType\":474,\"CurrentAmmo\":1,\"WeaponModIds\":[],\"Version\":\"0.0.0\",\"ModuleId\":4}]},{\"Modules\":[{\"ChannelWeights\":{\"x\":4.938868E-19},\"Version\":\"0.0.0\"},{\"AmmoType\":474,\"CurrentAmmo\":1,\"WeaponModIds\":[],\"Version\":\"0.0.0\",\"ModuleId\":4}]}]},{\"ItemId\":398,\"TotalCount\":10,\"UniqueItems\":[]},{\"ItemId\":397,\"TotalCount\":3,\"UniqueItems\":[]},{\"ItemId\":403,\"TotalCount\":4,\"UniqueItems\":[]},{\"ItemId\":484,\"TotalCount\":18,\"UniqueItems\":[]},{\"ItemId\":446,\"TotalCount\":1,\"UniqueItems\":[]},{\"ItemId\":410,\"TotalCount\":6,\"UniqueItems\":[]},{\"ItemId\":418,\"TotalCount\":5,\"UniqueItems\":[]},{\"ItemId\":634,\"TotalCount\":3,\"UniqueItems\":[]},{\"ItemId\":432,\"TotalCount\":1,\"UniqueItems\":[]},{\"ItemId\":496,\"TotalCount\":28,\"UniqueItems\":[]},{\"ItemId\":534,\"TotalCount\":1,\"UniqueItems\":[]},{\"ItemId\":524,\"TotalCount\":4,\"UniqueItems\":[]},{\"ItemId\":414,\"TotalCount\":6,\"UniqueItems\":[]},{\"ItemId\":454,\"TotalCount\":1,\"UniqueItems\":[]},{\"ItemId\":443,\"TotalCount\":1,\"UniqueItems\":[{\"Modules\":[{\"AmmoType\":507,\"CurrentAmmo\":1,\"WeaponModIds\":[],\"Version\":\"0.0.0\",\"ModuleId\":4}]}]},{\"ItemId\":479,\"TotalCount\":20,\"UniqueItems\":[]},{\"ItemId\":507,\"TotalCount\":3,\"UniqueItems\":[{\"Modules\":[{\"Version\":\"0.0.0\",\"ModuleId\":9}]},{\"Modules\":[{\"Version\":\"0.0.0\",\"ModuleId\":9}]},{\"Modules\":[{\"Version\":\"0.0.0\",\"ModuleId\":9}]}]},{\"ItemId\":388,\"TotalCount\":1,\"UniqueItems\":[]},{\"ItemId\":445,\"TotalCount\":2,\"UniqueItems\":[]},{\"ItemId\":599,\"TotalCount\":1,\"UniqueItems\":[]},{\"ItemId\":405,\"TotalCount\":4,\"UniqueItems\":[]},{\"ItemId\":456,\"TotalCount\":1,\"UniqueItems\":[]},{\"ItemId\":430,\"TotalCount\":1,\"UniqueItems\":[]},{\"ItemId\":477,\"TotalCount\":1,\"UniqueItems\":[{\"Modules\":[{\"ChannelWeights\":{\"x\":6.907244E-39},\"Version\":\"0.0.0\"},{\"Version\":\"0.0.0\",\"ModuleId\":8}]}]},{\"ItemId\":502,\"TotalCount\":1,\"UniqueItems\":[]},{\"ItemId\":472,\"TotalCount\":1,\"UniqueItems\":[]},{\"ItemId\":651,\"TotalCount\":1,\"UniqueItems\":[]},{\"ItemId\":439,\"TotalCount\":4,\"UniqueItems\":[]},{\"ItemId\":471,\"TotalCount\":1,\"UniqueItems\":[{\"Modules\":[{\"RecipeId\":-1,\"CurrentVolume\":98,\"Version\":\"0.0.0\",\"ModuleId\":7}]}]},{\"ItemId\":381,\"TotalCount\":1,\"UniqueItems\":[]},{\"ItemId\":356,\"TotalCount\":1,\"UniqueItems\":[{\"Modules\":[{\"ChannelWeights\":{\"x\":0.109999985},\"Version\":\"0.0.0\"},{\"Version\":\"0.0.0\",\"ModuleId\":8}]}]},{\"ItemId\":480,\"TotalCount\":1,\"UniqueItems\":[{\"Modules\":[{\"SourceActorType\":29,\"Version\":\"0.0.0\",\"ModuleId\":1},{\"CurrentState\":1,\"TimeRemainingInState\":34835.6523,\"Version\":\"0.0.0\",\"ModuleId\":3},{\"Version\":\"0.0.0\"}]}]},{\"ItemId\":451,\"TotalCount\":1,\"UniqueItems\":[]},{\"ItemId\":503,\"TotalCount\":1,\"UniqueItems\":[{\"Modules\":[{\"Version\":\"0.0.0\"}]}]}]}}"}}