{"Version":"0.0.0","Data":{"ScrewStructureInstances":"{\"_structures\":[{\"Id\":37,\"Pos\":{\"x\":-1169.09937,\"y\":125.831055,\"z\":-65.60533},\"Rot\":{\"x\":-0.0136344675,\"y\":0.9913189,\"z\":-0.0100567751,\"w\":0.130383581},\"Storages\":[{\"Version\":\"0.0.0\",\"ItemBlocks\":[{\"ItemId\":78,\"TotalCount\":2,\"UniqueItems\":[]}]}],\"Modules\":[]},{\"Id\":27,\"Pos\":{\"x\":-1178.97839,\"y\":125.81604,\"z\":-88.73203},\"Rot\":{\"x\":-0.0291437358,\"y\":0.7025607,\"z\":-0.0109969843,\"w\":-0.710941732},\"Storages\":[{\"Version\":\"0.0.0\",\"ItemBlocks\":[{\"ItemId\":436,\"TotalCount\":5,\"UniqueItems\":[{\"Modules\":[{\"CurrentState\":1,\"TimeRemainingInState\":86400.0,\"PauseDecay\":true,\"Version\":\"0.0.0\",\"ModuleId\":3}]},{\"Modules\":[{\"CurrentState\":4,\"TimeRemainingInState\":172800.0,\"PauseDecay\":true,\"Version\":\"0.0.0\",\"ModuleId\":3}]},{\"Modules\":[{\"CurrentState\":1,\"TimeRemainingInState\":86400.0,\"PauseDecay\":true,\"Version\":\"0.0.0\",\"ModuleId\":3}]},{\"Modules\":[{\"CurrentState\":1,\"TimeRemainingInState\":86400.0,\"PauseDecay\":true,\"Version\":\"0.0.0\",\"ModuleId\":3}]},{\"Modules\":[{\"CurrentState\":1,\"TimeRemainingInState\":86400.0,\"PauseDecay\":true,\"Version\":\"0.0.0\",\"ModuleId\":3}]}]},{\"ItemId\":433,\"TotalCount\":1,\"UniqueItems\":[{\"Modules\":[{\"CurrentState\":1,\"TimeRemainingInState\":29994.2559,\"PauseDecay\":true,\"Version\":\"0.0.0\",\"ModuleId\":3}]}]}]}],\"Modules\":[]},{\"Pos\":{\"x\":-1176.35754,\"y\":127.909332,\"z\":-88.23747},\"Rot\":{\"y\":0.122139454,\"w\":0.992513},\"Storages\":[{\"Version\":\"0.0.0\",\"ItemBlocks\":[{\"ItemId\":479,\"TotalCount\":5,\"UniqueItems\":[]}]}],\"Modules\":[]},{\"Id\":84,\"Pos\":{\"x\":-1164.396,\"y\":126.528152,\"z\":-74.52506},\"Rot\":{\"y\":0.8337034,\"w\":-0.552212536},\"Storages\":[{\"Version\":\"0.0.0\",\"ItemBlocks\":[{\"ItemId\":576,\"TotalCount\":12,\"UniqueItems\":[]}]}],\"Modules\":[]},{\"Id\":22,\"Pos\":{\"x\":-1173.82544,\"y\":127.023369,\"z\":-78.10196},\"Rot\":{\"y\":0.820004165,\"w\":-0.5723576},\"Storages\":[],\"Modules\":[]},{\"Id\":27,\"Pos\":{\"x\":-1181.60486,\"y\":125.872459,\"z\":-88.55657},\"Rot\":{\"x\":0.009309972,\"y\":0.7492464,\"z\":-0.0337541066,\"w\":0.661365151},\"Storages\":[{\"Version\":\"0.0.0\",\"ItemBlocks\":[{\"ItemId\":436,\"TotalCount\":1,\"UniqueItems\":[{\"Modules\":[{\"CurrentState\":1,\"TimeRemainingInState\":86400.0,\"PauseDecay\":true,\"Version\":\"0.0.0\",\"ModuleId\":3}]}]}]}],\"Modules\":[]},{\"Id\":35,\"Pos\":{\"x\":-1181.33252,\"y\":125.050171,\"z\":-93.08335},\"Rot\":{\"x\":-0.000123419013,\"y\":-0.999875844,\"z\":0.0117490562,\"w\":0.0105032856},\"Storages\":[{\"Version\":\"0.0.0\",\"ItemBlocks\":[]}],\"Modules\":[]},{\"Id\":35,\"Pos\":{\"x\":-1182.56665,\"y\":125.04435,\"z\":-92.4048157},\"Rot\":{\"x\":-0.007001384,\"y\":0.9290672,\"z\":-0.0154307149,\"w\":-0.369522721},\"Storages\":[{\"Version\":\"0.0.0\",\"ItemBlocks\":[]}],\"Modules\":[]},{\"Id\":35,\"Pos\":{\"x\":-1180.04309,\"y\":125.050186,\"z\":-93.08279},\"Rot\":{\"x\":-0.000319889223,\"y\":0.999560356,\"z\":-0.0117453467,\"w\":0.0272234268},\"Storages\":[{\"Version\":\"0.0.0\",\"ItemBlocks\":[{\"ItemId\":436,\"TotalCount\":1,\"UniqueItems\":[{\"Modules\":[{\"CurrentState\":1,\"TimeRemainingInState\":86400.0,\"PauseDecay\":true,\"Version\":\"0.0.0\",\"ModuleId\":3}]}]}]}],\"Modules\":[]},{\"Id\":67,\"Pos\":{\"x\":-1167.8623,\"y\":126.528152,\"z\":-80.44607},\"Rot\":{\"y\":-0.264932483,\"w\":-0.964267},\"Storages\":[{\"Version\":\"0.0.0\",\"ItemBlocks\":[{\"ItemId\":78,\"TotalCount\":10,\"UniqueItems\":[]}]}],\"Modules\":[]},{\"Id\":42,\"Pos\":{\"x\":-1181.15186,\"y\":126.277206,\"z\":-106.003632},\"Rot\":{\"x\":-0.087511085,\"y\":0.9352399,\"z\":-0.0319577754,\"w\":-0.341536015},\"Storages\":[],\"Modules\":[]},{\"Id\":52,\"Pos\":{\"x\":-1169.28015,\"y\":126.528152,\"z\":-72.88293},\"Rot\":{\"y\":-0.5669092,\"w\":0.823780358},\"Storages\":[],\"Modules\":[]},{\"Id\":24,\"Pos\":{\"x\":-1173.673,\"y\":131.028152,\"z\":-78.13652},\"Rot\":{\"y\":0.8271205,\"w\":0.562024653},\"Storages\":[],\"Modules\":[]}]}"}}