{"Version":"0.0.0","Data":{"StructureDestruction":"{\"Version\":\"0.0.0\",\"Data\":[{\"TypeID\":8,\"InstanceID\":1,\"Info\":{\"Health\":745.0,\"MaxHealth\":780.0,\"ElementCount\":5,\"MaxElements\":5,\"BreakCount\":3.75,\"CanBreakTopElement\":true}},{\"TypeID\":22,\"InstanceID\":1,\"Info\":{\"Health\":2365.0,\"MaxHealth\":2400.0,\"ElementCount\":5,\"MaxElements\":5,\"BreakCount\":3.75,\"CanBreakTopElement\":true}},{\"TypeID\":32,\"InstanceID\":4,\"Info\":{\"Health\":445.0,\"MaxHealth\":60.0,\"ElementCount\":8,\"MaxElements\":1,\"BreakCount\":0.75,\"CanBreakTopElement\":true}},{\"TypeID\":8,\"InstanceID\":4,\"Info\":{\"Health\":965.0,\"MaxHealth\":1005.0,\"ElementCount\":5,\"MaxElements\":5,\"BreakCount\":3.75,\"CanBreakTopElement\":true}},{\"TypeID\":3,\"InstanceID\":1,\"Info\":{\"Health\":40.0,\"MaxHealth\":60.0,\"ElementCount\":1,\"MaxElements\":1,\"BreakCount\":0.75,\"CanBreakTopElement\":true}},{\"TypeID\":9,\"InstanceID\":31,\"Info\":{\"Health\":1140.0,\"MaxHealth\":1200.0,\"ElementCount\":5,\"MaxElements\":5,\"BreakCount\":3.75,\"CanBreakTopElement\":true}},{\"TypeID\":9,\"InstanceID\":24,\"Info\":{\"Health\":1170.0,\"MaxHealth\":1200.0,\"ElementCount\":5,\"MaxElements\":5,\"BreakCount\":3.75,\"CanBreakTopElement\":true}},{\"TypeID\":3,\"InstanceID\":5,\"Info\":{\"Health\":190.749985,\"MaxHealth\":210.749985,\"ElementCount\":1,\"MaxElements\":1,\"BreakCount\":0.75,\"CanBreakTopElement\":true}},{\"TypeID\":9,\"InstanceID\":36,\"Info\":{\"Health\":1125.0,\"MaxHealth\":1200.0,\"ElementCount\":5,\"MaxElements\":5,\"BreakCount\":3.75,\"CanBreakTopElement\":true}}]}"}}