{"Version":"0.0.0","Data":{"WorldObjectLocatorManager":"{\"Version\":\"0.0.0\",\"SerializedStates\":[{\"Key\":\"D795B8FFDD4F080074F3F4FF\",\"Value\":1},{\"Key\":\"D941BAFF66F6070004AFF9FF\",\"Value\":1},{\"Key\":\"944DBAFFA4F60700FDA6F9FF\",\"Value\":1},{\"Key\":\"254DBAFF99F60700F7BFF9FF\",\"Value\":1},{\"Key\":\"3054BAFF70F607000AD6F9FF\",\"Value\":1},{\"Key\":\"8E65BAFFC2F6070053CAF9FF\",\"Value\":1},{\"Key\":\"AA5EBAFFA6F60700FA3DF9FF\",\"Value\":2},{\"Key\":\"9D90B8FF00B90700660DFBFF\",\"Value\":1},{\"Key\":\"D490B8FF00B907006F18FBFF\",\"Value\":1},{\"Key\":\"EBA4B8FF00B90700730FFBFF\",\"Value\":1},{\"Key\":\"3E8AB8FF00B90700106CFBFF\",\"Value\":1},{\"Key\":\"ACF9B7FFEDB707008F87FBFF\",\"Value\":1},{\"Key\":\"8FBDB8FF00B90700302DFBFF\",\"Value\":1},{\"Key\":\"FDB2B7FF64B80700DE82FBFF\",\"Value\":1},{\"Key\":\"D4BAB7FF72B80700A680FBFF\",\"Value\":1},{\"Key\":\"2885B7FF00B90700D867FBFF\",\"Value\":3},{\"Key\":\"64ADB7FF59B707009194FBFF\",\"Value\":1},{\"Key\":\"3925B9FFB5BC07009C7FFBFF\",\"Value\":1},{\"Key\":\"1AE8B7FFD5B80700A664FBFF\",\"Value\":1},{\"Key\":\"B3B2B2FF5BE206000037FDFF\",\"Value\":1},{\"Key\":\"8DF8B7FF00B907001B0AFBFF\",\"Value\":1},{\"Key\":\"C4EBB7FF00B90700C519FBFF\",\"Value\":1},{\"Key\":\"8B03B8FF00B90700AC2BFBFF\",\"Value\":1},{\"Key\":\"9DF8B7FF00B907009C3BFBFF\",\"Value\":1},{\"Key\":\"D5EDB7FF00B90700E02DFBFF\",\"Value\":1},{\"Key\":\"E205B8FF00B907003045FBFF\",\"Value\":1},{\"Key\":\"69AEB7FF00B90700FF47FBFF\",\"Value\":1},{\"Key\":\"B26AB8FF9AB30700E841FCFF\",\"Value\":1},{\"Key\":\"EA86B8FF96B20700774FFCFF\",\"Value\":1},{\"Key\":\"8F96B8FF8FB10700CE4CFCFF\",\"Value\":1},{\"Key\":\"E2A4B8FF3FB00700E84AFCFF\",\"Value\":1},{\"Key\":\"3A41B7FF57AE07005115FCFF\",\"Value\":1},{\"Key\":\"9E33B7FF24AF07001505FCFF\",\"Value\":1},{\"Key\":\"01CDB7FFD9B60700FBA0FBFF\",\"Value\":1},{\"Key\":\"D4F6B7FFC3B40700F3C9FBFF\",\"Value\":1},{\"Key\":\"2810B8FF1BAC070057C7FCFF\",\"Value\":1},{\"Key\":\"6C43B9FF48C20700ED8BFBFF\",\"Value\":1},{\"Key\":\"624CB9FF6DC30700838EFBFF\",\"Value\":1},{\"Key\":\"290BB9FF92B907006D88FBFF\",\"Value\":1},{\"Key\":\"D63CB8FF03A307006505FDFF\",\"Value\":1},{\"Key\":\"93DEB7FFC5B50700EFABFBFF\",\"Value\":1},{\"Key\":\"17E7B7FFBAB4070022C6FBFF\",\"Value\":1},{\"Key\":\"85DDB7FFF8B4070081CFFBFF\",\"Value\":1},{\"Key\":\"D6D5B7FFF7B40700F4C6FBFF\",\"Value\":1},{\"Key\":\"5D5AB7FF00B907006945FBFF\",\"Value\":1},{\"Key\":\"712DB7FFB1B20700BFC8FBFF\",\"Value\":1},{\"Key\":\"F854B8FFDA9C07006E23FDFF\",\"Value\":1},{\"Key\":\"6937B8FFA89F0700AD28FDFF\",\"Value\":1},{\"Key\":\"D137B8FF10A007007823FDFF\",\"Value\":1},{\"Key\":\"9AC4B7FF00B90700CE67FBFF\",\"Value\":1},{\"Key\":\"7872B8FF7A9A07004E23FDFF\",\"Value\":1},{\"Key\":\"39D6B7FF00B90700482DFBFF\",\"Value\":1},{\"Key\":\"A623B8FFC1A10700072DFDFF\",\"Value\":1},{\"Key\":\"AE49B8FFA0A6070071E5FCFF\",\"Value\":1},{\"Key\":\"82CFB7FF00B907001910FBFF\",\"Value\":1},{\"Key\":\"A4C2B7FF91A707009AEFFCFF\",\"Value\":1},{\"Key\":\"1115B8FF00B90700FE21FBFF\",\"Value\":1},{\"Key\":\"BD20B8FF00B907008621FBFF\",\"Value\":1},{\"Key\":\"AA32B8FF00B90700E92CFBFF\",\"Value\":1},{\"Key\":\"8882B7FF14A807002BE6FCFF\",\"Value\":1},{\"Key\":\"6C73B7FF53A7070048E9FCFF\",\"Value\":1},{\"Key\":\"FC81B7FF04A707002EF4FCFF\",\"Value\":1},{\"Key\":\"78B8B8FF70AE0700361AFCFF\",\"Value\":1},{\"Key\":\"CBBDB8FF30AE07007913FCFF\",\"Value\":1},{\"Key\":\"F2D4B8FF16AC0700021BFCFF\",\"Value\":1},{\"Key\":\"C4C9B8FF11AC07002C36FCFF\",\"Value\":1},{\"Key\":\"263CB8FFAFB80700B165FBFF\",\"Value\":1},{\"Key\":\"093CB8FF00B90700016FFBFF\",\"Value\":1},{\"Key\":\"C84CB8FFD6B807005367FBFF\",\"Value\":1},{\"Key\":\"654CB8FFF3B807008B7AFBFF\",\"Value\":1},{\"Key\":\"8838B8FFD1B807003980FBFF\",\"Value\":1},{\"Key\":\"7485B7FF2DAA0700C295FCFF\",\"Value\":1},{\"Key\":\"E48FB7FFF7A907006A84FCFF\",\"Value\":1},{\"Key\":\"C58AB7FF68AA07005B9EFCFF\",\"Value\":1},{\"Key\":\"8C47B8FFFEB70700B593FBFF\",\"Value\":1},{\"Key\":\"444DB8FF60B80700478DFBFF\",\"Value\":1},{\"Key\":\"B257B8FFC0B80700F482FBFF\",\"Value\":1},{\"Key\":\"7256B8FFABB707002599FBFF\",\"Value\":1},{\"Key\":\"183EB8FF53B70700CD99FBFF\",\"Value\":1},{\"Key\":\"7F3AB8FF4FB4070048B3FBFF\",\"Value\":1},{\"Key\":\"9847B8FF46B60700C6A6FBFF\",\"Value\":1},{\"Key\":\"0557B8FF5DB5070048AAFBFF\",\"Value\":1},{\"Key\":\"A543B8FFDEB107001ABEFBFF\",\"Value\":1},{\"Key\":\"A669B8FF8EB00700AEBEFBFF\",\"Value\":1},{\"Key\":\"5F6EB8FFB1B50700D6B3FBFF\",\"Value\":1},{\"Key\":\"BD88B8FF5FB10700BBBBFBFF\",\"Value\":1},{\"Key\":\"2989B8FF2CB6070034B1FBFF\",\"Value\":1},{\"Key\":\"C98FB8FF90B00700CEBEFBFF\",\"Value\":1},{\"Key\":\"3E80B8FFADB80700F893FBFF\",\"Value\":1},{\"Key\":\"AD74B8FF5FB80700A294FBFF\",\"Value\":1},{\"Key\":\"8576B8FFF3B80700BB83FBFF\",\"Value\":1},{\"Key\":\"366CB8FFFAB807007A79FBFF\",\"Value\":1},{\"Key\":\"B657B8FFD8B70700C55CFBFF\",\"Value\":1},{\"Key\":\"8F23B8FF31B80700F48DFBFF\",\"Value\":1},{\"Key\":\"2A1DB8FF4FB707006C99FBFF\",\"Value\":1},{\"Key\":\"FD11B8FFBEB4070011B4FBFF\",\"Value\":1},{\"Key\":\"6CFFB7FFF4B407007FB9FBFF\",\"Value\":1},{\"Key\":\"B4CCB8FF7DAB0700E678FCFF\",\"Value\":1},{\"Key\":\"ECDCB8FF15AA0700937BFCFF\",\"Value\":1},{\"Key\":\"41C3B8FF34AC0700B67CFCFF\",\"Value\":1},{\"Key\":\"C6CCB8FFD1AA0700F38BFCFF\",\"Value\":1},{\"Key\":\"09F7B7FF8FB507002EAEFBFF\",\"Value\":1},{\"Key\":\"50C3B8FF47AB0700F78FFCFF\",\"Value\":1},{\"Key\":\"4ACBB7FFEEB5070042AFFBFF\",\"Value\":1},{\"Key\":\"62CAB7FF3BB5070035C4FBFF\",\"Value\":1},{\"Key\":\"5EBFB7FF69B50700DDCEFBFF\",\"Value\":1},{\"Key\":\"45D5B7FF0DB50700F4DFFBFF\",\"Value\":1},{\"Key\":\"AEE5B7FFECB407001CEBFBFF\",\"Value\":1},{\"Key\":\"C5F1B7FFE7B4070076F9FBFF\",\"Value\":1},{\"Key\":\"FE28B9FFCA9F070092E1FCFF\",\"Value\":1},{\"Key\":\"D421B9FF589D07009AF5FCFF\",\"Value\":1},{\"Key\":\"4E32B9FFF49D070060EBFCFF\",\"Value\":1},{\"Key\":\"68FDB7FF02B507007400FCFF\",\"Value\":1},{\"Key\":\"0676B8FFC0B007008608FCFF\",\"Value\":1},{\"Key\":\"6C8AB8FF00B90700FF27FBFF\",\"Value\":1},{\"Key\":\"4A9CB8FF00B90700AE23FBFF\",\"Value\":1},{\"Key\":\"7FA5B7FFE5B5070017AFFBFF\",\"Value\":1},{\"Key\":\"DE59B9FF97C607003C75FBFF\",\"Value\":1},{\"Key\":\"51E3B6FF41A7070009E8FBFF\",\"Value\":1},{\"Key\":\"CC9AB6FF9EA80700D0C1FBFF\",\"Value\":1},{\"Key\":\"FA39B8FFA7B407008807FAFF\",\"Value\":1},{\"Key\":\"6330B8FFA4B5070030FAF9FF\",\"Value\":1},{\"Key\":\"6AFAB6FFA7A90700F4EDFBFF\",\"Value\":1},{\"Key\":\"6A4CB8FFA0B607000B0FFAFF\",\"Value\":1},{\"Key\":\"C54FB8FF05BA0700CEF8F9FF\",\"Value\":1},{\"Key\":\"D6F5B6FF00B907006027FBFF\",\"Value\":1},{\"Key\":\"CF8FB7FF00B90700C402FBFF\",\"Value\":1},{\"Key\":\"B8B6B5FFAD9C07008E52FBFF\",\"Value\":1},{\"Key\":\"5A9CB7FF00B90700FBF6FAFF\",\"Value\":1},{\"Key\":\"1499B5FFDB9B0700FE4DFBFF\",\"Value\":1},{\"Key\":\"9B81B7FF00B90700B2E1FAFF\",\"Value\":1},{\"Key\":\"BC6FB5FFF79F070039E6FAFF\",\"Value\":1},{\"Key\":\"7B6BB8FF37B10700037EFCFF\",\"Value\":1},{\"Key\":\"F259B8FF33AC0700EDB7FCFF\",\"Value\":1},{\"Key\":\"5F22B8FF86A407000F0FFDFF\",\"Value\":1},{\"Key\":\"8A6AB7FF00B90700FBECFAFF\",\"Value\":1},{\"Key\":\"3A5CB7FFD4B807006764FBFF\",\"Value\":1},{\"Key\":\"8073B7FF00B9070075FCFAFF\",\"Value\":1},{\"Key\":\"C597B6FF4CA9070089B2FBFF\",\"Value\":1},{\"Key\":\"487AB7FFCCB8070004D9FAFF\",\"Value\":1},{\"Key\":\"CB5DB7FF00B90700B1DCFAFF\",\"Value\":1},{\"Key\":\"0B67B7FF8FB8070075C7FAFF\",\"Value\":1},{\"Key\":\"EC3DB7FF00B90700B8EFFAFF\",\"Value\":1},{\"Key\":\"2810B7FF00B90700BE0CFBFF\",\"Value\":1},{\"Key\":\"E010B7FF00B90700AF39FBFF\",\"Value\":1},{\"Key\":\"BE92B6FF69B20700B738FBFF\",\"Value\":1},{\"Key\":\"3D1DB9FF29B70700F2CBFBFF\",\"Value\":1},{\"Key\":\"5708B9FF38B807005FABFBFF\",\"Value\":1},{\"Key\":\"3D80B6FFEBB6070012E2FAFF\",\"Value\":1},{\"Key\":\"84BAB6FF6DB00700D470FAFF\",\"Value\":1},{\"Key\":\"8C84B6FF79B607006DEDFAFF\",\"Value\":1},{\"Key\":\"CE06B9FF47B5070076C9FBFF\",\"Value\":1},{\"Key\":\"27C9B6FF71B30700C657FBFF\",\"Value\":1},{\"Key\":\"03B1B6FFD6B10700698AFAFF\",\"Value\":1},{\"Key\":\"D142B7FF00B90700EE47FBFF\",\"Value\":1},{\"Key\":\"F0ADB6FF81AF07006B61FBFF\",\"Value\":1},{\"Key\":\"55D7B6FFFAB5070045AAFAFF\",\"Value\":1},{\"Key\":\"2C2EB9FF56BB070049BBFBFF\",\"Value\":1},{\"Key\":\"3BC8B6FFE5B807002AC9FAFF\",\"Value\":1},{\"Key\":\"8CE6B6FF7EB8070024C8FAFF\",\"Value\":1},{\"Key\":\"1EA9B6FF00B8070041B3FAFF\",\"Value\":1},{\"Key\":\"EFBAB6FF9AB607007FAAFAFF\",\"Value\":1},{\"Key\":\"4CA8B6FFC7B307007796FAFF\",\"Value\":1},{\"Key\":\"64DAB6FF66B207007893FAFF\",\"Value\":1},{\"Key\":\"A9D2B6FFB3B207004E92FAFF\",\"Value\":1},{\"Key\":\"56BCB6FF35B307004A95FAFF\",\"Value\":1},{\"Key\":\"979BB6FFA0B80700CBD6FAFF\",\"Value\":1},{\"Key\":\"39BDB6FFFCB8070074E5FAFF\",\"Value\":1},{\"Key\":\"316CB9FF40CA0700BC66FBFF\",\"Value\":1},{\"Key\":\"C814B9FF00B90700660DFBFF\",\"Value\":3},{\"Key\":\"084DB9FFBCC607009345FBFF\",\"Value\":1},{\"Key\":\"07CFB8FF29B307001AD5FBFF\",\"Value\":1},{\"Key\":\"1C39B9FF65C20700B05EFBFF\",\"Value\":3},{\"Key\":\"48ACB8FFC8AE07009567FCFF\",\"Value\":3},{\"Key\":\"769DB8FFAAB00700CD59FCFF\",\"Value\":1},{\"Key\":\"24ADB8FF3CAD07001C85FCFF\",\"Value\":1},{\"Key\":\"96A4B8FFA4AA070005AAFCFF\",\"Value\":1},{\"Key\":\"D0A2B8FFD1AC07006193FCFF\",\"Value\":1},{\"Key\":\"01BDB8FFDAA4070094D7FCFF\",\"Value\":1},{\"Key\":\"C2B1B8FF8EA20700FCE6FCFF\",\"Value\":1},{\"Key\":\"6FC4B8FFCF9D0700B706FDFF\",\"Value\":1},{\"Key\":\"3008B9FF33A607007A4EFCFF\",\"Value\":3},{\"Key\":\"8D2AB8FF6CA9070033DCFCFF\",\"Value\":3},{\"Key\":\"B3F1B8FF80A707006540FCFF\",\"Value\":1},{\"Key\":\"2D20B8FFD5AC070019BEFCFF\",\"Value\":1},{\"Key\":\"94FBB7FF97AA0700FAD7FCFF\",\"Value\":1},{\"Key\":\"E9F5B8FF00B90700BEC5FAFF\",\"Value\":3},{\"Key\":\"47E8B8FF48AF07001CEFFBFF\",\"Value\":1},{\"Key\":\"7AAEB2FF9CE106001B30FDFF\",\"Value\":1},{\"Key\":\"818AB9FF2FA80700EFB6FCFF\",\"Value\":1},{\"Key\":\"5E7AB9FFC6A4070020CAFCFF\",\"Value\":1},{\"Key\":\"66A0B9FF13A9070086BDFCFF\",\"Value\":1},{\"Key\":\"CED8B9FF76A707009ADEFCFF\",\"Value\":1},{\"Key\":\"8221B9FF45BF07007FEBFAFF\",\"Value\":1},{\"Key\":\"A334B9FF98C7070010DEFAFF\",\"Value\":1},{\"Key\":\"1BEEB8FF4DA907003324FCFF\",\"Value\":3},{\"Key\":\"E730B8FF9BB307004D74FCFF\",\"Value\":3},{\"Key\":\"B620B9FFD6A50700C966FCFF\",\"Value\":1},{\"Key\":\"F397B9FF47A2070003F4FCFF\",\"Value\":1},{\"Key\":\"D1A0B9FFC2A20700D9F5FCFF\",\"Value\":1},{\"Key\":\"A883B9FFC5A2070094E2FCFF\",\"Value\":1},{\"Key\":\"936BB9FF2CA707000E9FFCFF\",\"Value\":1},{\"Key\":\"6156B8FF71B40700BA45FCFF\",\"Value\":1},{\"Key\":\"2D4DB8FF34B407003C5FFCFF\",\"Value\":1},{\"Key\":\"8F62B8FFD3B307006154FCFF\",\"Value\":1},{\"Key\":\"8D91B8FFBCAD07007593FCFF\",\"Value\":1},{\"Key\":\"7D6DB9FFF0940700323FFDFF\",\"Value\":1},{\"Key\":\"938BB8FFB6AA0700E6B0FCFF\",\"Value\":1},{\"Key\":\"108BB8FF18AA070057B6FCFF\",\"Value\":1},{\"Key\":\"B07DB9FF289607008C44FDFF\",\"Value\":1},{\"Key\":\"72E7B9FFD9A50700B7F3FCFF\",\"Value\":1},{\"Key\":\"648AB9FFB49707006C43FDFF\",\"Value\":1},{\"Key\":\"E0EAB9FF9CA4070084FEFCFF\",\"Value\":1},{\"Key\":\"D2BAB9FFA99A07008154FDFF\",\"Value\":1},{\"Key\":\"ACC3B9FFEF9A07008756FDFF\",\"Value\":1},{\"Key\":\"22FDB8FF26A40700C0D2FCFF\",\"Value\":3},{\"Key\":\"4672B9FFBEB507002C24FCFF\",\"Value\":2},{\"Key\":\"A8C1B8FF5FA0070081F6FCFF\",\"Value\":1},{\"Key\":\"3385B9FF6DC30700D5E3FBFF\",\"Value\":1},{\"Key\":\"BF61B9FF13AE07002C44FCFF\",\"Value\":1},{\"Key\":\"0B34B9FF07990700B209FDFF\",\"Value\":1},{\"Key\":\"0C1EB9FF089A07005E0BFDFF\",\"Value\":1},{\"Key\":\"F02DB9FF39980700F310FDFF\",\"Value\":1},{\"Key\":\"0905B9FFB8910700AC56FDFF\",\"Value\":1},{\"Key\":\"3902B9FFE69007004865FDFF\",\"Value\":1},{\"Key\":\"CDF2B8FF9A900700EE5DFDFF\",\"Value\":1},{\"Key\":\"ED4FB9FF629707002417FDFF\",\"Value\":3},{\"Key\":\"4FF8B9FF98C70700783AFCFF\",\"Value\":1},{\"Key\":\"7BCFB9FF27B20700569CFCFF\",\"Value\":1},{\"Key\":\"AE08BAFFDCCD0700201FFCFF\",\"Value\":1},{\"Key\":\"9C32BAFF37D70700A9E5FBFF\",\"Value\":1},{\"Key\":\"00A9B9FFBBA4070004EAFCFF\",\"Value\":1},{\"Key\":\"4412BAFFCFD207004CF7FBFF\",\"Value\":1},{\"Key\":\"1F12BAFFA9D407002CDEFBFF\",\"Value\":1},{\"Key\":\"1117BAFF43D10700890CFCFF\",\"Value\":1},{\"Key\":\"D31AB7FF32AC0700960AFCFF\",\"Value\":1},{\"Key\":\"BA02B7FF0AA907005B0CFCFF\",\"Value\":1},{\"Key\":\"640DB9FF4DA507001EB7FCFF\",\"Value\":3},{\"Key\":\"8021B9FF44A4070077B7FCFF\",\"Value\":1},{\"Key\":\"100EB7FF45AC070018F5FBFF\",\"Value\":1},{\"Key\":\"7B1CB9FF53A60700418BFCFF\",\"Value\":1},{\"Key\":\"060FB9FF02A60700B3A1FCFF\",\"Value\":1},{\"Key\":\"2406B9FFE3A60700E58BFCFF\",\"Value\":1},{\"Key\":\"14F4B8FF6DA707009E5FFCFF\",\"Value\":1},{\"Key\":\"C6DCB8FF7DA907002049FCFF\",\"Value\":1},{\"Key\":\"E02DB9FF6CB3070039F5FBFF\",\"Value\":1},{\"Key\":\"604EB9FF46B9070025F0FBFF\",\"Value\":1},{\"Key\":\"865DB9FFA0BF070075D4FBFF\",\"Value\":1},{\"Key\":\"674DB8FF7EB007004098FCFF\",\"Value\":2},{\"Key\":\"4F97B8FF009A0700651DFDFF\",\"Value\":1},{\"Key\":\"5383B8FF02990700983DFDFF\",\"Value\":3},{\"Key\":\"6A5CB8FFE59A0700513CFDFF\",\"Value\":1},{\"Key\":\"C7C9B8FFE79A0700321BFDFF\",\"Value\":1},{\"Key\":\"61ADB8FF619A0700A11DFDFF\",\"Value\":1},{\"Key\":\"4359B9FF5F9F070094E1FCFF\",\"Value\":3},{\"Key\":\"16B8B8FF81990700B225FDFF\",\"Value\":1},{\"Key\":\"B702B9FF82B007002DE8FBFF\",\"Value\":1},{\"Key\":\"D80AB9FF75A60700BD72FCFF\",\"Value\":1},{\"Key\":\"D629B9FF0FA607008F96FCFF\",\"Value\":1},{\"Key\":\"B1ACB8FFA89907009B24FDFF\",\"Value\":1},{\"Key\":\"3E20B9FF54A60700B884FCFF\",\"Value\":1},{\"Key\":\"8D8BB8FF4C970700855AFDFF\",\"Value\":3},{\"Key\":\"51B4B8FF289707004139FDFF\",\"Value\":1},{\"Key\":\"34CBB8FF46990700AA25FDFF\",\"Value\":1},{\"Key\":\"D7A2B8FF04960700AD4FFDFF\",\"Value\":1},{\"Key\":\"E078B9FF1BAF07008362FCFF\",\"Value\":1},{\"Key\":\"469AB9FF3EBB07004034FCFF\",\"Value\":1},{\"Key\":\"F76EB9FF1CAA07009881FCFF\",\"Value\":1},{\"Key\":\"7367B9FF63A80700538BFCFF\",\"Value\":1},{\"Key\":\"0D75B9FF67AB0700B47CFCFF\",\"Value\":1},{\"Key\":\"95B6B9FFC5BA07007752FCFF\",\"Value\":1},{\"Key\":\"5BE5B7FF96B20700F923FCFF\",\"Value\":1},{\"Key\":\"7225C1FF0A4008006589F6FF\",\"Value\":1},{\"Key\":\"0832C1FF0A3E0800F49DF6FF\",\"Value\":1},{\"Key\":\"2D19C1FF5E4508008869F6FF\",\"Value\":1},{\"Key\":\"D01FC1FF30470800AE59F6FF\",\"Value\":1},{\"Key\":\"096ABAFFFF360700CC86FFFF\",\"Value\":1},{\"Key\":\"A51FB7FF4CD00500DC320300\",\"Value\":1},{\"Key\":\"9DE9B5FFB5E805009A1F0300\",\"Value\":1},{\"Key\":\"79F4B5FFE4E505009F240300\",\"Value\":1},{\"Key\":\"7BE8B1FF45530600028DFFFF\",\"Value\":1},{\"Key\":\"F1F5B1FF4B530600DE99FFFF\",\"Value\":1},{\"Key\":\"CDF7B1FF625306005B80FFFF\",\"Value\":1},{\"Key\":\"A3E9B1FF2F52060009A5FFFF\",\"Value\":1},{\"Key\":\"B79DB2FF81E006004624FDFF\",\"Value\":1},{\"Key\":\"DE76B5FF919D0700EFFAFAFF\",\"Value\":1},{\"Key\":\"A056B5FF57A007001DE4FAFF\",\"Value\":1},{\"Key\":\"617DB5FF4F9E070055F3FAFF\",\"Value\":1},{\"Key\":\"C50CB6FF7BA207007E36FBFF\",\"Value\":1},{\"Key\":\"FE90BFFF38260900249DF1FF\",\"Value\":1},{\"Key\":\"3C8ABFFFD71F0900AFC6F1FF\",\"Value\":1},{\"Key\":\"8788BFFF421D09001DD1F1FF\",\"Value\":1},{\"Key\":\"8509BBFFC2F60700E3F0F9FF\",\"Value\":1},{\"Key\":\"2FF3BAFF1EF707009CF5F9FF\",\"Value\":1},{\"Key\":\"00D9BAFF0DF707008DF7F9FF\",\"Value\":1},{\"Key\":\"90F3BAFFF8F6070068E5F9FF\",\"Value\":1},{\"Key\":\"A0D2B9FFF2F6070018B2F9FF\",\"Value\":1},{\"Key\":\"4AC7B9FF3FF707009BAEF9FF\",\"Value\":1},{\"Key\":\"835CB9FFCF920700555AFDFF\",\"Value\":1},{\"Key\":\"0FF8B6FF0E2507005124FEFF\",\"Value\":1},{\"Key\":\"0CF4B8FFBEAF070098EDFBFF\",\"Value\":3},{\"Key\":\"07EDB7FFD2AC07000CB5FCFF\",\"Value\":3},{\"Key\":\"4384B8FFFDA207004CE6FCFF\",\"Value\":1},{\"Key\":\"0257B8FFF1A907008DC8FCFF\",\"Value\":1},{\"Key\":\"3C18B9FFB4B107007AEEFBFF\",\"Value\":1},{\"Key\":\"6559B8FF98A70700CAD8FCFF\",\"Value\":1},{\"Key\":\"13ECB6FF00B907004604FBFF\",\"Value\":3},{\"Key\":\"E226B7FF00B90700D40FFBFF\",\"Value\":1},{\"Key\":\"41E9B6FF00B907005EE9FAFF\",\"Value\":3},{\"Key\":\"DAF2B6FFCEB707007745FBFF\",\"Value\":3},{\"Key\":\"04A7B7FF00B907003124FBFF\",\"Value\":3},{\"Key\":\"00B8B6FFBDAF07007866FBFF\",\"Value\":1},{\"Key\":\"43EAB6FF48B60700C952FBFF\",\"Value\":1},{\"Key\":\"8685B7FF00B90700F826FBFF\",\"Value\":3},{\"Key\":\"159BB6FFAEB707003819FBFF\",\"Value\":3},{\"Key\":\"815FB6FFCBAF07002C09FBFF\",\"Value\":3},{\"Key\":\"AE66B7FF00B90700A8FAFAFF\",\"Value\":1},{\"Key\":\"C75AB7FFFAB60700B6B6FAFF\",\"Value\":1},{\"Key\":\"F63DB6FFC1A60700A94FFBFF\",\"Value\":3},{\"Key\":\"6074B6FFDCAD0700653AFBFF\",\"Value\":1},{\"Key\":\"ED96B6FF73AA0700E379FBFF\",\"Value\":1},{\"Key\":\"D560B6FF64B70700EDC5FAFF\",\"Value\":3},{\"Key\":\"0783B6FF8BAB07009C59FBFF\",\"Value\":3},{\"Key\":\"716AB6FF74A60700EDC9FBFF\",\"Value\":3},{\"Key\":\"C14AB6FFBA9807009759FCFF\",\"Value\":1},{\"Key\":\"6B91B6FF66A7070001D4FBFF\",\"Value\":1},{\"Key\":\"828CB6FFB3A907004D88FBFF\",\"Value\":1},{\"Key\":\"8C2AB6FF40B107003ED4FAFF\",\"Value\":1},{\"Key\":\"1340B6FFEFB107005DDCFAFF\",\"Value\":3},{\"Key\":\"3233B8FFE4B907007CE4F9FF\",\"Value\":1},{\"Key\":\"4F4CB6FF4A9F070001FEFBFF\",\"Value\":1},{\"Key\":\"9153B6FFDB9E0700030FFCFF\",\"Value\":1},{\"Key\":\"6B2FB7FF00B90700DF2CFBFF\",\"Value\":3},{\"Key\":\"58D4B6FF87B107006C6DFBFF\",\"Value\":1},{\"Key\":\"9917B7FFA2B70700C25EFBFF\",\"Value\":1},{\"Key\":\"8E1CB7FF38B50700E47BFBFF\",\"Value\":1},{\"Key\":\"D22BB7FFAAB3070033AAFBFF\",\"Value\":1},{\"Key\":\"27D8B6FF5FAD0700A79AFBFF\",\"Value\":1},{\"Key\":\"D8EDB8FF22BB07003995FAFF\",\"Value\":3},{\"Key\":\"FDCFB7FF00B90700E7FAFAFF\",\"Value\":3},{\"Key\":\"7757B7FF00B907005B02FBFF\",\"Value\":1},{\"Key\":\"B833B9FF03D80700D511FAFF\",\"Value\":1},{\"Key\":\"1D30B9FFF8D607006C20FAFF\",\"Value\":1},{\"Key\":\"B53EB9FFB3DE0700400AFAFF\",\"Value\":1},{\"Key\":\"683DB9FFA3DC0700FF28FAFF\",\"Value\":1},{\"Key\":\"FF3DB9FF71DB0700843CFAFF\",\"Value\":1},{\"Key\":\"AF59B9FF87E607008813FAFF\",\"Value\":3},{\"Key\":\"D556B9FF8CE407006A23FAFF\",\"Value\":1},{\"Key\":\"546EB9FF64EB07007B0FFAFF\",\"Value\":1},{\"Key\":\"48BDB6FF27AC07003C91FBFF\",\"Value\":1},{\"Key\":\"B7EFB9FF9AF90700F2E6F8FF\",\"Value\":3},{\"Key\":\"2593B9FFB1F30700E6EFF9FF\",\"Value\":1},{\"Key\":\"3A1BBAFFF1EF0700B2BEFAFF\",\"Value\":1},{\"Key\":\"8E05BAFFF1EC070069C1FAFF\",\"Value\":1},{\"Key\":\"9EADBAFF87E0070040B2FBFF\",\"Value\":1},{\"Key\":\"5D33BAFF73D10700FF2DFCFF\",\"Value\":1},{\"Key\":\"BB95BAFF20C60700A4C1FCFF\",\"Value\":1},{\"Key\":\"8831BAFF74D107001C2BFCFF\",\"Value\":1},{\"Key\":\"4028BAFFBAEF07009BCEFAFF\",\"Value\":1},{\"Key\":\"0942BAFF70F3070033BCFAFF\",\"Value\":1},{\"Key\":\"8A3FBAFFC0D10700403DFCFF\",\"Value\":1},{\"Key\":\"334EBAFFA4D507006124FCFF\",\"Value\":1},{\"Key\":\"77A4B9FF33F50700F6EEF9FF\",\"Value\":1},{\"Key\":\"65A6B9FFC4F5070086E5F9FF\",\"Value\":1},{\"Key\":\"B994BAFFD7C207005ED6FCFF\",\"Value\":1},{\"Key\":\"D1ABB9FF39F7070081CBF9FF\",\"Value\":1},{\"Key\":\"8891B9FF2FF10700B70EFAFF\",\"Value\":1},{\"Key\":\"8380B9FF82F00700D1F9F9FF\",\"Value\":1},{\"Key\":\"D783B9FFEBA80700CCA9FCFF\",\"Value\":1},{\"Key\":\"E2ADB9FF2CF80700B3B0F9FF\",\"Value\":1},{\"Key\":\"1E4BBAFFA4D207003343FCFF\",\"Value\":1},{\"Key\":\"AEB5BAFFFCE107002C9FFBFF\",\"Value\":1},{\"Key\":\"A863BAFF48D70700C52AFCFF\",\"Value\":1},{\"Key\":\"CEC5BAFFB8E207004CB0FBFF\",\"Value\":1},{\"Key\":\"3243B9FF58930700A64BFDFF\",\"Value\":1},{\"Key\":\"2F9FB8FF449B07008212FDFF\",\"Value\":1},{\"Key\":\"67A3B8FF84A60700CECBFCFF\",\"Value\":1},{\"Key\":\"71ABB7FF4EAF0700D27DF9FF\",\"Value\":1},{\"Key\":\"1283B8FF229E07005301FDFF\",\"Value\":1},{\"Key\":\"813BB9FF2A940700CA3FFDFF\",\"Value\":1},{\"Key\":\"713ABAFFC2F60700CA48FAFF\",\"Value\":3},{\"Key\":\"11C3B9FF16F10700013EFAFF\",\"Value\":3},{\"Key\":\"FB9FB9FFCCEC0700DD3CFAFF\",\"Value\":1},{\"Key\":\"8E69B9FF85E607008435FAFF\",\"Value\":1},{\"Key\":\"4A78B9FF2AE607006547FAFF\",\"Value\":1},{\"Key\":\"A11BBAFF6CDC07007D52FBFF\",\"Value\":1},{\"Key\":\"A80FBAFF7FDE0700B236FBFF\",\"Value\":1},{\"Key\":\"75C2B9FFC2F20700D52CFAFF\",\"Value\":1},{\"Key\":\"F0D9B7FFA3B20700AD81F9FF\",\"Value\":1},{\"Key\":\"4172B9FF90F007004CD1F9FF\",\"Value\":3},{\"Key\":\"4178B9FF43F007004CE8F9FF\",\"Value\":1},{\"Key\":\"F426BAFF73F60700AF48FAFF\",\"Value\":1},{\"Key\":\"3B4CB9FF04E5070038F3F9FF\",\"Value\":1},{\"Key\":\"405BB9FF78E80700BFFDF9FF\",\"Value\":1},{\"Key\":\"601AB9FF09D007004C13FAFF\",\"Value\":1},{\"Key\":\"7527B9FF6CD507003FFCF9FF\",\"Value\":1},{\"Key\":\"580EB9FF50CE0700B5FBF9FF\",\"Value\":1},{\"Key\":\"889CB8FFD2D70700A538F9FF\",\"Value\":1},{\"Key\":\"4084B8FF9AD907006E31F9FF\",\"Value\":1},{\"Key\":\"D96EB8FFA3D907009531F9FF\",\"Value\":1},{\"Key\":\"EC01B7FF42B30700C17CFBFF\",\"Value\":1},{\"Key\":\"92C5B9FF34F6070077FBF9FF\",\"Value\":1},{\"Key\":\"CBDBB9FFADF60700C9D6F9FF\",\"Value\":1},{\"Key\":\"96A0B9FF12F807006E77F9FF\",\"Value\":1},{\"Key\":\"0F95B9FFD6F507001580F9FF\",\"Value\":1},{\"Key\":\"E6C5B9FF87F807001C77F9FF\",\"Value\":3},{\"Key\":\"D0C6B9FFA4F707006A97F9FF\",\"Value\":1},{\"Key\":\"34D3B9FFD3F60700308EF9FF\",\"Value\":1},{\"Key\":\"7971B9FFC1EF0700DD8DF9FF\",\"Value\":1},{\"Key\":\"2B7DB9FFA8F10700F87EF9FF\",\"Value\":1},{\"Key\":\"D10EB9FFFFE607007A81F9FF\",\"Value\":1},{\"Key\":\"FDA3B9FF25F80700479BF9FF\",\"Value\":1},{\"Key\":\"EE13BAFF68F60700DABAF9FF\",\"Value\":3},{\"Key\":\"90EFB9FFC2F6070065B4F9FF\",\"Value\":1},{\"Key\":\"5F87B9FF99F3070083AFF9FF\",\"Value\":1},{\"Key\":\"38C0B6FFDBA9070072ABFBFF\",\"Value\":1},{\"Key\":\"42ADB6FF5EA907005EAEFBFF\",\"Value\":1},{\"Key\":\"1286B6FF52B207001578FAFF\",\"Value\":1},{\"Key\":\"ECE1B8FF76E70700B811F9FF\",\"Value\":1},{\"Key\":\"64C3B7FF67AF070008BCF9FF\",\"Value\":3},{\"Key\":\"C3CAB7FF82B007003996F9FF\",\"Value\":3},{\"Key\":\"9ADDB7FF1CB307007B98F9FF\",\"Value\":1},{\"Key\":\"A6F3B6FF75A9070008B3F9FF\",\"Value\":1},{\"Key\":\"7026B6FF229B0700A1FDFBFF\",\"Value\":1},{\"Key\":\"9620B6FFD09907008C13FCFF\",\"Value\":1},{\"Key\":\"221BB6FFEA980700BB1BFCFF\",\"Value\":1},{\"Key\":\"EBD3B7FF49B007007CDEF9FF\",\"Value\":1},{\"Key\":\"64FDB5FF18950700632CFCFF\",\"Value\":1},{\"Key\":\"C0F7B5FF679207008F3FFCFF\",\"Value\":1},{\"Key\":\"10E2B5FFE08F0700A641FCFF\",\"Value\":1},{\"Key\":\"B2D9B5FFA38D0700794AFCFF\",\"Value\":1},{\"Key\":\"93D8B5FF1A8C07005153FCFF\",\"Value\":1},{\"Key\":\"72D8B6FF3DA907002991F9FF\",\"Value\":1},{\"Key\":\"4EFEB5FF04B107004C36F8FF\",\"Value\":1},{\"Key\":\"7701B6FF27B407006D1CF8FF\",\"Value\":1},{\"Key\":\"52FCB5FF70B40700E00FF8FF\",\"Value\":1},{\"Key\":\"2511B6FF0AAF070063AAF9FF\",\"Value\":1},{\"Key\":\"8480B7FF79AB0700509EF9FF\",\"Value\":3},{\"Key\":\"3369B6FF3FAF070057B7F9FF\",\"Value\":1},{\"Key\":\"FC60B6FF47B0070049BCF9FF\",\"Value\":1},{\"Key\":\"3966B6FFC9AF070036D0F9FF\",\"Value\":1},{\"Key\":\"035EB6FF68B0070065CAF9FF\",\"Value\":1},{\"Key\":\"C846B7FF5FA90700A8A6F9FF\",\"Value\":1},{\"Key\":\"4B59B7FF7FA90700F0A4F9FF\",\"Value\":1},{\"Key\":\"5772B6FF3AB207006B6DFAFF\",\"Value\":1},{\"Key\":\"8886B6FF39A80700D565FAFF\",\"Value\":1},{\"Key\":\"5C13B7FF8BAA0700EEEEF9FF\",\"Value\":1},{\"Key\":\"BC47B7FFD4A907003C99F9FF\",\"Value\":1},{\"Key\":\"6C64B7FF39A90700FDC2F9FF\",\"Value\":3},{\"Key\":\"3607B7FF00B90700A9F3FAFF\",\"Value\":1},{\"Key\":\"76B5B7FF00B907001FF4FAFF\",\"Value\":1},{\"Key\":\"0E25B7FF00B907003601FBFF\",\"Value\":1},{\"Key\":\"41EBB6FF22AA0700D8E1F9FF\",\"Value\":3},{\"Key\":\"17B7B6FFC3AB070026BAF9FF\",\"Value\":3},{\"Key\":\"FADCB6FFA6AA07008DCCF9FF\",\"Value\":1}],\"SerializedName\":\"WorldObjectLocatorManager\",\"UniqueFile\":true}"}}