{"Version":"0.0.0","Data":{"Fires":"{\"Version\":\"0.0.0\",\"FiresPerStructureType\":{\"32\":[{\"PutOutChance\":-1,\"Fuel\":0.0001,\"FuelDrainRate\":1.0},{\"PutOutChance\":1,\"Fuel\":120.0,\"FuelDrainRate\":1.0},{\"Fuel\":0.009166203,\"FuelDrainRate\":0.25},{\"PutOutChance\":1,\"Fuel\":120.0,\"FuelDrainRate\":0.892857134},{\"PutOutChance\":1,\"Fuel\":120.0,\"FuelDrainRate\":1.0},{\"PutOutChance\":1,\"Fuel\":120.0,\"FuelDrainRate\":1.0},{\"PutOutChance\":1,\"Fuel\":0.006469786,\"FuelDrainRate\":0.0999999642},{\"PutOutChance\":1,\"Fuel\":0.0091785,\"FuelDrainRate\":0.0999999642},{\"PutOutChance\":2,\"Fuel\":120.0,\"FuelDrainRate\":1.0}]}}"}}