{"Version":"0.0.0","Data":{"GameSetup":"{\"_settings\":[{\"Name\":\"Mode\",\"SettingType\":3,\"StringValue\":\"Custom\"},{\"Name\":\"UID\",\"SettingType\":3,\"StringValue\":\"58d10685ea654c428836de06c79fd85b\"},{\"Name\":\"GameSetting.Vail.AnimalSpawnRate\",\"SettingType\":3,\"StringValue\":\"NORMAL\"},{\"Name\":\"GameSetting.Environment.DayLength\",\"SettingType\":3,\"StringValue\":\"Default\"},{\"Name\":\"GameSetting.Environment.PrecipitationFrequency\",\"SettingType\":3,\"StringValue\":\"High\"},{\"Name\":\"GameSetting.Survival.PlayerStatsDamage\",\"SettingType\":3,\"StringValue\":\"Normal\"},{\"Name\":\"GameSetting.Survival.ColdPenalties\",\"SettingType\":3,\"StringValue\":\"Normal\"},{\"Name\":\"GameSetting.Survival.ReducedFoodInContainers\"},{\"Name\":\"GameSetting.Survival.PausedInInventory\"}],\"name\":\"\"}"}}