{"Version":"0.0.0","Data":{"WorldObjectLocatorManager":"{\"Version\":\"0.0.0\",\"SerializedStates\":[{\"Key\":\"21A5EAFF7F36100079050700\",\"Value\":1},{\"Key\":\"6A5BF4FF2E071700C4FC0100\",\"Value\":1},{\"Key\":\"CA1AF4FFC207170029780100\",\"Value\":1},{\"Key\":\"458FF4FF0D1517003A100200\",\"Value\":1},{\"Key\":\"C7AAF4FFEA26170099E20100\",\"Value\":1},{\"Key\":\"CCEFF4FF1F5617003B5D0100\",\"Value\":3},{\"Key\":\"D2D7F4FF804217007E010200\",\"Value\":3},{\"Key\":\"1129B9FF8AC20D00B11EDAFF\",\"Value\":1},{\"Key\":\"9C26B7FF73850D00845FDAFF\",\"Value\":1},{\"Key\":\"DD0AB7FF80830D006E69DAFF\",\"Value\":1},{\"Key\":\"DAEFB6FF387F0D00FC7ADAFF\",\"Value\":1},{\"Key\":\"13E4B6FF34760D00048FDAFF\",\"Value\":1},{\"Key\":\"BDC5B6FF82760D009195DAFF\",\"Value\":1},{\"Key\":\"E9B6B6FF7B750D00D39ADAFF\",\"Value\":1},{\"Key\":\"F69FB6FF7B720D00E5A4DAFF\",\"Value\":1},{\"Key\":\"3998B6FF776E0D0065ACDAFF\",\"Value\":1},{\"Key\":\"FEC1B5FF9E2E0D004A4CDBFF\",\"Value\":1},{\"Key\":\"B1BFB5FF01280D00915FDBFF\",\"Value\":1},{\"Key\":\"D7A9B5FF31160D000061DBFF\",\"Value\":1},{\"Key\":\"92AAB5FFC0190D000B59DBFF\",\"Value\":1},{\"Key\":\"359CB5FFD70C0D00DD67DBFF\",\"Value\":1},{\"Key\":\"E482B5FFE4030D00DD74DBFF\",\"Value\":1},{\"Key\":\"DE70B5FF20010D00DC73DBFF\",\"Value\":1},{\"Key\":\"AF60B5FFD00A0D00D990DBFF\",\"Value\":1},{\"Key\":\"8B63F2FF39BD17000A76FDFF\",\"Value\":3},{\"Key\":\"490FB2FFB87A0C0093F6DDFF\",\"Value\":1},{\"Key\":\"74A2B1FF86B90B00C30DE0FF\",\"Value\":1},{\"Key\":\"06AAB1FFD1C10B00D6FEDFFF\",\"Value\":1},{\"Key\":\"059DB1FF028E0B000382E0FF\",\"Value\":1},{\"Key\":\"EB5FB1FF8AE00A00B7A6E2FF\",\"Value\":1},{\"Key\":\"FF73ACFF4F950A00A011E4FF\",\"Value\":1},{\"Key\":\"9471ACFF99930A003818E4FF\",\"Value\":1},{\"Key\":\"7E56ACFF8F8C0A00952FE4FF\",\"Value\":1},{\"Key\":\"5810ACFF0C770A009C85E4FF\",\"Value\":1},{\"Key\":\"A310ACFFEA700A00D7A1E4FF\",\"Value\":1},{\"Key\":\"380BACFFD3690A0000BCE4FF\",\"Value\":1},{\"Key\":\"D6E0ABFF46580A0091F7E4FF\",\"Value\":1},{\"Key\":\"7DDFABFF09540A007509E5FF\",\"Value\":1},{\"Key\":\"03C7ABFF05550A0098FDE4FF\",\"Value\":1},{\"Key\":\"41C8ABFFB14B0A007124E5FF\",\"Value\":1},{\"Key\":\"EEADABFF603D0A006F56E5FF\",\"Value\":1},{\"Key\":\"B6ABABFF07390A009F67E5FF\",\"Value\":1},{\"Key\":\"57A2ABFF96370A00F068E5FF\",\"Value\":1},{\"Key\":\"E88DABFF5C320A006876E5FF\",\"Value\":1},{\"Key\":\"3C9BABFF79300A004383E5FF\",\"Value\":1},{\"Key\":\"FD91ABFFF0290A002D9CE5FF\",\"Value\":1},{\"Key\":\"1190ABFF49260A00ECAAE5FF\",\"Value\":1},{\"Key\":\"F499ABFFB2210A00B4C3E5FF\",\"Value\":1},{\"Key\":\"3696ABFFD71F0A004ACAE5FF\",\"Value\":1},{\"Key\":\"E47DABFF181B0A0043D2E5FF\",\"Value\":1},{\"Key\":\"6D83ABFF15150A0004F0E5FF\",\"Value\":1},{\"Key\":\"2C90ABFF41130A005FFDE5FF\",\"Value\":1},{\"Key\":\"0C7BABFF100A0A00751AE6FF\",\"Value\":1},{\"Key\":\"AC6EABFF35FE0900854FE6FF\",\"Value\":1},{\"Key\":\"9465ABFF13FA09004B5FE6FF\",\"Value\":1},{\"Key\":\"634AABFF6AE80900729FE6FF\",\"Value\":1},{\"Key\":\"F45DABFFCAE80900FFA7E6FF\",\"Value\":1},{\"Key\":\"F562ABFF8DE30900D0C3E6FF\",\"Value\":1},{\"Key\":\"974CABFFD7E1090078BFE6FF\",\"Value\":1},{\"Key\":\"0B31ABFF30C10900D944E7FF\",\"Value\":1},{\"Key\":\"E82CABFF9BB909001762E7FF\",\"Value\":1},{\"Key\":\"DF0BABFF54B309007670E7FF\",\"Value\":1},{\"Key\":\"A503ABFFC8B00900B177E7FF\",\"Value\":1},{\"Key\":\"11E1AAFFB19F0900C2B3E7FF\",\"Value\":1},{\"Key\":\"87D0AAFF489B090099C0E7FF\",\"Value\":1},{\"Key\":\"37BAAAFF2C9109005CE5E7FF\",\"Value\":1},{\"Key\":\"868AAAFF767D0900E626E8FF\",\"Value\":1},{\"Key\":\"EA87AAFFD2750900C947E8FF\",\"Value\":1},{\"Key\":\"B88CAAFF9B7A09008F35E8FF\",\"Value\":1},{\"Key\":\"FF7CAAFFBD6F09009A5EE8FF\",\"Value\":1},{\"Key\":\"087EAAFF96670900077CE8FF\",\"Value\":1},{\"Key\":\"EF69AAFF446609001E78E8FF\",\"Value\":1},{\"Key\":\"8E6BAAFF9C58090039A4E8FF\",\"Value\":1},{\"Key\":\"EF40AAFF793B0900D6E5E8FF\",\"Value\":1},{\"Key\":\"C640AAFF6D2B0900C406E9FF\",\"Value\":1},{\"Key\":\"0C36AAFF472F0900DFFDE8FF\",\"Value\":1},{\"Key\":\"FA29AAFFE91F0900E11AE9FF\",\"Value\":1},{\"Key\":\"5D3AAAFF421F09001F1CE9FF\",\"Value\":1},{\"Key\":\"BD15AAFF9DEF08008D6EE9FF\",\"Value\":1},{\"Key\":\"B70AAAFFFEE008000290E9FF\",\"Value\":1},{\"Key\":\"E9FFA9FF1ED708002AAEE9FF\",\"Value\":1},{\"Key\":\"44FBA9FFA3D008006BC2E9FF\",\"Value\":1},{\"Key\":\"23EAA9FF60CF080006D1E9FF\",\"Value\":1},{\"Key\":\"B4F9A9FFB8C9080089D6E9FF\",\"Value\":1},{\"Key\":\"D2DEA9FF10C40800D9F0E9FF\",\"Value\":1},{\"Key\":\"C5C8A9FFF7B808000D0AEAFF\",\"Value\":1},{\"Key\":\"D8DCA9FF5FB508003610EAFF\",\"Value\":1},{\"Key\":\"03D0A9FFBEA80800D927EAFF\",\"Value\":1},{\"Key\":\"CAAFA9FF3DAA08003421EAFF\",\"Value\":1},{\"Key\":\"54B6A9FF99A50800052AEAFF\",\"Value\":1},{\"Key\":\"40A7A9FFF89808007B3DEAFF\",\"Value\":1},{\"Key\":\"F8A8A9FF68910800144AEAFF\",\"Value\":1},{\"Key\":\"0294A9FFFC8208002A61EAFF\",\"Value\":1},{\"Key\":\"EED7A8FF365108007FEDEAFF\",\"Value\":1},{\"Key\":\"B77EA8FF292808002E32EBFF\",\"Value\":1},{\"Key\":\"3F84A8FF9A2808009A31EBFF\",\"Value\":1},{\"Key\":\"0F63A8FFEC2108008F44EBFF\",\"Value\":1},{\"Key\":\"CAF7A7FFFC1308001C87EBFF\",\"Value\":1},{\"Key\":\"ECEAA7FFE5130800C380EBFF\",\"Value\":1},{\"Key\":\"7DDEA7FF920F08000E8FEBFF\",\"Value\":1},{\"Key\":\"D1D6A7FF6A0D0800F396EBFF\",\"Value\":1},{\"Key\":\"5BC3A7FF500B08007F97EBFF\",\"Value\":1},{\"Key\":\"224EA7FFCBF20700E3D2EBFF\",\"Value\":1},{\"Key\":\"323FA7FFB6EF070079CCEBFF\",\"Value\":1},{\"Key\":\"A423A7FF04E907008BCBEBFF\",\"Value\":1},{\"Key\":\"5F31A7FFBEEA0700AEDEEBFF\",\"Value\":1},{\"Key\":\"BD23A7FF9EE6070013E8EBFF\",\"Value\":1},{\"Key\":\"C817A7FFE6E40700A4DBEBFF\",\"Value\":1},{\"Key\":\"7202A7FFABE00700A5E5EBFF\",\"Value\":1},{\"Key\":\"92F3A6FF15DF070031E2EBFF\",\"Value\":1},{\"Key\":\"E8DAA6FF53DD070036F3EBFF\",\"Value\":1},{\"Key\":\"36D8A6FFEFDB07000913ECFF\",\"Value\":1},{\"Key\":\"8FC6A6FF84DC07002C0DECFF\",\"Value\":1},{\"Key\":\"B4BAA6FFB3DD07002200ECFF\",\"Value\":1},{\"Key\":\"65ACF4FF035A170095970000\",\"Value\":3},{\"Key\":\"BB2AAEFF012506000740FCFF\",\"Value\":1},{\"Key\":\"1C27AEFFF31906004E60FCFF\",\"Value\":1},{\"Key\":\"1E46AEFF581C0600347DFCFF\",\"Value\":1},{\"Key\":\"2666AEFFEE1D0600D5C7FCFF\",\"Value\":1},{\"Key\":\"272FF5FF01741700471C0100\",\"Value\":3},{\"Key\":\"D9F3BFFFE6FB06005858FFFF\",\"Value\":1},{\"Key\":\"9210C0FFBFFB06004265FFFF\",\"Value\":1},{\"Key\":\"041FC0FF8FFC06005C61FFFF\",\"Value\":1},{\"Key\":\"E723C0FFD8FD06007455FFFF\",\"Value\":1},{\"Key\":\"6034C0FF35FF06002F4FFFFF\",\"Value\":1},{\"Key\":\"E98DC0FF07040700BC4EFFFF\",\"Value\":1},{\"Key\":\"71A6C0FFD50407009659FFFF\",\"Value\":1},{\"Key\":\"6EBAC0FF4C060700FC58FFFF\",\"Value\":1},{\"Key\":\"21CDC0FF4B0807003F4FFFFF\",\"Value\":1},{\"Key\":\"D3DEC0FFC9080700FA59FFFF\",\"Value\":1},{\"Key\":\"05EFC0FF7A0907005261FFFF\",\"Value\":1},{\"Key\":\"4C4AC1FFEC0B07001C6EFFFF\",\"Value\":1},{\"Key\":\"CD9AC1FF430C07008E7DFFFF\",\"Value\":1},{\"Key\":\"94ADC1FF2A0C07000871FFFF\",\"Value\":1},{\"Key\":\"3371C8FFDF0A0700841D0100\",\"Value\":1},{\"Key\":\"30A3C8FFB80F0700000D0100\",\"Value\":1},{\"Key\":\"6D7BC9FFFC1B0700E2680000\",\"Value\":1},{\"Key\":\"3B7FC9FF931C07009E790000\",\"Value\":1},{\"Key\":\"D1A7C9FF4B1D0700EA690000\",\"Value\":1},{\"Key\":\"5335CAFFDE3307001E140000\",\"Value\":1},{\"Key\":\"8643CAFFB1350700F7000000\",\"Value\":1},{\"Key\":\"135CCAFFCD360700A7E6FFFF\",\"Value\":1},{\"Key\":\"8E6FCAFFC437070024E0FFFF\",\"Value\":1},{\"Key\":\"1E7FCAFFF739070024ECFFFF\",\"Value\":1},{\"Key\":\"008DCAFF0C35070038CDFFFF\",\"Value\":1},{\"Key\":\"4AA3CAFF7033070043C9FFFF\",\"Value\":1},{\"Key\":\"5AB7CAFF4E300700A3AEFFFF\",\"Value\":1},{\"Key\":\"CBD5CAFF872F070015A5FFFF\",\"Value\":1},{\"Key\":\"7FFBCAFF6C3107008397FFFF\",\"Value\":1},{\"Key\":\"300FCBFF30330700F89BFFFF\",\"Value\":1},{\"Key\":\"672ECBFF2B350700A68CFFFF\",\"Value\":1},{\"Key\":\"F10CCCFF264807008461FFFF\",\"Value\":1},{\"Key\":\"D510CCFF8F4507009256FFFF\",\"Value\":1},{\"Key\":\"139ACCFF43560700F150FFFF\",\"Value\":1},{\"Key\":\"8FB2CCFFEE570700FB3CFFFF\",\"Value\":1},{\"Key\":\"B019CDFFB46107000029FFFF\",\"Value\":1},{\"Key\":\"7437CDFF7C640700561EFFFF\",\"Value\":1},{\"Key\":\"6208CEFF5D7007006FE1FEFF\",\"Value\":1},{\"Key\":\"F542CEFF7B7307004FACFEFF\",\"Value\":1},{\"Key\":\"4D4CCEFFE37807008FBFFEFF\",\"Value\":1},{\"Key\":\"FF57CEFF6C76070031B6FEFF\",\"Value\":1},{\"Key\":\"2F5ECEFFAF7407008BADFEFF\",\"Value\":1},{\"Key\":\"7E84CEFFD073070093A3FEFF\",\"Value\":1},{\"Key\":\"E8BDCEFF3C750700897DFEFF\",\"Value\":1},{\"Key\":\"5E2ACFFF0D900700B071FEFF\",\"Value\":1},{\"Key\":\"D0C3CFFF1AA907006E5BFEFF\",\"Value\":1},{\"Key\":\"4529D0FF97B50700CB65FEFF\",\"Value\":1},{\"Key\":\"646CD0FF6BBB07000460FEFF\",\"Value\":1},{\"Key\":\"D674D0FFB1BD07005353FEFF\",\"Value\":1},{\"Key\":\"EF87D0FF1DBE0700F660FEFF\",\"Value\":1},{\"Key\":\"559DD0FFC8BD0700CA5BFEFF\",\"Value\":1},{\"Key\":\"48A4D0FFF3BD0700ED5BFEFF\",\"Value\":1},{\"Key\":\"29ADD0FF1DC007007C4EFEFF\",\"Value\":1},{\"Key\":\"23BED0FF64BF07003762FEFF\",\"Value\":1},{\"Key\":\"A6B4D0FF2BC307009450FEFF\",\"Value\":1},{\"Key\":\"26CDD0FF37C207001F57FEFF\",\"Value\":1},{\"Key\":\"64E8D0FF59C40700866BFEFF\",\"Value\":1},{\"Key\":\"30F7D0FFEAC507005175FEFF\",\"Value\":1},{\"Key\":\"DF07D1FF72C607007B66FEFF\",\"Value\":1},{\"Key\":\"5F0FD1FFD9C807000180FEFF\",\"Value\":1},{\"Key\":\"2319D1FFD1C90700897DFEFF\",\"Value\":1},{\"Key\":\"F91AD1FF2FC90700A68FFEFF\",\"Value\":1},{\"Key\":\"FB35D1FFF0C907000496FEFF\",\"Value\":1},{\"Key\":\"E84BD1FFE7CA0700BEBEFEFF\",\"Value\":1},{\"Key\":\"2A54D1FF7ECA0700D5B5FEFF\",\"Value\":1},{\"Key\":\"DF65D1FF7ECC07009FD4FEFF\",\"Value\":1},{\"Key\":\"2D64D1FF9CCB07003CF3FEFF\",\"Value\":1},{\"Key\":\"3DE4D5FFA53F080022CDFFFF\",\"Value\":1},{\"Key\":\"2B91F4FFEF681700D34A0000\",\"Value\":3},{\"Key\":\"5A47D7FF24AE08002EFDFFFF\",\"Value\":1},{\"Key\":\"9F51D7FF1CB70800790F0000\",\"Value\":1},{\"Key\":\"BA5BD7FF8FBA08007F040000\",\"Value\":1},{\"Key\":\"5362D7FFBDBA080074F2FFFF\",\"Value\":1},{\"Key\":\"DE78D7FF3ECB0800DDFEFFFF\",\"Value\":1},{\"Key\":\"559FD7FF2AEA0800EC150000\",\"Value\":1},{\"Key\":\"3B95D7FF8CE3080036150000\",\"Value\":1},{\"Key\":\"10E7D7FF75140900ED180000\",\"Value\":1},{\"Key\":\"56F3D7FF521D0900ED220000\",\"Value\":1},{\"Key\":\"A3E7D7FF8116090084200000\",\"Value\":1},{\"Key\":\"6DFED7FFBB1F090055140000\",\"Value\":1},{\"Key\":\"DF8AD8FF3D670900251B0000\",\"Value\":1},{\"Key\":\"DDD7D8FF5F920900973B0000\",\"Value\":1},{\"Key\":\"EE12D9FF16AC090095470000\",\"Value\":1},{\"Key\":\"2D19D9FF14AD0900CE3E0000\",\"Value\":1},{\"Key\":\"494AD9FF2BC00900794E0000\",\"Value\":1},{\"Key\":\"00BED9FFFEED0900BA5B0000\",\"Value\":1},{\"Key\":\"06FBD9FFD3090A00766C0000\",\"Value\":1},{\"Key\":\"1914DAFF9A150A00856F0000\",\"Value\":1},{\"Key\":\"263ADAFF1F2A0A00E3810000\",\"Value\":1},{\"Key\":\"313EDAFFBD2A0A00E1690000\",\"Value\":1},{\"Key\":\"8944DAFF86300A00BC950000\",\"Value\":1},{\"Key\":\"A751DAFF08380A00E7990000\",\"Value\":1},{\"Key\":\"0F7FDAFF2A520A0097940000\",\"Value\":1},{\"Key\":\"189ADAFF5E610A0099960000\",\"Value\":1},{\"Key\":\"AD9EDAFF4F630A0076820000\",\"Value\":1},{\"Key\":\"16A5DAFF82670A0012930000\",\"Value\":1},{\"Key\":\"98BCDAFF2B750A00F1920000\",\"Value\":1},{\"Key\":\"D6C9DAFF6C7E0A00699D0000\",\"Value\":1},{\"Key\":\"72FBDAFFE19F0A00B7A60000\",\"Value\":1},{\"Key\":\"73FADAFF349C0A00B18F0000\",\"Value\":1},{\"Key\":\"AB12DBFFC6AE0A00F2A80000\",\"Value\":1},{\"Key\":\"461DDBFF89B30A00489A0000\",\"Value\":1},{\"Key\":\"0E82DBFF2FEA0A00B0A60000\",\"Value\":1},{\"Key\":\"90AFDBFF0F030B00D7BC0000\",\"Value\":1},{\"Key\":\"33B2DBFF9A020B00B9B10000\",\"Value\":1},{\"Key\":\"25C1DBFFFD0C0B009ECA0000\",\"Value\":1},{\"Key\":\"62A4F2FF55B41700F5B9FDFF\",\"Value\":3},{\"Key\":\"552CE2FF83320D00ADF4FCFF\",\"Value\":1},{\"Key\":\"2643E2FFCB370D00611CFDFF\",\"Value\":1},{\"Key\":\"4862E7FFD1E81000EB08FDFF\",\"Value\":1},{\"Key\":\"1279E7FF08F91000D01DFDFF\",\"Value\":1},{\"Key\":\"9FA2E7FF41141100040DFDFF\",\"Value\":1},{\"Key\":\"17EBE7FF153711009E0BFDFF\",\"Value\":1},{\"Key\":\"7502E8FFAC3F1100E720FDFF\",\"Value\":1},{\"Key\":\"6E23E8FF48461100BB27FDFF\",\"Value\":1},{\"Key\":\"7C37E8FFEE471100A731FDFF\",\"Value\":1},{\"Key\":\"633EE8FFCC471100C718FDFF\",\"Value\":1},{\"Key\":\"F550E8FFF1471100AD18FDFF\",\"Value\":1},{\"Key\":\"D364E8FFD0481100933AFDFF\",\"Value\":1},{\"Key\":\"8C64E8FF034811005B20FDFF\",\"Value\":1},{\"Key\":\"FB6FE8FF2F4911000E25FDFF\",\"Value\":1},{\"Key\":\"C885E8FFCF4D1100B830FDFF\",\"Value\":1},{\"Key\":\"C0A0E8FFF95711006A31FDFF\",\"Value\":1},{\"Key\":\"B1CEE8FFC9761100AC30FDFF\",\"Value\":1},{\"Key\":\"1DFBE8FFE3A41100BB42FDFF\",\"Value\":1},{\"Key\":\"AD6EF4FF072A17005D5B0100\",\"Value\":3},{\"Key\":\"E272F4FF32161700C2C10100\",\"Value\":1},{\"Key\":\"2D9BF4FF4640170077370100\",\"Value\":3},{\"Key\":\"D0A7F2FF9993140045940500\",\"Value\":1},{\"Key\":\"0C46F2FFDD6D1400E2700500\",\"Value\":1},{\"Key\":\"C12EF2FFAB651400E86F0500\",\"Value\":1},{\"Key\":\"5F32F2FF2B6414002D560500\",\"Value\":1},{\"Key\":\"7302F2FF6B5014002D560500\",\"Value\":1},{\"Key\":\"D61CF2FFCA5814008B560500\",\"Value\":1},{\"Key\":\"9C14F2FFD352140031400500\",\"Value\":1},{\"Key\":\"7BF0F1FF105314001E610500\",\"Value\":1},{\"Key\":\"94E5F1FF8A4B1400953E0500\",\"Value\":1},{\"Key\":\"7E05F2FFDE4F1400956F0500\",\"Value\":1},{\"Key\":\"F61EF2FF785C140028700500\",\"Value\":1},{\"Key\":\"86E5F1FF8D53140037880500\",\"Value\":1},{\"Key\":\"18E4F1FF975214004D7C0500\",\"Value\":1},{\"Key\":\"4CE3F1FF21421400660F0500\",\"Value\":1},{\"Key\":\"3019F2FFBB541400A50C0500\",\"Value\":1},{\"Key\":\"0014F2FF4652140058F70400\",\"Value\":1},{\"Key\":\"F112F2FF44531400FAE00400\",\"Value\":1},{\"Key\":\"7F2EF2FF3F601400B8E90400\",\"Value\":1},{\"Key\":\"902DF2FF375F1400071A0500\",\"Value\":1},{\"Key\":\"B62EF2FFB55F140065020500\",\"Value\":1},{\"Key\":\"FB2CF2FF195F1400D8270500\",\"Value\":1},{\"Key\":\"0075F2FF127E1400DD2A0500\",\"Value\":1},{\"Key\":\"008EF2FFCC891400BC480500\",\"Value\":1},{\"Key\":\"14ABF2FF2A9814001D6F0500\",\"Value\":1},{\"Key\":\"C874F2FFE76E1400D5080600\",\"Value\":1},{\"Key\":\"D68DF2FF34711400511F0600\",\"Value\":1},{\"Key\":\"EAB0F4FF1419170096630200\",\"Value\":1},{\"Key\":\"605EF2FFFF5A1400E84D0600\",\"Value\":1},{\"Key\":\"1164F2FF8F541400AB730600\",\"Value\":1},{\"Key\":\"732CF2FF6B4E1400A5C90600\",\"Value\":1},{\"Key\":\"9714F2FF6B4E1400C6C80600\",\"Value\":1},{\"Key\":\"5C44F2FF6B4E1400B0B80600\",\"Value\":1},{\"Key\":\"394DF2FFC04E140050950600\",\"Value\":1},{\"Key\":\"EF60F4FF542E170057F30000\",\"Value\":1},{\"Key\":\"472CF3FFF2E117006166FDFF\",\"Value\":3},{\"Key\":\"2E16F4FF60071700CEF50000\",\"Value\":1},{\"Key\":\"C691F4FF197D17000AF6FFFF\",\"Value\":3},{\"Key\":\"B534F5FF4F7217005CD70000\",\"Value\":3},{\"Key\":\"6E15F2FFADA8170029DBFDFF\",\"Value\":3},{\"Key\":\"E45BF2FF14B91700EF9AFDFF\",\"Value\":3},{\"Key\":\"A047F3FF43F11700B560FDFF\",\"Value\":3},{\"Key\":\"0898F5FFAE0D170009DB0300\",\"Value\":2},{\"Key\":\"DF38F5FF4D75170001770000\",\"Value\":3},{\"Key\":\"A99DF4FF384417004B1C0100\",\"Value\":3},{\"Key\":\"D5E8F2FF83E517005220FDFF\",\"Value\":3},{\"Key\":\"4FF7F4FF6D6C1700C4B90000\",\"Value\":3},{\"Key\":\"D955F4FFEF67170012310000\",\"Value\":3},{\"Key\":\"C450F3FFA3831700F4120000\",\"Value\":3},{\"Key\":\"F6D6F2FF30B51400132E0500\",\"Value\":1},{\"Key\":\"894DF2FF087014000AA00500\",\"Value\":1},{\"Key\":\"2A15F2FF867D140024E80300\",\"Value\":1},{\"Key\":\"1DCAF1FFA35D1400C20D0600\",\"Value\":1},{\"Key\":\"B3E1F1FFE25A1400EA230600\",\"Value\":1},{\"Key\":\"AEB3F1FF2C5A140093280600\",\"Value\":1},{\"Key\":\"22FAF1FF4F60140042C20700\",\"Value\":1},{\"Key\":\"D9E2F1FF085C1400B5C70700\",\"Value\":1},{\"Key\":\"A62DF2FFD05B140006980700\",\"Value\":1},{\"Key\":\"552CF2FF2E631400FCAE0700\",\"Value\":1},{\"Key\":\"2ACEF1FFF656140010ED0700\",\"Value\":1},{\"Key\":\"7ECDF1FFFD571400CDD40700\",\"Value\":1},{\"Key\":\"0BE8F1FFFA571400B6EC0700\",\"Value\":1},{\"Key\":\"5CB2F1FFEB58140077C80700\",\"Value\":1},{\"Key\":\"EF8CF1FFFA6114000DBE0700\",\"Value\":1},{\"Key\":\"5F9FF1FFD06214009DB20700\",\"Value\":1},{\"Key\":\"AB15F3FFBAE41700013EFDFF\",\"Value\":3},{\"Key\":\"76EBF3FF4FF7160089180100\",\"Value\":1},{\"Key\":\"E11EF4FFB90B17006A5F0100\",\"Value\":1},{\"Key\":\"CDD5F4FF3B3F1700A6C10100\",\"Value\":3},{\"Key\":\"8093F4FF252A17002A990100\",\"Value\":1},{\"Key\":\"136AF1FFAFDF1300D57C0500\",\"Value\":1},{\"Key\":\"F827F1FF64C81300CA870500\",\"Value\":1},{\"Key\":\"222AF1FFD7BF1300A4A10500\",\"Value\":1},{\"Key\":\"BA36F1FFAFCC13004C8B0500\",\"Value\":1},{\"Key\":\"FD0DF1FF45B713005D870500\",\"Value\":1},{\"Key\":\"D6ECF0FF6B6813003B810600\",\"Value\":1},{\"Key\":\"30ECF0FF11621300629C0600\",\"Value\":1},{\"Key\":\"813CF1FFC89C130073110600\",\"Value\":1},{\"Key\":\"8754F1FF51A01300991A0600\",\"Value\":1},{\"Key\":\"BA50F1FFD28D13000B8A0600\",\"Value\":1},{\"Key\":\"994EF1FF3E8F1300C1690600\",\"Value\":1},{\"Key\":\"D338F1FF5088130083590600\",\"Value\":1},{\"Key\":\"AEB6F1FFDE5B140022330600\",\"Value\":1},{\"Key\":\"3BB9F1FFDB5C14006DE90500\",\"Value\":1},{\"Key\":\"88D9F0FF974113002D1F0700\",\"Value\":1},{\"Key\":\"83EEF0FFCC4B13002E1D0700\",\"Value\":1},{\"Key\":\"B6D3F0FF573D13000A2F0700\",\"Value\":1},{\"Key\":\"A4C9F0FFD93813002C2C0700\",\"Value\":1},{\"Key\":\"7EDAF0FF743E1300EA400700\",\"Value\":1},{\"Key\":\"C8C8F0FF1037130085430700\",\"Value\":1},{\"Key\":\"B1A2F0FF9F251300134A0700\",\"Value\":1},{\"Key\":\"E0A4F0FFEA261300AF350700\",\"Value\":1},{\"Key\":\"F53AF1FF75D21300DC7D0500\",\"Value\":1},{\"Key\":\"0ABFF0FF01341300F4720700\",\"Value\":1},{\"Key\":\"0CD6F0FF68391300637F0700\",\"Value\":1},{\"Key\":\"48CAF0FF07331300B28F0700\",\"Value\":1},{\"Key\":\"A0C8F0FF202E130023B00700\",\"Value\":1},{\"Key\":\"509FEFFF889C12006E020600\",\"Value\":1},{\"Key\":\"B172F1FF965B130067680800\",\"Value\":1},{\"Key\":\"746EEEFFB8F31100F0F20500\",\"Value\":1},{\"Key\":\"DCF3EDFF659E110030C20500\",\"Value\":1},{\"Key\":\"29FAEDFF969F1100D6D40500\",\"Value\":1},{\"Key\":\"8CDCEDFF78951100A6930500\",\"Value\":1},{\"Key\":\"17B7EDFF2C7F1100C5940500\",\"Value\":1},{\"Key\":\"C0C0EDFF6E851100C8A50500\",\"Value\":1},{\"Key\":\"E8D1EEFF5F9B1200764B0400\",\"Value\":1},{\"Key\":\"62D3EEFF8EA71200B13D0400\",\"Value\":1},{\"Key\":\"BEF3EDFF61A51100EA740500\",\"Value\":1},{\"Key\":\"C004EFFF92C11200EA3D0400\",\"Value\":1},{\"Key\":\"FB45EEFF5B9C1100E3370700\",\"Value\":1},{\"Key\":\"BA58EEFF7AA3110082420700\",\"Value\":1},{\"Key\":\"BC3EEEFF319B1100584D0700\",\"Value\":1},{\"Key\":\"CA57EEFF20A411006F350700\",\"Value\":1},{\"Key\":\"2E04EFFFBAF3120004E80300\",\"Value\":1},{\"Key\":\"82DEF4FF00681700AC970000\",\"Value\":3},{\"Key\":\"50DFF2FF9DC01700E07DFDFF\",\"Value\":3},{\"Key\":\"A018F2FFFE95130072220900\",\"Value\":1},{\"Key\":\"7D14F2FF37981300442E0900\",\"Value\":1},{\"Key\":\"3A14F2FFE2A31300B2500900\",\"Value\":1},{\"Key\":\"48FDF1FF428F1300B3390900\",\"Value\":1},{\"Key\":\"A02FF2FF7AAF1300D6440900\",\"Value\":1},{\"Key\":\"EE2CF2FF86B81300735F0900\",\"Value\":1},{\"Key\":\"3107F2FF8FAB130044770900\",\"Value\":1},{\"Key\":\"F0EEF1FF1CA113006C820900\",\"Value\":1},{\"Key\":\"A1E0EFFF636E1200DC970700\",\"Value\":1},{\"Key\":\"24DDEDFF719012008BB70300\",\"Value\":1},{\"Key\":\"19E9EEFF7918120011B70600\",\"Value\":1},{\"Key\":\"FEB8EEFFB1121200CE670600\",\"Value\":1},{\"Key\":\"22E9EEFF4CD212003D080400\",\"Value\":1},{\"Key\":\"D6E9EEFF02E912000ED90300\",\"Value\":1},{\"Key\":\"037DEFFFF191120097ED0500\",\"Value\":1},{\"Key\":\"B98AEFFF86B0120088410500\",\"Value\":1},{\"Key\":\"FAD8F4FF93421700B69C0100\",\"Value\":3},{\"Key\":\"819EF2FFDFC317002959FDFF\",\"Value\":3},{\"Key\":\"F4D9F4FF095A17004E190100\",\"Value\":3},{\"Key\":\"F274F4FF5A241700EF820100\",\"Value\":3},{\"Key\":\"8914F5FFF1781700F5090200\",\"Value\":3},{\"Key\":\"3A17F5FFBB7A170089C20100\",\"Value\":3},{\"Key\":\"6114F5FFE5531700159B0200\",\"Value\":3},{\"Key\":\"0734F5FFB588170054640200\",\"Value\":3},{\"Key\":\"6362F2FF29CD1700AB35FDFF\",\"Value\":3},{\"Key\":\"C79CF2FF46DE17002316FDFF\",\"Value\":3},{\"Key\":\"D5C5F2FF6BFB170032D9FCFF\",\"Value\":3},{\"Key\":\"B660F3FFC4041800F83CFDFF\",\"Value\":3},{\"Key\":\"7C03F3FFF8FD170079ECFCFF\",\"Value\":3},{\"Key\":\"EDE4F2FF110F18006EB3FCFF\",\"Value\":3},{\"Key\":\"942AF3FF0A1C18005FAEFCFF\",\"Value\":3}],\"SerializedName\":\"WorldObjectLocatorManager\",\"UniqueFile\":true}"}}