{"Version":"0.0.0","Data":{"ScrewStructureInstances":"{\"_structures\":[{\"Pos\":{\"x\":-205.2291,\"y\":376.252258,\"z\":52.4127045},\"Rot\":{\"y\":0.6869613,\"w\":0.7266941},\"Storages\":[{\"Version\":\"0.0.0\",\"ItemBlocks\":[{\"ItemId\":479,\"TotalCount\":5,\"UniqueItems\":[]}]}],\"Modules\":[]},{\"Id\":35,\"Pos\":{\"x\":-213.228882,\"y\":373.75943,\"z\":26.39619},\"Rot\":{\"x\":-0.0565465875,\"y\":-0.257598042,\"z\":-0.0151027711,\"w\":-0.964477956},\"Storages\":[{\"Version\":\"0.0.0\",\"ItemBlocks\":[{\"ItemId\":436,\"TotalCount\":2,\"UniqueItems\":[{\"Modules\":[{\"CurrentState\":1,\"TimeRemainingInState\":86400.0,\"PauseDecay\":true,\"Version\":\"0.0.0\",\"ModuleId\":3}]},{\"Modules\":[{\"CurrentState\":1,\"TimeRemainingInState\":86400.0,\"PauseDecay\":true,\"Version\":\"0.0.0\",\"ModuleId\":3}]}]}]}],\"Modules\":[]},{\"Id\":35,\"Pos\":{\"x\":-214.626419,\"y\":373.8525,\"z\":25.4535255},\"Rot\":{\"x\":-0.0490799472,\"y\":0.7189688,\"z\":0.03399775,\"w\":-0.6924733},\"Storages\":[{\"Version\":\"0.0.0\",\"ItemBlocks\":[{\"ItemId\":436,\"TotalCount\":5,\"UniqueItems\":[{\"Modules\":[{\"CurrentState\":1,\"TimeRemainingInState\":86400.0,\"PauseDecay\":true,\"Version\":\"0.0.0\",\"ModuleId\":3}]},{\"Modules\":[{\"CurrentState\":1,\"TimeRemainingInState\":86400.0,\"PauseDecay\":true,\"Version\":\"0.0.0\",\"ModuleId\":3}]},{\"Modules\":[{\"CurrentState\":1,\"TimeRemainingInState\":86400.0,\"PauseDecay\":true,\"Version\":\"0.0.0\",\"ModuleId\":3}]},{\"Modules\":[{\"CurrentState\":1,\"TimeRemainingInState\":86400.0,\"PauseDecay\":true,\"Version\":\"0.0.0\",\"ModuleId\":3}]},{\"Modules\":[{\"CurrentState\":1,\"TimeRemainingInState\":86400.0,\"PauseDecay\":true,\"Version\":\"0.0.0\",\"ModuleId\":3}]}]}]}],\"Modules\":[]},{\"Id\":35,\"Pos\":{\"x\":-212.320511,\"y\":373.6347,\"z\":27.66849},\"Rot\":{\"x\":0.06546016,\"y\":0.32622996,\"z\":0.0596500821,\"w\":0.9411328},\"Storages\":[{\"Version\":\"0.0.0\",\"ItemBlocks\":[{\"ItemId\":436,\"TotalCount\":4,\"UniqueItems\":[{\"Modules\":[{\"CurrentState\":1,\"TimeRemainingInState\":86400.0,\"PauseDecay\":true,\"Version\":\"0.0.0\",\"ModuleId\":3}]},{\"Modules\":[{\"CurrentState\":1,\"TimeRemainingInState\":86400.0,\"PauseDecay\":true,\"Version\":\"0.0.0\",\"ModuleId\":3}]},{\"Modules\":[{\"CurrentState\":1,\"TimeRemainingInState\":86400.0,\"PauseDecay\":true,\"Version\":\"0.0.0\",\"ModuleId\":3}]},{\"Modules\":[{\"CurrentState\":1,\"TimeRemainingInState\":86400.0,\"PauseDecay\":true,\"Version\":\"0.0.0\",\"ModuleId\":3}]}]}]}],\"Modules\":[]},{\"Id\":62,\"Pos\":{\"x\":-204.995468,\"y\":374.703278,\"z\":40.9390945},\"Rot\":{\"x\":0.04828399,\"y\":0.9972663,\"z\":0.032941483,\"w\":0.04520539},\"Storages\":[{\"Version\":\"0.0.0\",\"ItemBlocks\":[{\"ItemId\":640,\"TotalCount\":10,\"UniqueItems\":[]}]}],\"Modules\":[]},{\"Id\":22,\"Pos\":{\"x\":-202.976166,\"y\":376.8359,\"z\":18.8798313},\"Rot\":{\"y\":0.5581165,\"w\":-0.8297626},\"Storages\":[],\"Modules\":[]},{\"Id\":51,\"Pos\":{\"x\":-205.900528,\"y\":378.362335,\"z\":16.8549824},\"Rot\":{\"y\":0.19900094,\"w\":0.9799993},\"Storages\":[{\"Version\":\"0.0.0\",\"ItemBlocks\":[]},{\"Version\":\"0.0.0\",\"ItemBlocks\":[]},{\"Version\":\"0.0.0\",\"ItemBlocks\":[]},{\"Version\":\"0.0.0\",\"ItemBlocks\":[]}],\"Modules\":[]},{\"Id\":52,\"Pos\":{\"x\":-202.8874,\"y\":376.160919,\"z\":29.322813},\"Rot\":{\"y\":0.6011739,\"w\":-0.7991183},\"Storages\":[],\"Modules\":[]},{\"Id\":27,\"Pos\":{\"x\":-205.393173,\"y\":376.160919,\"z\":29.380209},\"Rot\":{\"y\":-0.9920364,\"w\":-0.125951558},\"Storages\":[{\"Version\":\"0.0.0\",\"ItemBlocks\":[{\"ItemId\":433,\"TotalCount\":1,\"UniqueItems\":[{\"Modules\":[{\"CurrentState\":4,\"TimeRemainingInState\":172800.0,\"PauseDecay\":true,\"Version\":\"0.0.0\",\"ModuleId\":3}]}]},{\"ItemId\":436,\"TotalCount\":3,\"UniqueItems\":[{\"Modules\":[{\"CurrentState\":1,\"TimeRemainingInState\":86400.0,\"PauseDecay\":true,\"Version\":\"0.0.0\",\"ModuleId\":3}]},{\"Modules\":[{\"CurrentState\":1,\"TimeRemainingInState\":86400.0,\"PauseDecay\":true,\"Version\":\"0.0.0\",\"ModuleId\":3}]},{\"Modules\":[{\"CurrentState\":1,\"TimeRemainingInState\":86400.0,\"PauseDecay\":true,\"Version\":\"0.0.0\",\"ModuleId\":3}]}]}]}],\"Modules\":[]},{\"Id\":29,\"Pos\":{\"x\":-202.922348,\"y\":376.160919,\"z\":23.4503536},\"Rot\":{\"y\":-0.194022447,\"w\":-0.980997145},\"Storages\":[{\"Version\":\"0.0.0\",\"ItemBlocks\":[]}],\"Modules\":[]},{\"Id\":67,\"Pos\":{\"x\":-204.247955,\"y\":374.82547,\"z\":38.06833},\"Rot\":{\"x\":-0.0162777528,\"y\":-0.994071841,\"z\":-0.0455198623,\"w\":-0.09738694},\"Storages\":[{\"Version\":\"0.0.0\",\"ItemBlocks\":[]}],\"Modules\":[]}]}"}}