{"Version":"0.0.0","Data":{"WorldObjectLocatorManager":"{\"Version\":\"0.0.0\",\"SerializedStates\":[{\"Key\":\"21A5EAFF7F36100079050700\",\"Value\":1},{\"Key\":\"6A5BF4FF2E071700C4FC0100\",\"Value\":1},{\"Key\":\"CA1AF4FFC207170029780100\",\"Value\":1},{\"Key\":\"458FF4FF0D1517003A100200\",\"Value\":1},{\"Key\":\"C7AAF4FFEA26170099E20100\",\"Value\":1},{\"Key\":\"1D63F3FF04491800B975FCFF\",\"Value\":3},{\"Key\":\"D2D7F4FF804217007E010200\",\"Value\":3},{\"Key\":\"1129B9FF8AC20D00B11EDAFF\",\"Value\":1},{\"Key\":\"9C26B7FF73850D00845FDAFF\",\"Value\":1},{\"Key\":\"DD0AB7FF80830D006E69DAFF\",\"Value\":1},{\"Key\":\"DAEFB6FF387F0D00FC7ADAFF\",\"Value\":1},{\"Key\":\"13E4B6FF34760D00048FDAFF\",\"Value\":1},{\"Key\":\"BDC5B6FF82760D009195DAFF\",\"Value\":1},{\"Key\":\"E9B6B6FF7B750D00D39ADAFF\",\"Value\":1},{\"Key\":\"F69FB6FF7B720D00E5A4DAFF\",\"Value\":1},{\"Key\":\"3998B6FF776E0D0065ACDAFF\",\"Value\":1},{\"Key\":\"FEC1B5FF9E2E0D004A4CDBFF\",\"Value\":1},{\"Key\":\"B1BFB5FF01280D00915FDBFF\",\"Value\":1},{\"Key\":\"D7A9B5FF31160D000061DBFF\",\"Value\":1},{\"Key\":\"92AAB5FFC0190D000B59DBFF\",\"Value\":1},{\"Key\":\"359CB5FFD70C0D00DD67DBFF\",\"Value\":1},{\"Key\":\"E482B5FFE4030D00DD74DBFF\",\"Value\":1},{\"Key\":\"DE70B5FF20010D00DC73DBFF\",\"Value\":1},{\"Key\":\"AF60B5FFD00A0D00D990DBFF\",\"Value\":1},{\"Key\":\"490FB2FFB87A0C0093F6DDFF\",\"Value\":1},{\"Key\":\"74A2B1FF86B90B00C30DE0FF\",\"Value\":1},{\"Key\":\"06AAB1FFD1C10B00D6FEDFFF\",\"Value\":1},{\"Key\":\"059DB1FF028E0B000382E0FF\",\"Value\":1},{\"Key\":\"EB5FB1FF8AE00A00B7A6E2FF\",\"Value\":1},{\"Key\":\"FF73ACFF4F950A00A011E4FF\",\"Value\":1},{\"Key\":\"9471ACFF99930A003818E4FF\",\"Value\":1},{\"Key\":\"7E56ACFF8F8C0A00952FE4FF\",\"Value\":1},{\"Key\":\"5810ACFF0C770A009C85E4FF\",\"Value\":1},{\"Key\":\"A310ACFFEA700A00D7A1E4FF\",\"Value\":1},{\"Key\":\"380BACFFD3690A0000BCE4FF\",\"Value\":1},{\"Key\":\"D6E0ABFF46580A0091F7E4FF\",\"Value\":1},{\"Key\":\"7DDFABFF09540A007509E5FF\",\"Value\":1},{\"Key\":\"03C7ABFF05550A0098FDE4FF\",\"Value\":1},{\"Key\":\"41C8ABFFB14B0A007124E5FF\",\"Value\":1},{\"Key\":\"EEADABFF603D0A006F56E5FF\",\"Value\":1},{\"Key\":\"B6ABABFF07390A009F67E5FF\",\"Value\":1},{\"Key\":\"57A2ABFF96370A00F068E5FF\",\"Value\":1},{\"Key\":\"E88DABFF5C320A006876E5FF\",\"Value\":1},{\"Key\":\"3C9BABFF79300A004383E5FF\",\"Value\":1},{\"Key\":\"FD91ABFFF0290A002D9CE5FF\",\"Value\":1},{\"Key\":\"1190ABFF49260A00ECAAE5FF\",\"Value\":1},{\"Key\":\"F499ABFFB2210A00B4C3E5FF\",\"Value\":1},{\"Key\":\"3696ABFFD71F0A004ACAE5FF\",\"Value\":1},{\"Key\":\"E47DABFF181B0A0043D2E5FF\",\"Value\":1},{\"Key\":\"6D83ABFF15150A0004F0E5FF\",\"Value\":1},{\"Key\":\"2C90ABFF41130A005FFDE5FF\",\"Value\":1},{\"Key\":\"0C7BABFF100A0A00751AE6FF\",\"Value\":1},{\"Key\":\"AC6EABFF35FE0900854FE6FF\",\"Value\":1},{\"Key\":\"9465ABFF13FA09004B5FE6FF\",\"Value\":1},{\"Key\":\"634AABFF6AE80900729FE6FF\",\"Value\":1},{\"Key\":\"F45DABFFCAE80900FFA7E6FF\",\"Value\":1},{\"Key\":\"F562ABFF8DE30900D0C3E6FF\",\"Value\":1},{\"Key\":\"974CABFFD7E1090078BFE6FF\",\"Value\":1},{\"Key\":\"0B31ABFF30C10900D944E7FF\",\"Value\":1},{\"Key\":\"E82CABFF9BB909001762E7FF\",\"Value\":1},{\"Key\":\"DF0BABFF54B309007670E7FF\",\"Value\":1},{\"Key\":\"A503ABFFC8B00900B177E7FF\",\"Value\":1},{\"Key\":\"11E1AAFFB19F0900C2B3E7FF\",\"Value\":1},{\"Key\":\"87D0AAFF489B090099C0E7FF\",\"Value\":1},{\"Key\":\"37BAAAFF2C9109005CE5E7FF\",\"Value\":1},{\"Key\":\"868AAAFF767D0900E626E8FF\",\"Value\":1},{\"Key\":\"EA87AAFFD2750900C947E8FF\",\"Value\":1},{\"Key\":\"B88CAAFF9B7A09008F35E8FF\",\"Value\":1},{\"Key\":\"FF7CAAFFBD6F09009A5EE8FF\",\"Value\":1},{\"Key\":\"087EAAFF96670900077CE8FF\",\"Value\":1},{\"Key\":\"EF69AAFF446609001E78E8FF\",\"Value\":1},{\"Key\":\"8E6BAAFF9C58090039A4E8FF\",\"Value\":1},{\"Key\":\"EF40AAFF793B0900D6E5E8FF\",\"Value\":1},{\"Key\":\"C640AAFF6D2B0900C406E9FF\",\"Value\":1},{\"Key\":\"0C36AAFF472F0900DFFDE8FF\",\"Value\":1},{\"Key\":\"FA29AAFFE91F0900E11AE9FF\",\"Value\":1},{\"Key\":\"5D3AAAFF421F09001F1CE9FF\",\"Value\":1},{\"Key\":\"BD15AAFF9DEF08008D6EE9FF\",\"Value\":1},{\"Key\":\"B70AAAFFFEE008000290E9FF\",\"Value\":1},{\"Key\":\"E9FFA9FF1ED708002AAEE9FF\",\"Value\":1},{\"Key\":\"44FBA9FFA3D008006BC2E9FF\",\"Value\":1},{\"Key\":\"23EAA9FF60CF080006D1E9FF\",\"Value\":1},{\"Key\":\"B4F9A9FFB8C9080089D6E9FF\",\"Value\":1},{\"Key\":\"D2DEA9FF10C40800D9F0E9FF\",\"Value\":1},{\"Key\":\"C5C8A9FFF7B808000D0AEAFF\",\"Value\":1},{\"Key\":\"D8DCA9FF5FB508003610EAFF\",\"Value\":1},{\"Key\":\"03D0A9FFBEA80800D927EAFF\",\"Value\":1},{\"Key\":\"CAAFA9FF3DAA08003421EAFF\",\"Value\":1},{\"Key\":\"54B6A9FF99A50800052AEAFF\",\"Value\":1},{\"Key\":\"40A7A9FFF89808007B3DEAFF\",\"Value\":1},{\"Key\":\"F8A8A9FF68910800144AEAFF\",\"Value\":1},{\"Key\":\"0294A9FFFC8208002A61EAFF\",\"Value\":1},{\"Key\":\"EED7A8FF365108007FEDEAFF\",\"Value\":1},{\"Key\":\"B77EA8FF292808002E32EBFF\",\"Value\":1},{\"Key\":\"3F84A8FF9A2808009A31EBFF\",\"Value\":1},{\"Key\":\"0F63A8FFEC2108008F44EBFF\",\"Value\":1},{\"Key\":\"CAF7A7FFFC1308001C87EBFF\",\"Value\":1},{\"Key\":\"ECEAA7FFE5130800C380EBFF\",\"Value\":1},{\"Key\":\"7DDEA7FF920F08000E8FEBFF\",\"Value\":1},{\"Key\":\"D1D6A7FF6A0D0800F396EBFF\",\"Value\":1},{\"Key\":\"5BC3A7FF500B08007F97EBFF\",\"Value\":1},{\"Key\":\"224EA7FFCBF20700E3D2EBFF\",\"Value\":1},{\"Key\":\"323FA7FFB6EF070079CCEBFF\",\"Value\":1},{\"Key\":\"A423A7FF04E907008BCBEBFF\",\"Value\":1},{\"Key\":\"5F31A7FFBEEA0700AEDEEBFF\",\"Value\":1},{\"Key\":\"BD23A7FF9EE6070013E8EBFF\",\"Value\":1},{\"Key\":\"C817A7FFE6E40700A4DBEBFF\",\"Value\":1},{\"Key\":\"7202A7FFABE00700A5E5EBFF\",\"Value\":1},{\"Key\":\"92F3A6FF15DF070031E2EBFF\",\"Value\":1},{\"Key\":\"E8DAA6FF53DD070036F3EBFF\",\"Value\":1},{\"Key\":\"36D8A6FFEFDB07000913ECFF\",\"Value\":1},{\"Key\":\"8FC6A6FF84DC07002C0DECFF\",\"Value\":1},{\"Key\":\"B4BAA6FFB3DD07002200ECFF\",\"Value\":1},{\"Key\":\"7B79C5FF8A63050044823700\",\"Value\":1},{\"Key\":\"BB2AAEFF012506000740FCFF\",\"Value\":1},{\"Key\":\"1C27AEFFF31906004E60FCFF\",\"Value\":1},{\"Key\":\"1E46AEFF581C0600347DFCFF\",\"Value\":1},{\"Key\":\"2666AEFFEE1D0600D5C7FCFF\",\"Value\":1},{\"Key\":\"8C78EBFF5C7C10005F3F0500\",\"Value\":1},{\"Key\":\"D9F3BFFFE6FB06005858FFFF\",\"Value\":1},{\"Key\":\"9210C0FFBFFB06004265FFFF\",\"Value\":1},{\"Key\":\"041FC0FF8FFC06005C61FFFF\",\"Value\":1},{\"Key\":\"E723C0FFD8FD06007455FFFF\",\"Value\":1},{\"Key\":\"6034C0FF35FF06002F4FFFFF\",\"Value\":1},{\"Key\":\"E98DC0FF07040700BC4EFFFF\",\"Value\":1},{\"Key\":\"71A6C0FFD50407009659FFFF\",\"Value\":1},{\"Key\":\"6EBAC0FF4C060700FC58FFFF\",\"Value\":1},{\"Key\":\"21CDC0FF4B0807003F4FFFFF\",\"Value\":1},{\"Key\":\"D3DEC0FFC9080700FA59FFFF\",\"Value\":1},{\"Key\":\"05EFC0FF7A0907005261FFFF\",\"Value\":1},{\"Key\":\"4C4AC1FFEC0B07001C6EFFFF\",\"Value\":1},{\"Key\":\"CD9AC1FF430C07008E7DFFFF\",\"Value\":1},{\"Key\":\"94ADC1FF2A0C07000871FFFF\",\"Value\":1},{\"Key\":\"3371C8FFDF0A0700841D0100\",\"Value\":1},{\"Key\":\"30A3C8FFB80F0700000D0100\",\"Value\":1},{\"Key\":\"6D7BC9FFFC1B0700E2680000\",\"Value\":1},{\"Key\":\"3B7FC9FF931C07009E790000\",\"Value\":1},{\"Key\":\"D1A7C9FF4B1D0700EA690000\",\"Value\":1},{\"Key\":\"5335CAFFDE3307001E140000\",\"Value\":1},{\"Key\":\"8643CAFFB1350700F7000000\",\"Value\":1},{\"Key\":\"135CCAFFCD360700A7E6FFFF\",\"Value\":1},{\"Key\":\"8E6FCAFFC437070024E0FFFF\",\"Value\":1},{\"Key\":\"1E7FCAFFF739070024ECFFFF\",\"Value\":1},{\"Key\":\"008DCAFF0C35070038CDFFFF\",\"Value\":1},{\"Key\":\"4AA3CAFF7033070043C9FFFF\",\"Value\":1},{\"Key\":\"5AB7CAFF4E300700A3AEFFFF\",\"Value\":1},{\"Key\":\"CBD5CAFF872F070015A5FFFF\",\"Value\":1},{\"Key\":\"7FFBCAFF6C3107008397FFFF\",\"Value\":1},{\"Key\":\"300FCBFF30330700F89BFFFF\",\"Value\":1},{\"Key\":\"672ECBFF2B350700A68CFFFF\",\"Value\":1},{\"Key\":\"F10CCCFF264807008461FFFF\",\"Value\":1},{\"Key\":\"D510CCFF8F4507009256FFFF\",\"Value\":1},{\"Key\":\"139ACCFF43560700F150FFFF\",\"Value\":1},{\"Key\":\"8FB2CCFFEE570700FB3CFFFF\",\"Value\":1},{\"Key\":\"B019CDFFB46107000029FFFF\",\"Value\":1},{\"Key\":\"7437CDFF7C640700561EFFFF\",\"Value\":1},{\"Key\":\"6208CEFF5D7007006FE1FEFF\",\"Value\":1},{\"Key\":\"F542CEFF7B7307004FACFEFF\",\"Value\":1},{\"Key\":\"4D4CCEFFE37807008FBFFEFF\",\"Value\":1},{\"Key\":\"FF57CEFF6C76070031B6FEFF\",\"Value\":1},{\"Key\":\"2F5ECEFFAF7407008BADFEFF\",\"Value\":1},{\"Key\":\"7E84CEFFD073070093A3FEFF\",\"Value\":1},{\"Key\":\"E8BDCEFF3C750700897DFEFF\",\"Value\":1},{\"Key\":\"5E2ACFFF0D900700B071FEFF\",\"Value\":1},{\"Key\":\"D0C3CFFF1AA907006E5BFEFF\",\"Value\":1},{\"Key\":\"4529D0FF97B50700CB65FEFF\",\"Value\":1},{\"Key\":\"646CD0FF6BBB07000460FEFF\",\"Value\":1},{\"Key\":\"D674D0FFB1BD07005353FEFF\",\"Value\":1},{\"Key\":\"EF87D0FF1DBE0700F660FEFF\",\"Value\":1},{\"Key\":\"559DD0FFC8BD0700CA5BFEFF\",\"Value\":1},{\"Key\":\"48A4D0FFF3BD0700ED5BFEFF\",\"Value\":1},{\"Key\":\"29ADD0FF1DC007007C4EFEFF\",\"Value\":1},{\"Key\":\"23BED0FF64BF07003762FEFF\",\"Value\":1},{\"Key\":\"A6B4D0FF2BC307009450FEFF\",\"Value\":1},{\"Key\":\"26CDD0FF37C207001F57FEFF\",\"Value\":1},{\"Key\":\"64E8D0FF59C40700866BFEFF\",\"Value\":1},{\"Key\":\"30F7D0FFEAC507005175FEFF\",\"Value\":1},{\"Key\":\"DF07D1FF72C607007B66FEFF\",\"Value\":1},{\"Key\":\"5F0FD1FFD9C807000180FEFF\",\"Value\":1},{\"Key\":\"2319D1FFD1C90700897DFEFF\",\"Value\":1},{\"Key\":\"F91AD1FF2FC90700A68FFEFF\",\"Value\":1},{\"Key\":\"FB35D1FFF0C907000496FEFF\",\"Value\":1},{\"Key\":\"E84BD1FFE7CA0700BEBEFEFF\",\"Value\":1},{\"Key\":\"2A54D1FF7ECA0700D5B5FEFF\",\"Value\":1},{\"Key\":\"DF65D1FF7ECC07009FD4FEFF\",\"Value\":1},{\"Key\":\"2D64D1FF9CCB07003CF3FEFF\",\"Value\":1},{\"Key\":\"3DE4D5FFA53F080022CDFFFF\",\"Value\":1},{\"Key\":\"2B91F4FFEF681700D34A0000\",\"Value\":3},{\"Key\":\"5A47D7FF24AE08002EFDFFFF\",\"Value\":1},{\"Key\":\"9F51D7FF1CB70800790F0000\",\"Value\":1},{\"Key\":\"BA5BD7FF8FBA08007F040000\",\"Value\":1},{\"Key\":\"5362D7FFBDBA080074F2FFFF\",\"Value\":1},{\"Key\":\"DE78D7FF3ECB0800DDFEFFFF\",\"Value\":1},{\"Key\":\"559FD7FF2AEA0800EC150000\",\"Value\":1},{\"Key\":\"3B95D7FF8CE3080036150000\",\"Value\":1},{\"Key\":\"10E7D7FF75140900ED180000\",\"Value\":1},{\"Key\":\"56F3D7FF521D0900ED220000\",\"Value\":1},{\"Key\":\"A3E7D7FF8116090084200000\",\"Value\":1},{\"Key\":\"6DFED7FFBB1F090055140000\",\"Value\":1},{\"Key\":\"DF8AD8FF3D670900251B0000\",\"Value\":1},{\"Key\":\"DDD7D8FF5F920900973B0000\",\"Value\":1},{\"Key\":\"EE12D9FF16AC090095470000\",\"Value\":1},{\"Key\":\"2D19D9FF14AD0900CE3E0000\",\"Value\":1},{\"Key\":\"494AD9FF2BC00900794E0000\",\"Value\":1},{\"Key\":\"00BED9FFFEED0900BA5B0000\",\"Value\":1},{\"Key\":\"06FBD9FFD3090A00766C0000\",\"Value\":1},{\"Key\":\"1914DAFF9A150A00856F0000\",\"Value\":1},{\"Key\":\"263ADAFF1F2A0A00E3810000\",\"Value\":1},{\"Key\":\"313EDAFFBD2A0A00E1690000\",\"Value\":1},{\"Key\":\"8944DAFF86300A00BC950000\",\"Value\":1},{\"Key\":\"A751DAFF08380A00E7990000\",\"Value\":1},{\"Key\":\"0F7FDAFF2A520A0097940000\",\"Value\":1},{\"Key\":\"189ADAFF5E610A0099960000\",\"Value\":1},{\"Key\":\"AD9EDAFF4F630A0076820000\",\"Value\":1},{\"Key\":\"16A5DAFF82670A0012930000\",\"Value\":1},{\"Key\":\"98BCDAFF2B750A00F1920000\",\"Value\":1},{\"Key\":\"D6C9DAFF6C7E0A00699D0000\",\"Value\":1},{\"Key\":\"72FBDAFFE19F0A00B7A60000\",\"Value\":1},{\"Key\":\"73FADAFF349C0A00B18F0000\",\"Value\":1},{\"Key\":\"AB12DBFFC6AE0A00F2A80000\",\"Value\":1},{\"Key\":\"461DDBFF89B30A00489A0000\",\"Value\":1},{\"Key\":\"0E82DBFF2FEA0A00B0A60000\",\"Value\":1},{\"Key\":\"90AFDBFF0F030B00D7BC0000\",\"Value\":1},{\"Key\":\"33B2DBFF9A020B00B9B10000\",\"Value\":1},{\"Key\":\"25C1DBFFFD0C0B009ECA0000\",\"Value\":1},{\"Key\":\"9412CCFFDB980500E4183400\",\"Value\":1},{\"Key\":\"552CE2FF83320D00ADF4FCFF\",\"Value\":1},{\"Key\":\"2643E2FFCB370D00611CFDFF\",\"Value\":1},{\"Key\":\"4862E7FFD1E81000EB08FDFF\",\"Value\":1},{\"Key\":\"1279E7FF08F91000D01DFDFF\",\"Value\":1},{\"Key\":\"9FA2E7FF41141100040DFDFF\",\"Value\":1},{\"Key\":\"17EBE7FF153711009E0BFDFF\",\"Value\":1},{\"Key\":\"7502E8FFAC3F1100E720FDFF\",\"Value\":1},{\"Key\":\"6E23E8FF48461100BB27FDFF\",\"Value\":1},{\"Key\":\"7C37E8FFEE471100A731FDFF\",\"Value\":1},{\"Key\":\"633EE8FFCC471100C718FDFF\",\"Value\":1},{\"Key\":\"F550E8FFF1471100AD18FDFF\",\"Value\":1},{\"Key\":\"D364E8FFD0481100933AFDFF\",\"Value\":1},{\"Key\":\"8C64E8FF034811005B20FDFF\",\"Value\":1},{\"Key\":\"FB6FE8FF2F4911000E25FDFF\",\"Value\":1},{\"Key\":\"C885E8FFCF4D1100B830FDFF\",\"Value\":1},{\"Key\":\"C0A0E8FFF95711006A31FDFF\",\"Value\":1},{\"Key\":\"B1CEE8FFC9761100AC30FDFF\",\"Value\":1},{\"Key\":\"1DFBE8FFE3A41100BB42FDFF\",\"Value\":1},{\"Key\":\"6B56E4FF513C0D00B0440A00\",\"Value\":1},{\"Key\":\"E272F4FF32161700C2C10100\",\"Value\":1},{\"Key\":\"D0A7F2FF9993140045940500\",\"Value\":1},{\"Key\":\"0C46F2FFDD6D1400E2700500\",\"Value\":1},{\"Key\":\"C12EF2FFAB651400E86F0500\",\"Value\":1},{\"Key\":\"5F32F2FF2B6414002D560500\",\"Value\":1},{\"Key\":\"7302F2FF6B5014002D560500\",\"Value\":1},{\"Key\":\"D61CF2FFCA5814008B560500\",\"Value\":1},{\"Key\":\"9C14F2FFD352140031400500\",\"Value\":1},{\"Key\":\"7BF0F1FF105314001E610500\",\"Value\":1},{\"Key\":\"94E5F1FF8A4B1400953E0500\",\"Value\":1},{\"Key\":\"7E05F2FFDE4F1400956F0500\",\"Value\":1},{\"Key\":\"F61EF2FF785C140028700500\",\"Value\":1},{\"Key\":\"86E5F1FF8D53140037880500\",\"Value\":1},{\"Key\":\"18E4F1FF975214004D7C0500\",\"Value\":1},{\"Key\":\"4CE3F1FF21421400660F0500\",\"Value\":1},{\"Key\":\"3019F2FFBB541400A50C0500\",\"Value\":1},{\"Key\":\"0014F2FF4652140058F70400\",\"Value\":1},{\"Key\":\"F112F2FF44531400FAE00400\",\"Value\":1},{\"Key\":\"7F2EF2FF3F601400B8E90400\",\"Value\":1},{\"Key\":\"902DF2FF375F1400071A0500\",\"Value\":1},{\"Key\":\"B62EF2FFB55F140065020500\",\"Value\":1},{\"Key\":\"FB2CF2FF195F1400D8270500\",\"Value\":1},{\"Key\":\"0075F2FF127E1400DD2A0500\",\"Value\":1},{\"Key\":\"008EF2FFCC891400BC480500\",\"Value\":1},{\"Key\":\"14ABF2FF2A9814001D6F0500\",\"Value\":1},{\"Key\":\"C874F2FFE76E1400D5080600\",\"Value\":1},{\"Key\":\"D68DF2FF34711400511F0600\",\"Value\":1},{\"Key\":\"EAB0F4FF1419170096630200\",\"Value\":1},{\"Key\":\"605EF2FFFF5A1400E84D0600\",\"Value\":1},{\"Key\":\"1164F2FF8F541400AB730600\",\"Value\":1},{\"Key\":\"732CF2FF6B4E1400A5C90600\",\"Value\":1},{\"Key\":\"9714F2FF6B4E1400C6C80600\",\"Value\":1},{\"Key\":\"5C44F2FF6B4E1400B0B80600\",\"Value\":1},{\"Key\":\"394DF2FFC04E140050950600\",\"Value\":1},{\"Key\":\"EF60F4FF542E170057F30000\",\"Value\":1},{\"Key\":\"472CF3FFF2E117006166FDFF\",\"Value\":3},{\"Key\":\"2E16F4FF60071700CEF50000\",\"Value\":1},{\"Key\":\"7C03F3FFF8FD170079ECFCFF\",\"Value\":3},{\"Key\":\"6E15F2FFADA8170029DBFDFF\",\"Value\":3},{\"Key\":\"8223B3FFA4600600DC86FFFF\",\"Value\":1},{\"Key\":\"6AAB9EFFBBB301007D8D1A00\",\"Value\":1},{\"Key\":\"1DCBF1FF5F2F140077F60400\",\"Value\":1},{\"Key\":\"D831C4FF508505000AAB3800\",\"Value\":1},{\"Key\":\"4888C5FF8A630500D8603700\",\"Value\":1},{\"Key\":\"EDE4F2FF110F18006EB3FCFF\",\"Value\":3},{\"Key\":\"F6D6F2FF30B51400132E0500\",\"Value\":1},{\"Key\":\"894DF2FF087014000AA00500\",\"Value\":1},{\"Key\":\"2A15F2FF867D140024E80300\",\"Value\":1},{\"Key\":\"1DCAF1FFA35D1400C20D0600\",\"Value\":1},{\"Key\":\"B3E1F1FFE25A1400EA230600\",\"Value\":1},{\"Key\":\"AEB3F1FF2C5A140093280600\",\"Value\":1},{\"Key\":\"22FAF1FF4F60140042C20700\",\"Value\":1},{\"Key\":\"D9E2F1FF085C1400B5C70700\",\"Value\":1},{\"Key\":\"A62DF2FFD05B140006980700\",\"Value\":1},{\"Key\":\"552CF2FF2E631400FCAE0700\",\"Value\":1},{\"Key\":\"2ACEF1FFF656140010ED0700\",\"Value\":1},{\"Key\":\"7ECDF1FFFD571400CDD40700\",\"Value\":1},{\"Key\":\"0BE8F1FFFA571400B6EC0700\",\"Value\":1},{\"Key\":\"5CB2F1FFEB58140077C80700\",\"Value\":1},{\"Key\":\"EF8CF1FFFA6114000DBE0700\",\"Value\":1},{\"Key\":\"5F9FF1FFD06214009DB20700\",\"Value\":1},{\"Key\":\"5DF4E3FF750E0D0065280A00\",\"Value\":1},{\"Key\":\"76EBF3FF4FF7160089180100\",\"Value\":1},{\"Key\":\"E11EF4FFB90B17006A5F0100\",\"Value\":1},{\"Key\":\"0B0FB3FF4C6106007287FFFF\",\"Value\":1},{\"Key\":\"8093F4FF252A17002A990100\",\"Value\":1},{\"Key\":\"136AF1FFAFDF1300D57C0500\",\"Value\":1},{\"Key\":\"F827F1FF64C81300CA870500\",\"Value\":1},{\"Key\":\"222AF1FFD7BF1300A4A10500\",\"Value\":1},{\"Key\":\"BA36F1FFAFCC13004C8B0500\",\"Value\":1},{\"Key\":\"FD0DF1FF45B713005D870500\",\"Value\":1},{\"Key\":\"D6ECF0FF6B6813003B810600\",\"Value\":1},{\"Key\":\"30ECF0FF11621300629C0600\",\"Value\":1},{\"Key\":\"813CF1FFC89C130073110600\",\"Value\":1},{\"Key\":\"8754F1FF51A01300991A0600\",\"Value\":1},{\"Key\":\"BA50F1FFD28D13000B8A0600\",\"Value\":1},{\"Key\":\"994EF1FF3E8F1300C1690600\",\"Value\":1},{\"Key\":\"D338F1FF5088130083590600\",\"Value\":1},{\"Key\":\"AEB6F1FFDE5B140022330600\",\"Value\":1},{\"Key\":\"3BB9F1FFDB5C14006DE90500\",\"Value\":1},{\"Key\":\"88D9F0FF974113002D1F0700\",\"Value\":1},{\"Key\":\"83EEF0FFCC4B13002E1D0700\",\"Value\":1},{\"Key\":\"B6D3F0FF573D13000A2F0700\",\"Value\":1},{\"Key\":\"A4C9F0FFD93813002C2C0700\",\"Value\":1},{\"Key\":\"7EDAF0FF743E1300EA400700\",\"Value\":1},{\"Key\":\"C8C8F0FF1037130085430700\",\"Value\":1},{\"Key\":\"B1A2F0FF9F251300134A0700\",\"Value\":1},{\"Key\":\"E0A4F0FFEA261300AF350700\",\"Value\":1},{\"Key\":\"F53AF1FF75D21300DC7D0500\",\"Value\":1},{\"Key\":\"0ABFF0FF01341300F4720700\",\"Value\":1},{\"Key\":\"0CD6F0FF68391300637F0700\",\"Value\":1},{\"Key\":\"48CAF0FF07331300B28F0700\",\"Value\":1},{\"Key\":\"A0C8F0FF202E130023B00700\",\"Value\":1},{\"Key\":\"509FEFFF889C12006E020600\",\"Value\":1},{\"Key\":\"B172F1FF965B130067680800\",\"Value\":1},{\"Key\":\"746EEEFFB8F31100F0F20500\",\"Value\":1},{\"Key\":\"DCF3EDFF659E110030C20500\",\"Value\":1},{\"Key\":\"29FAEDFF969F1100D6D40500\",\"Value\":1},{\"Key\":\"8CDCEDFF78951100A6930500\",\"Value\":1},{\"Key\":\"17B7EDFF2C7F1100C5940500\",\"Value\":1},{\"Key\":\"C0C0EDFF6E851100C8A50500\",\"Value\":1},{\"Key\":\"E8D1EEFF5F9B1200764B0400\",\"Value\":1},{\"Key\":\"62D3EEFF8EA71200B13D0400\",\"Value\":1},{\"Key\":\"BEF3EDFF61A51100EA740500\",\"Value\":1},{\"Key\":\"C004EFFF92C11200EA3D0400\",\"Value\":1},{\"Key\":\"FB45EEFF5B9C1100E3370700\",\"Value\":1},{\"Key\":\"BA58EEFF7AA3110082420700\",\"Value\":1},{\"Key\":\"BC3EEEFF319B1100584D0700\",\"Value\":1},{\"Key\":\"CA57EEFF20A411006F350700\",\"Value\":1},{\"Key\":\"2E04EFFFBAF3120004E80300\",\"Value\":1},{\"Key\":\"1A60C6FFA0630500D0773900\",\"Value\":1},{\"Key\":\"4C04DFFF8457090028641700\",\"Value\":1},{\"Key\":\"A018F2FFFE95130072220900\",\"Value\":1},{\"Key\":\"7D14F2FF37981300442E0900\",\"Value\":1},{\"Key\":\"3A14F2FFE2A31300B2500900\",\"Value\":1},{\"Key\":\"48FDF1FF428F1300B3390900\",\"Value\":1},{\"Key\":\"A02FF2FF7AAF1300D6440900\",\"Value\":1},{\"Key\":\"EE2CF2FF86B81300735F0900\",\"Value\":1},{\"Key\":\"3107F2FF8FAB130044770900\",\"Value\":1},{\"Key\":\"F0EEF1FF1CA113006C820900\",\"Value\":1},{\"Key\":\"A1E0EFFF636E1200DC970700\",\"Value\":1},{\"Key\":\"24DDEDFF719012008BB70300\",\"Value\":1},{\"Key\":\"19E9EEFF7918120011B70600\",\"Value\":1},{\"Key\":\"FEB8EEFFB1121200CE670600\",\"Value\":1},{\"Key\":\"22E9EEFF4CD212003D080400\",\"Value\":1},{\"Key\":\"D6E9EEFF02E912000ED90300\",\"Value\":1},{\"Key\":\"037DEFFFF191120097ED0500\",\"Value\":1},{\"Key\":\"B98AEFFF86B0120088410500\",\"Value\":1},{\"Key\":\"819EF2FFDFC317002959FDFF\",\"Value\":3},{\"Key\":\"6C8EEBFFF18510004C470500\",\"Value\":1},{\"Key\":\"F274F4FF5A241700EF820100\",\"Value\":3},{\"Key\":\"3A17F5FFBB7A170089C20100\",\"Value\":3},{\"Key\":\"25F8E6FF5C3F0E00F4570A00\",\"Value\":1},{\"Key\":\"863EC5FF8A630500AAB23700\",\"Value\":1},{\"Key\":\"C79CF2FF46DE17002316FDFF\",\"Value\":3},{\"Key\":\"FEADF3FF405E1800149AFCFF\",\"Value\":3},{\"Key\":\"CCEFF4FF1F5617003B5D0100\",\"Value\":3},{\"Key\":\"4CCCF1FFAD12180094B1FBFF\",\"Value\":3},{\"Key\":\"F734B3FF396206009787FFFF\",\"Value\":1},{\"Key\":\"4B8BB3FFF25E0600F8C3FFFF\",\"Value\":1},{\"Key\":\"0323B4FFE05E0600983D0000\",\"Value\":1},{\"Key\":\"FB31B4FFED5E060012400000\",\"Value\":1},{\"Key\":\"D33CB4FFE05E0600A74C0000\",\"Value\":1},{\"Key\":\"418DB4FF816606003E7F0000\",\"Value\":1},{\"Key\":\"BBA4B4FF24690600598C0000\",\"Value\":1},{\"Key\":\"B3BAB4FF726D0600EC8A0000\",\"Value\":1},{\"Key\":\"89BAB4FF066C060030930000\",\"Value\":1},{\"Key\":\"E75FB5FFA476060011AD0000\",\"Value\":1},{\"Key\":\"8660B5FF73800600E1910000\",\"Value\":1},{\"Key\":\"CB74B5FFB07B06009A9F0000\",\"Value\":1},{\"Key\":\"6F81B5FFA27E0600FB960000\",\"Value\":1},{\"Key\":\"8B88B5FFDE790600D0A40000\",\"Value\":1},{\"Key\":\"8697B5FF6D7D0600859E0000\",\"Value\":1},{\"Key\":\"68A9B5FF19820600C5930000\",\"Value\":1},{\"Key\":\"6AD6B5FFBF7E0600579F0000\",\"Value\":1},{\"Key\":\"7D16B6FFCC850600D09A0000\",\"Value\":1},{\"Key\":\"F924B6FFD089060016930000\",\"Value\":1},{\"Key\":\"18A2B6FF8F9906003A930000\",\"Value\":1},{\"Key\":\"10B4B6FF9D960600FB9C0000\",\"Value\":1},{\"Key\":\"AACAB6FF2F990600569F0000\",\"Value\":1},{\"Key\":\"4A19B7FFBF9E0600AEB20000\",\"Value\":1},{\"Key\":\"8530B7FFB5A406007AA60000\",\"Value\":1},{\"Key\":\"B829B7FF72A60600399F0000\",\"Value\":1},{\"Key\":\"A066B7FF22A90600F0A40000\",\"Value\":1},{\"Key\":\"D187B7FFE4AF060097A00000\",\"Value\":1},{\"Key\":\"49E4B7FF51BB060069A90000\",\"Value\":1},{\"Key\":\"D904B8FFD5C3060078980000\",\"Value\":1},{\"Key\":\"660AB8FF69BD0600F0AD0000\",\"Value\":1},{\"Key\":\"D417B8FFBEC40600DD990000\",\"Value\":1},{\"Key\":\"F137B8FF9BC506000DA00000\",\"Value\":1},{\"Key\":\"345EB8FF88CC06007A940000\",\"Value\":1},{\"Key\":\"2E70B8FF96CB0600D69A0000\",\"Value\":1},{\"Key\":\"156CB8FF42C20600A3B60000\",\"Value\":1},{\"Key\":\"F495B8FFF2CA060027A40000\",\"Value\":1},{\"Key\":\"8896B8FFA8CF0600FA950000\",\"Value\":1},{\"Key\":\"D9B4B8FF75CC060047A80000\",\"Value\":1},{\"Key\":\"4EBCB8FFD3C4060038C20000\",\"Value\":1},{\"Key\":\"B9D1B8FFA1CC060044AE0000\",\"Value\":1},{\"Key\":\"FBDAB8FFECD006001CA30000\",\"Value\":1},{\"Key\":\"32FAB8FFA7CE060045B10000\",\"Value\":1},{\"Key\":\"44FAB8FFF8CB06005CB90000\",\"Value\":1},{\"Key\":\"B331B9FFC0D1060015B50000\",\"Value\":1},{\"Key\":\"B467B9FF2CDA0600D8A40000\",\"Value\":1},{\"Key\":\"A374B9FF83D8060032AC0000\",\"Value\":1},{\"Key\":\"428AB9FF79DB06005DA60000\",\"Value\":1},{\"Key\":\"309EB9FFEBD80600B8B10000\",\"Value\":1},{\"Key\":\"31D4B9FFD3DC060034AD0000\",\"Value\":1},{\"Key\":\"3FE7B9FF1FE4060058970000\",\"Value\":1},{\"Key\":\"5502BAFFC2E30600C79A0000\",\"Value\":1},{\"Key\":\"C974BAFF8AFC0600AF520000\",\"Value\":1},{\"Key\":\"5F97BAFF5CF70600EA650000\",\"Value\":1},{\"Key\":\"4599BAFFACF50600936B0000\",\"Value\":1},{\"Key\":\"23A9BAFF78F50600A86C0000\",\"Value\":1},{\"Key\":\"A1B3BAFF18F9060016610000\",\"Value\":1},{\"Key\":\"9AC3BAFF89FB06007E590000\",\"Value\":1},{\"Key\":\"12CDBAFF75F80600EF620000\",\"Value\":1},{\"Key\":\"FCD9BAFFE3FF0600CF4C0000\",\"Value\":1},{\"Key\":\"39E7BAFF56FC06008E580000\",\"Value\":1},{\"Key\":\"176BBBFFC10907006F220000\",\"Value\":1},{\"Key\":\"BA29BCFF49120700E6E6FFFF\",\"Value\":1},{\"Key\":\"6371BCFF131107003ED7FFFF\",\"Value\":1},{\"Key\":\"2EECBCFFD90F0700FBA5FFFF\",\"Value\":1},{\"Key\":\"BEF6BCFF740F0700A4A2FFFF\",\"Value\":1},{\"Key\":\"361FBDFFA40C0700919BFFFF\",\"Value\":1},{\"Key\":\"B328BDFFC70E0700498DFFFF\",\"Value\":1},{\"Key\":\"873BBDFF830C0700C18BFFFF\",\"Value\":1},{\"Key\":\"4B39BDFF6C1107008475FFFF\",\"Value\":1},{\"Key\":\"265BBDFFFF0C07006474FFFF\",\"Value\":1},{\"Key\":\"4881BDFFB70B07000962FFFF\",\"Value\":1},{\"Key\":\"EDF0BDFF820107002559FFFF\",\"Value\":1},{\"Key\":\"DCFCBDFF6BFD06005667FFFF\",\"Value\":1},{\"Key\":\"A45EBEFFFBFE0600FC28FFFF\",\"Value\":1},{\"Key\":\"026BBEFF520407003E0EFFFF\",\"Value\":1},{\"Key\":\"5F7FBEFFCC040700DD04FFFF\",\"Value\":1},{\"Key\":\"498FBEFF1A0407007D04FFFF\",\"Value\":1},{\"Key\":\"E59CBEFFBE010700820FFFFF\",\"Value\":1},{\"Key\":\"B7A5BEFF790507001CF2FEFF\",\"Value\":1},{\"Key\":\"E7AFBEFF3E050700DAEFFEFF\",\"Value\":1},{\"Key\":\"4BAEBEFFDD06070019E5FEFF\",\"Value\":1},{\"Key\":\"91D5BEFF8408070013CAFEFF\",\"Value\":1},{\"Key\":\"9BDDBEFF8C0907001BC0FEFF\",\"Value\":1},{\"Key\":\"53F6BEFF7F07070051CAFEFF\",\"Value\":1},{\"Key\":\"F1FFBEFFC30A070095AEFEFF\",\"Value\":1},{\"Key\":\"241FBFFF4009070030B0FEFF\",\"Value\":1},{\"Key\":\"FF15BFFF200D07005491FEFF\",\"Value\":1},{\"Key\":\"0560BFFF5B0B0700218DFEFF\",\"Value\":1},{\"Key\":\"2878BFFFFD0C0700E978FEFF\",\"Value\":1},{\"Key\":\"3DAABFFF4B0E0700FB62FEFF\",\"Value\":1},{\"Key\":\"1AAFBFFFAC0F0700F94DFEFF\",\"Value\":1},{\"Key\":\"ACC3BFFF740E0700A159FEFF\",\"Value\":1},{\"Key\":\"37E9BFFF440E07004A49FEFF\",\"Value\":1},{\"Key\":\"50F4BFFF2A0F07009832FEFF\",\"Value\":1},{\"Key\":\"4B16C0FFCD0E0700671CFEFF\",\"Value\":1},{\"Key\":\"DC31C0FF360E0700F019FEFF\",\"Value\":1},{\"Key\":\"3143C0FF4B0F07008504FEFF\",\"Value\":1},{\"Key\":\"D261C0FFC70E0700E9F6FDFF\",\"Value\":1},{\"Key\":\"DE7CC0FF790D07005AFBFDFF\",\"Value\":1},{\"Key\":\"EC87C0FF720D070086F7FDFF\",\"Value\":1},{\"Key\":\"A065C1FF631907004E7CFDFF\",\"Value\":1},{\"Key\":\"DA6EC1FF931B07001070FDFF\",\"Value\":1},{\"Key\":\"0484C1FF5B1D0700CC61FDFF\",\"Value\":1},{\"Key\":\"3AADC1FFC21C0700A854FDFF\",\"Value\":1},{\"Key\":\"12A1C1FFC31D07006F4BFDFF\",\"Value\":1},{\"Key\":\"58C5C1FF51190700504EFDFF\",\"Value\":1},{\"Key\":\"13DAC1FF291607000A41FDFF\",\"Value\":1},{\"Key\":\"99E4C1FFD0150700B130FDFF\",\"Value\":1},{\"Key\":\"2F8FC2FF6C09070086CFFCFF\",\"Value\":1},{\"Key\":\"DAACC2FF6C090700F8B6FCFF\",\"Value\":1},{\"Key\":\"71CFC2FF6C090700BD9FFCFF\",\"Value\":1},{\"Key\":\"08E9C2FF6C090700D391FCFF\",\"Value\":1},{\"Key\":\"BA30C8FF2D5D07009435FBFF\",\"Value\":1},{\"Key\":\"E519C8FF195A07005C30FBFF\",\"Value\":1},{\"Key\":\"6064C8FF296807008422FBFF\",\"Value\":1},{\"Key\":\"B76CC8FF38680700132EFBFF\",\"Value\":1},{\"Key\":\"897AC8FF516C0700851EFBFF\",\"Value\":1},{\"Key\":\"83A1C8FF2E760700F207FBFF\",\"Value\":1},{\"Key\":\"529CC8FF1D7107005824FBFF\",\"Value\":1},{\"Key\":\"B0AFC8FFEC750700BC15FBFF\",\"Value\":1},{\"Key\":\"EAC0C8FF927A0700EB06FBFF\",\"Value\":1},{\"Key\":\"83BDC8FF2A780700F713FBFF\",\"Value\":1},{\"Key\":\"99D0C8FF90770700D522FBFF\",\"Value\":1},{\"Key\":\"0FD2C8FF0B7C0700C508FBFF\",\"Value\":1},{\"Key\":\"A1DCC8FFFD7907001F1BFBFF\",\"Value\":1},{\"Key\":\"1DD2C8FF46920700E78AFAFF\",\"Value\":1},{\"Key\":\"BFE8C8FF10970700F488FAFF\",\"Value\":1},{\"Key\":\"B2D2C8FFFE9407007C80FAFF\",\"Value\":1},{\"Key\":\"25E5C8FF5B9B0700E177FAFF\",\"Value\":1},{\"Key\":\"9EDCC8FFFA9E0700AC67FAFF\",\"Value\":1},{\"Key\":\"66E1C8FF83A707002A51FAFF\",\"Value\":1},{\"Key\":\"1FF7C8FFFAA80700D557FAFF\",\"Value\":1},{\"Key\":\"C20BC9FFFCAB0700275AFAFF\",\"Value\":1},{\"Key\":\"7A1EC9FF4BB107002652FAFF\",\"Value\":1},{\"Key\":\"2628C9FFB6B507003345FAFF\",\"Value\":1},{\"Key\":\"7C41C9FF4FBC07006A2DFAFF\",\"Value\":1},{\"Key\":\"4F88C9FF5ABD07001E41FAFF\",\"Value\":1},{\"Key\":\"70A7C9FFBFC307009C1EFAFF\",\"Value\":1},{\"Key\":\"B404CAFF85C10700E744FAFF\",\"Value\":1},{\"Key\":\"BF11CAFFEAC007000E55FAFF\",\"Value\":1},{\"Key\":\"F22ACAFF05C007002C57FAFF\",\"Value\":1},{\"Key\":\"3A43CAFFBDBB07001856FAFF\",\"Value\":1},{\"Key\":\"1E39CAFF08BB07009C69FAFF\",\"Value\":1},{\"Key\":\"1FB9CAFFADAF07002882FAFF\",\"Value\":1},{\"Key\":\"8DCACAFFFEB107001083FAFF\",\"Value\":1},{\"Key\":\"28C0CAFF07AE0700D18DFAFF\",\"Value\":1},{\"Key\":\"E5E0CAFF9A9F07006CB6FAFF\",\"Value\":1},{\"Key\":\"C8FECAFF8EAC0700BEA9FAFF\",\"Value\":1},{\"Key\":\"E573CBFF37B507006CEFFAFF\",\"Value\":1},{\"Key\":\"06E0CBFF8ED30700520BFBFF\",\"Value\":1},{\"Key\":\"2AE8CBFFA7D10700BF19FBFF\",\"Value\":1},{\"Key\":\"03FECBFF5ED407000313FBFF\",\"Value\":1},{\"Key\":\"5906CCFF03D50700E310FBFF\",\"Value\":1},{\"Key\":\"9D1FCCFFECD907006F00FBFF\",\"Value\":1},{\"Key\":\"E59ECCFFB6F60700E2EAFAFF\",\"Value\":1},{\"Key\":\"5494CCFF60F407006CE9FAFF\",\"Value\":1},{\"Key\":\"93C0CCFFF0FF070094E2FAFF\",\"Value\":1},{\"Key\":\"B7CFCCFFC400080089F0FAFF\",\"Value\":1},{\"Key\":\"31FDCCFF990F0800FBD7FAFF\",\"Value\":1},{\"Key\":\"5509CDFFE916080085BFFAFF\",\"Value\":1},{\"Key\":\"552FCDFFED1D08008CC0FAFF\",\"Value\":1},{\"Key\":\"5F54CDFF552608004CB8FAFF\",\"Value\":1},{\"Key\":\"1383CDFF032D08007BC0FAFF\",\"Value\":1},{\"Key\":\"16EDCDFF174208004F9EFAFF\",\"Value\":1},{\"Key\":\"D7FFCDFFF942080012A5FAFF\",\"Value\":1},{\"Key\":\"2217CEFF27470800FA9CFAFF\",\"Value\":1},{\"Key\":\"7F25CEFFA0440800FEB3FAFF\",\"Value\":1},{\"Key\":\"3331CEFFAD490800019DFAFF\",\"Value\":1},{\"Key\":\"CF36CEFF644B08009E94FAFF\",\"Value\":1},{\"Key\":\"5E43CEFFAE4C08003693FAFF\",\"Value\":1},{\"Key\":\"9F41CEFF6C4A08000EA2FAFF\",\"Value\":1},{\"Key\":\"E656CEFFC54B0800B5A6FAFF\",\"Value\":1},{\"Key\":\"185ECEFFA04E08000C94FAFF\",\"Value\":1},{\"Key\":\"AC98CEFFF35008001D9EFAFF\",\"Value\":1},{\"Key\":\"5FA1CEFF395108000AA0FAFF\",\"Value\":1},{\"Key\":\"33C0CEFF555208001AA1FAFF\",\"Value\":1},{\"Key\":\"22CDCEFF455208001BA8FAFF\",\"Value\":1},{\"Key\":\"59E4CEFF8E530800729DFAFF\",\"Value\":1},{\"Key\":\"81EDCEFFB1530800C1A0FAFF\",\"Value\":1},{\"Key\":\"67DBD0FFFD520800E5C1FAFF\",\"Value\":1},{\"Key\":\"67E1D1FFC653080026B7FAFF\",\"Value\":1},{\"Key\":\"92F1D1FF4654080081BAFAFF\",\"Value\":1},{\"Key\":\"F602D2FF8957080001A8FAFF\",\"Value\":1},{\"Key\":\"D47DD2FF55630800E1B3FAFF\",\"Value\":1},{\"Key\":\"3BADD2FF2C69080003C2FAFF\",\"Value\":1},{\"Key\":\"3EC7D2FFE8750800C4B3FAFF\",\"Value\":1},{\"Key\":\"E8E0D2FF477E08008BB4FAFF\",\"Value\":1},{\"Key\":\"04EFD2FF5A720800B2D8FAFF\",\"Value\":1},{\"Key\":\"111FD3FFC48208007AD7FAFF\",\"Value\":1},{\"Key\":\"821FD3FFC09508009AB5FAFF\",\"Value\":1},{\"Key\":\"D04ED3FF44A6080016BAFAFF\",\"Value\":1},{\"Key\":\"5667D3FF15AF080054BAFAFF\",\"Value\":1},{\"Key\":\"4F81D3FF42AC080094CEFAFF\",\"Value\":1},{\"Key\":\"E1A1D3FF2AB7080077CBFAFF\",\"Value\":1},{\"Key\":\"AEB2D3FFFBB3080005D8FAFF\",\"Value\":1},{\"Key\":\"3CBFD3FF08C50800EDBEFAFF\",\"Value\":1},{\"Key\":\"35CED3FFEBC00800ECCBFAFF\",\"Value\":1},{\"Key\":\"49F1D3FF94C50800CCD0FAFF\",\"Value\":1},{\"Key\":\"9E02D4FF0FD2080060C2FAFF\",\"Value\":1},{\"Key\":\"8B1ED4FF39D1080031CCFAFF\",\"Value\":1},{\"Key\":\"E04ED4FF5DDA0800DACBFAFF\",\"Value\":1},{\"Key\":\"B36AD4FF28DE080059CEFAFF\",\"Value\":1},{\"Key\":\"6175D4FFFFDB0800ABD4FAFF\",\"Value\":1},{\"Key\":\"2BC5D4FF72F408006DCBFAFF\",\"Value\":1},{\"Key\":\"41E3D4FFD6FA080070CCFAFF\",\"Value\":1},{\"Key\":\"1DF1D4FF8EF708004AD7FAFF\",\"Value\":1},{\"Key\":\"F92ED5FF1F0C090057CEFAFF\",\"Value\":1},{\"Key\":\"2B6DD5FF2419090049CDFAFF\",\"Value\":1},{\"Key\":\"C66BD5FF5D0F0900F5DFFAFF\",\"Value\":1},{\"Key\":\"1185D5FF4D1D0900EECDFAFF\",\"Value\":1},{\"Key\":\"FECCD5FF2D2F0900EECEFAFF\",\"Value\":1},{\"Key\":\"34FBD5FFA13A090021DAFAFF\",\"Value\":1},{\"Key\":\"DB52D6FFCA68090032CCFAFF\",\"Value\":1},{\"Key\":\"E0CFD6FFE797090018CEFAFF\",\"Value\":1},{\"Key\":\"95DFD6FF8596090062DAFAFF\",\"Value\":1},{\"Key\":\"A6FAD6FFC7AE090060C2FAFF\",\"Value\":1},{\"Key\":\"AB21D7FF0CB509004BD6FAFF\",\"Value\":1},{\"Key\":\"403AD7FFF5C309003FCEFAFF\",\"Value\":1},{\"Key\":\"F86DD7FF4CD40900A9D4FAFF\",\"Value\":1},{\"Key\":\"9E88D7FF42DB09009BD8FAFF\",\"Value\":1},{\"Key\":\"DF93D7FF28EB09000BC5FAFF\",\"Value\":1},{\"Key\":\"1423D8FFF42B0A00F7B0FAFF\",\"Value\":1},{\"Key\":\"9D33D8FFDA1F0A0078CEFAFF\",\"Value\":1},{\"Key\":\"607DD8FFDC490A0029C2FAFF\",\"Value\":1},{\"Key\":\"8D82D8FFF0510A0034B9FAFF\",\"Value\":1},{\"Key\":\"E68CD8FF1F5C0A00C4B0FAFF\",\"Value\":1},{\"Key\":\"A18CD8FF2F620A001AA6FAFF\",\"Value\":1},{\"Key\":\"1FA9D8FF5E750A00709EFAFF\",\"Value\":1},{\"Key\":\"C1BCD8FF907F0A00569FFAFF\",\"Value\":1},{\"Key\":\"19BAD8FFC58D0A004381FAFF\",\"Value\":1},{\"Key\":\"ACBCD8FF8D890A00198CFAFF\",\"Value\":1},{\"Key\":\"36D0D8FF149B0A009A7DFAFF\",\"Value\":1},{\"Key\":\"6EDCD8FF64A50A00E175FAFF\",\"Value\":1},{\"Key\":\"B8D8D8FFDEA70A00926CFAFF\",\"Value\":1},{\"Key\":\"13E2D8FF49B60A00AB59FAFF\",\"Value\":1},{\"Key\":\"F601D9FF22CC0A009651FAFF\",\"Value\":1},{\"Key\":\"320FD9FFC6D00A005356FAFF\",\"Value\":1},{\"Key\":\"751ED9FF52E20A00FD40FAFF\",\"Value\":1},{\"Key\":\"B660D9FFC8110B008D1FFAFF\",\"Value\":1},{\"Key\":\"80EFDFFFCA190D00EF41F7FF\",\"Value\":1},{\"Key\":\"F112E0FF802A0D008F23F7FF\",\"Value\":1},{\"Key\":\"E957E0FF5C470D0074FBF6FF\",\"Value\":1},{\"Key\":\"2E4EE0FF23430D006E00F7FF\",\"Value\":1},{\"Key\":\"AAC7E0FF4F870D00C5CFF6FF\",\"Value\":1},{\"Key\":\"FDD2E0FF519B0D0067AAF6FF\",\"Value\":1},{\"Key\":\"4BE9E0FFF5A00D00C1BBF6FF\",\"Value\":1},{\"Key\":\"7614E1FF08C80D00288DF6FF\",\"Value\":1},{\"Key\":\"B92AE1FF0FD70D006486F6FF\",\"Value\":1},{\"Key\":\"4E57E1FFA2F40D001473F6FF\",\"Value\":1},{\"Key\":\"2F67E1FF72050E00D456F6FF\",\"Value\":1},{\"Key\":\"A172E1FFD1040E00CA67F6FF\",\"Value\":1},{\"Key\":\"CD81E1FF5C110E002955F6FF\",\"Value\":1},{\"Key\":\"6B87E1FF211A0E006840F6FF\",\"Value\":1},{\"Key\":\"449AE1FF811E0E00BC4AF6FF\",\"Value\":1},{\"Key\":\"5594E1FF1E220E005936F6FF\",\"Value\":1},{\"Key\":\"1F9AE1FFFA260E00AE2DF6FF\",\"Value\":1},{\"Key\":\"55AFE1FF7B2A0E00103CF6FF\",\"Value\":1},{\"Key\":\"CBC7E1FFE4330E00BD37F6FF\",\"Value\":1},{\"Key\":\"F5DCE1FFFF430E007518F6FF\",\"Value\":1},{\"Key\":\"34E0E1FF00490E004F09F6FF\",\"Value\":1},{\"Key\":\"5AD5E1FF16460E009101F6FF\",\"Value\":1},{\"Key\":\"BBF1E1FFB3560E0082F4F5FF\",\"Value\":1},{\"Key\":\"5DE3E1FF32500E0097DDF5FF\",\"Value\":1},{\"Key\":\"D6FBE1FF675C0E0003C5F5FF\",\"Value\":1},{\"Key\":\"AC47E2FF2D800E009AB4F5FF\",\"Value\":1},{\"Key\":\"2547E2FF8B7F0E000AD0F5FF\",\"Value\":1},{\"Key\":\"FF4FE2FF99820E0001BAF5FF\",\"Value\":1},{\"Key\":\"7663E2FF938A0E0081BAF5FF\",\"Value\":1},{\"Key\":\"A06DE2FFF18D0E0024CCF5FF\",\"Value\":1},{\"Key\":\"24A4E2FF0CA40E00F3BBF5FF\",\"Value\":1},{\"Key\":\"39A7E2FF81A70E0031ACF5FF\",\"Value\":1},{\"Key\":\"F9AFE2FFE9A60E0080C5F5FF\",\"Value\":1},{\"Key\":\"A7E7E2FF65C20E0058A4F5FF\",\"Value\":1},{\"Key\":\"86EAE2FFB8C10E005CB1F5FF\",\"Value\":1},{\"Key\":\"1051E3FF71D30E00FB58F5FF\",\"Value\":1},{\"Key\":\"4679E3FFB6D40E00EA57F5FF\",\"Value\":1},{\"Key\":\"E386E3FF06D50E00335DF5FF\",\"Value\":1},{\"Key\":\"9C89E3FFB5D70E002D49F5FF\",\"Value\":1},{\"Key\":\"4197E3FF1ED80E007751F5FF\",\"Value\":1},{\"Key\":\"88AAE3FF56EA0E00AC52F5FF\",\"Value\":1},{\"Key\":\"08E0E3FFDA100F00F349F5FF\",\"Value\":1},{\"Key\":\"E3CFE5FFA11410001930F5FF\",\"Value\":1},{\"Key\":\"CBDAE5FF021310007640F5FF\",\"Value\":1},{\"Key\":\"01EDE5FF3A1310008935F5FF\",\"Value\":1},{\"Key\":\"3CEDE5FFC0121000B83FF5FF\",\"Value\":1},{\"Key\":\"F5F6E5FF161410004634F5FF\",\"Value\":1},{\"Key\":\"B0FCE5FF2C141000053EF5FF\",\"Value\":1},{\"Key\":\"4B0DE6FFC7181000322BF5FF\",\"Value\":1},{\"Key\":\"D127E6FFBA201000962EF5FF\",\"Value\":1},{\"Key\":\"294AE6FF993410001127F5FF\",\"Value\":1},{\"Key\":\"F37BE6FF29631000CEFFF4FF\",\"Value\":1},{\"Key\":\"2E85E6FF616D100097E9F4FF\",\"Value\":1},{\"Key\":\"368FE6FF4675100033E7F4FF\",\"Value\":1},{\"Key\":\"9E35E8FFFB4611007EE9FCFF\",\"Value\":1},{\"Key\":\"EB3DE8FF83471100D501FDFF\",\"Value\":1},{\"Key\":\"B438E8FFF7471100A449FDFF\",\"Value\":1},{\"Key\":\"9D3EE8FF8E491100AE63FDFF\",\"Value\":1},{\"Key\":\"C837E8FF2F5811003562FEFF\",\"Value\":1},{\"Key\":\"4534E8FF0A541100F36AFEFF\",\"Value\":1},{\"Key\":\"0134E8FFDD4E1100517EFEFF\",\"Value\":1},{\"Key\":\"2C2AE8FFD34811004799FEFF\",\"Value\":1},{\"Key\":\"8323E8FFF947110043AEFEFF\",\"Value\":1},{\"Key\":\"B332E8FF07481100F4B9FEFF\",\"Value\":1},{\"Key\":\"C020E8FFF14711006CBFFEFF\",\"Value\":1},{\"Key\":\"5E37E8FFF1471100A3D4FEFF\",\"Value\":1},{\"Key\":\"AD2AE8FFF1471100A1DEFEFF\",\"Value\":1},{\"Key\":\"F732E8FFF147110027E4FEFF\",\"Value\":1},{\"Key\":\"153EE8FFF14711005CF7FEFF\",\"Value\":1},{\"Key\":\"673CE8FFF14711003903FFFF\",\"Value\":1},{\"Key\":\"7A46E8FFF1471100220BFFFF\",\"Value\":1},{\"Key\":\"533DE8FFF14711003F17FFFF\",\"Value\":1},{\"Key\":\"5297E8FFB14811007180FFFF\",\"Value\":1},{\"Key\":\"EE96E8FFD24811008299FFFF\",\"Value\":1},{\"Key\":\"50B8E8FF2A59110081C8FFFF\",\"Value\":1},{\"Key\":\"C5BAE8FF885F1100FBF1FFFF\",\"Value\":1},{\"Key\":\"AB15F3FFBAE41700013EFDFF\",\"Value\":3},{\"Key\":\"6449F3FF24131800EED9FCFF\",\"Value\":3},{\"Key\":\"D955F4FFEF67170012310000\",\"Value\":3},{\"Key\":\"3A9AF3FFF62A18001D14FDFF\",\"Value\":3},{\"Key\":\"6414E7FF61410E00E65D0A00\",\"Value\":1},{\"Key\":\"BB13C5FF8A6305005F8C3700\",\"Value\":1},{\"Key\":\"0C40EEFFDFC21100CF650600\",\"Value\":1},{\"Key\":\"825EC6FF866805004CAD3900\",\"Value\":1},{\"Key\":\"9561EBFFB06E10006B1B0500\",\"Value\":1},{\"Key\":\"9CFFEBFFA1B91000D4780500\",\"Value\":1},{\"Key\":\"1D67C7FF8A6305002AF33500\",\"Value\":1},{\"Key\":\"9225EEFFDFB81100773E0600\",\"Value\":1},{\"Key\":\"3496EBFFF888100028560500\",\"Value\":1},{\"Key\":\"A613F5FFCCD518006615FBFF\",\"Value\":3},{\"Key\":\"CF28C5FFEC620500BF143700\",\"Value\":1},{\"Key\":\"1809F1FFA19C17002FC2FDFF\",\"Value\":3},{\"Key\":\"6B3FC5FFC962050022103700\",\"Value\":1},{\"Key\":\"C6EFF3FF03871800CE65FBFF\",\"Value\":3},{\"Key\":\"8E72F4FF5CC518009555FCFF\",\"Value\":3},{\"Key\":\"0511CCFFA89A050071D63300\",\"Value\":1},{\"Key\":\"3BA7F4FF13C71800FF4DFCFF\",\"Value\":3},{\"Key\":\"3CCBE3FFACFC0C00C50D0A00\",\"Value\":1},{\"Key\":\"6BD8F0FF6AA51700FE62FDFF\",\"Value\":3},{\"Key\":\"CD06F1FF87B417000C14FDFF\",\"Value\":3},{\"Key\":\"489CC6FF886B0500F7143A00\",\"Value\":1},{\"Key\":\"4F21DFFF63FB0B004BEE0600\",\"Value\":1},{\"Key\":\"1EE7EBFFC8B0100025600500\",\"Value\":1},{\"Key\":\"4FA99EFF58B501007E701A00\",\"Value\":1},{\"Key\":\"9E01E7FFCC3F0E00DC5E0A00\",\"Value\":1},{\"Key\":\"1479EBFF3B7B100070260500\",\"Value\":1},{\"Key\":\"CB8CC4FF8A63050023793700\",\"Value\":1},{\"Key\":\"231DC6FF7B640500E8483800\",\"Value\":1},{\"Key\":\"8B0ADFFFEC4F0900E3331700\",\"Value\":1},{\"Key\":\"C4A5C7FF8A630500E2BD3600\",\"Value\":1},{\"Key\":\"2042EEFF78D3110072020600\",\"Value\":1},{\"Key\":\"8502CCFF039B05009CCC3300\",\"Value\":1},{\"Key\":\"B6A9EBFF5C8F1000A47C0500\",\"Value\":1},{\"Key\":\"2A1FC6FF63640500E1753800\",\"Value\":1},{\"Key\":\"11DAF0FFE7B4170078A4FCFF\",\"Value\":3},{\"Key\":\"0101ECFFDDBA100057760500\",\"Value\":1},{\"Key\":\"3FF4EBFFB9B6100033570500\",\"Value\":1},{\"Key\":\"DF63EAFFB41B100013CB0400\",\"Value\":1},{\"Key\":\"6853EAFF361410005AC90400\",\"Value\":1},{\"Key\":\"686FEAFF2D21100097C70400\",\"Value\":1},{\"Key\":\"74BAEBFF5C9A1000247E0500\",\"Value\":1},{\"Key\":\"CD37EAFF20081000B9C00400\",\"Value\":1},{\"Key\":\"54A9EBFFB891100046630500\",\"Value\":1},{\"Key\":\"4444EBFF0A5F100001040500\",\"Value\":1},{\"Key\":\"B4B1EBFF74941000B26B0500\",\"Value\":1},{\"Key\":\"2CC8EBFFC89E10005E880500\",\"Value\":1},{\"Key\":\"9874EAFF3D25100048B80400\",\"Value\":1},{\"Key\":\"1614EAFF91F80F001AB80400\",\"Value\":1},{\"Key\":\"822EECFF99D310009C0E0500\",\"Value\":1},{\"Key\":\"3455ECFF0DE21000F8260500\",\"Value\":1},{\"Key\":\"2912EAFF09FB0F0022A40400\",\"Value\":1},{\"Key\":\"5F08EAFF45F70F00DDA00400\",\"Value\":1},{\"Key\":\"B1E7ECFF3E241100BE580500\",\"Value\":1},{\"Key\":\"CD26EBFF345310006EFF0400\",\"Value\":1},{\"Key\":\"7ECAECFFD21B1100755C0500\",\"Value\":1},{\"Key\":\"4A33EDFFB63E11003F4C0500\",\"Value\":1},{\"Key\":\"DE0EEDFFD93A11002C450500\",\"Value\":1},{\"Key\":\"6628EDFFBC461100053C0500\",\"Value\":1},{\"Key\":\"EDC4EDFF97AF11001BD20400\",\"Value\":1},{\"Key\":\"BA6FEDFFB56A1100AE170500\",\"Value\":1},{\"Key\":\"607DEDFF137D110032FE0400\",\"Value\":1},{\"Key\":\"ADB6EDFF1E98110065F00400\",\"Value\":1},{\"Key\":\"35CDEDFF22AC1100E6DD0400\",\"Value\":1},{\"Key\":\"0DE7EDFF71C11100B3C90400\",\"Value\":1},{\"Key\":\"C418EEFFDB421200A31E0400\",\"Value\":1},{\"Key\":\"00C9F1FF43341400C8E20400\",\"Value\":1},{\"Key\":\"51B2F1FFF22914005CE80400\",\"Value\":1},{\"Key\":\"471EE2FFCD8C0C0005D70800\",\"Value\":1},{\"Key\":\"152CE2FF88900C00CDD60800\",\"Value\":1},{\"Key\":\"541FE2FF968F0C0051BD0800\",\"Value\":1},{\"Key\":\"DF2FF4FF6DB61800DF54FCFF\",\"Value\":3},{\"Key\":\"8FF0DEFF8D020C00CFDE0600\",\"Value\":1},{\"Key\":\"B707DFFFACFE0B0041F70600\",\"Value\":1},{\"Key\":\"381ADFFF2B5B090006531700\",\"Value\":1},{\"Key\":\"1507CCFFB3EB09003CA0EFFF\",\"Value\":1},{\"Key\":\"DB31E4FFE6250D00E4FE0900\",\"Value\":1},{\"Key\":\"E222E4FFBF240D00E6230A00\",\"Value\":1},{\"Key\":\"3EFFCBFF579B050079E23300\",\"Value\":1},{\"Key\":\"A768F4FFE1AB18006D2CFBFF\",\"Value\":3},{\"Key\":\"7972C6FF0B690500F8C43900\",\"Value\":1},{\"Key\":\"10A1F1FF28211400FDEA0400\",\"Value\":1},{\"Key\":\"9A34E4FFE9240D00CEF80900\",\"Value\":1},{\"Key\":\"D410CCFFF29A05004BBB3300\",\"Value\":1},{\"Key\":\"B6FDF1FF98221800DEA7FBFF\",\"Value\":3},{\"Key\":\"F8C5C3FF8D630500D0B53700\",\"Value\":1},{\"Key\":\"9F93F2FF135518007445FBFF\",\"Value\":3},{\"Key\":\"FF86F2FF8757180024E7FAFF\",\"Value\":3},{\"Key\":\"B85DF1FFCCCA17008EA9FCFF\",\"Value\":3},{\"Key\":\"0149C6FF8A630500DA7B3800\",\"Value\":1},{\"Key\":\"1E29E4FF82260D00E7150A00\",\"Value\":1},{\"Key\":\"5007DFFF2DFF0B0052EE0600\",\"Value\":1},{\"Key\":\"D206C6FF57660500E8583800\",\"Value\":1},{\"Key\":\"2EE9F4FF6AC918001090FCFF\",\"Value\":3},{\"Key\":\"5695C5FF8A63050088453700\",\"Value\":1},{\"Key\":\"B8B29EFFA8B40100C9791A00\",\"Value\":1},{\"Key\":\"9BB4C6FF8A6305000F6B3800\",\"Value\":1},{\"Key\":\"FF48E4FF47340D00B0160A00\",\"Value\":1},{\"Key\":\"7756E3FFD4BA0C00BBE30900\",\"Value\":1},{\"Key\":\"AC1DF2FF304F1800BB84FAFF\",\"Value\":3},{\"Key\":\"63A5F2FF8C551800809FFAFF\",\"Value\":3},{\"Key\":\"D99EDEFFA93609005A621700\",\"Value\":1},{\"Key\":\"C4E6E5FFE7101000C2D8F5FF\",\"Value\":1},{\"Key\":\"FF4BE3FFBAB40C009DE60900\",\"Value\":1},{\"Key\":\"0678E0FF292F080010DB1900\",\"Value\":1},{\"Key\":\"4C89E0FFF1340800C2CE1900\",\"Value\":1},{\"Key\":\"6F89E0FF3637080054C41900\",\"Value\":1},{\"Key\":\"453EE1FFF8720800F0571900\",\"Value\":1},{\"Key\":\"8D4AE1FF147B080073431900\",\"Value\":1},{\"Key\":\"A836E1FF4C7B0800D92E1900\",\"Value\":1},{\"Key\":\"7827E1FF267808002B2E1900\",\"Value\":1},{\"Key\":\"D529E1FF136B0800E9651900\",\"Value\":1},{\"Key\":\"143AE1FF0A6C0800A86F1900\",\"Value\":1},{\"Key\":\"D048E1FF59700800816C1900\",\"Value\":1},{\"Key\":\"B537E1FF696608000A851900\",\"Value\":1},{\"Key\":\"9D3FE1FFF263080007961900\",\"Value\":1},{\"Key\":\"603EE1FF41600800E4A41900\",\"Value\":1},{\"Key\":\"792AE1FF6B7F0800BF131900\",\"Value\":1},{\"Key\":\"C530DFFFC85B0900AB4B1700\",\"Value\":1},{\"Key\":\"5222DFFF1350090059161700\",\"Value\":1},{\"Key\":\"231ADFFF32460900F5FC1600\",\"Value\":1},{\"Key\":\"9541DFFF6C5C0900AB461700\",\"Value\":1},{\"Key\":\"5C38DFFF245A0900C3331700\",\"Value\":1},{\"Key\":\"B159DFFFA5630900E55B1700\",\"Value\":1},{\"Key\":\"B059DFFF9763090017611700\",\"Value\":1},{\"Key\":\"5F31DFFF645C090088601700\",\"Value\":1},{\"Key\":\"0701DFFFC54B090064301700\",\"Value\":1},{\"Key\":\"C7ECDEFFAB400900D31F1700\",\"Value\":1},{\"Key\":\"A707DFFF86430900CC091700\",\"Value\":1},{\"Key\":\"4185E3FF8DB50700E5141F00\",\"Value\":1},{\"Key\":\"44EAE2FF84250700637E2400\",\"Value\":1},{\"Key\":\"1404E3FFC32A0700965D2400\",\"Value\":1},{\"Key\":\"3284C7FFA4C805007B685800\",\"Value\":1},{\"Key\":\"97C2C7FFCACB050007395800\",\"Value\":1},{\"Key\":\"B4B3C7FFD8C50500CD4A5800\",\"Value\":1},{\"Key\":\"EA23C8FFADDA0500AA1B5800\",\"Value\":1},{\"Key\":\"8E36C9FF419D05002B382F00\",\"Value\":1},{\"Key\":\"F628C9FF4294050061452F00\",\"Value\":1},{\"Key\":\"3F29C9FF089A0500801A2F00\",\"Value\":1},{\"Key\":\"1617C9FF208D0500B75C2F00\",\"Value\":1},{\"Key\":\"3413C9FF268E0500693D2F00\",\"Value\":1},{\"Key\":\"D8FAC8FF258A0500B8272F00\",\"Value\":1},{\"Key\":\"A9FDC8FF608A0500DB2F2F00\",\"Value\":1},{\"Key\":\"3E2CC9FF52970500CA3B2F00\",\"Value\":1},{\"Key\":\"2831C9FFF7910500547E2F00\",\"Value\":3},{\"Key\":\"6212C9FFF1890500E78E2F00\",\"Value\":3},{\"Key\":\"167DC9FFE6AB050009F12F00\",\"Value\":1},{\"Key\":\"BF65C9FF289E0500C8E82F00\",\"Value\":1},{\"Key\":\"F961C9FF9C9A0500EFF42F00\",\"Value\":1},{\"Key\":\"1BA0C8FFCD87050052212F00\",\"Value\":1},{\"Key\":\"BF37C9FF898A050038093000\",\"Value\":1},{\"Key\":\"3AABC8FFCD870500C6042F00\",\"Value\":1},{\"Key\":\"10ABC8FFCD87050094FA2E00\",\"Value\":1},{\"Key\":\"074FC8FFCD8705004EAF2E00\",\"Value\":1},{\"Key\":\"1EF6C8FFCD8705004DC62F00\",\"Value\":1},{\"Key\":\"7601C9FFDB87050012D62F00\",\"Value\":1},{\"Key\":\"3BFAC4FF555C0500970D3200\",\"Value\":1},{\"Key\":\"A109C5FF0D5A0500CF203200\",\"Value\":1},{\"Key\":\"9396D6FF91210300A4125200\",\"Value\":1},{\"Key\":\"D1C5C4FFB87B0500EDDA4400\",\"Value\":1},{\"Key\":\"61A8C4FFC279050061E74400\",\"Value\":1},{\"Key\":\"E146B7FFDCA50400BD834000\",\"Value\":1},{\"Key\":\"7086B6FFBF5F04009B1F3F00\",\"Value\":1},{\"Key\":\"A5D2B4FF45D103009EBA3C00\",\"Value\":1},{\"Key\":\"28CAB4FF49D70300A0D33C00\",\"Value\":1},{\"Key\":\"7D38B4FF9A9003004E5F3B00\",\"Value\":1},{\"Key\":\"9672B4FF9B79030055113B00\",\"Value\":1},{\"Key\":\"542CB6FFCFDC0300C9563A00\",\"Value\":1},{\"Key\":\"4028B6FF0EC1030023013A00\",\"Value\":1},{\"Key\":\"3C02B6FF6DB40300FD0B3A00\",\"Value\":1},{\"Key\":\"3C03B6FFCAAB030059F13900\",\"Value\":1},{\"Key\":\"3DEDB5FF99AC0300B40C3A00\",\"Value\":1},{\"Key\":\"77FDCBFF559A050030193400\",\"Value\":1},{\"Key\":\"11F1B5FFB1B70300AA2B3A00\",\"Value\":3},{\"Key\":\"88E1B5FF07C5030055633A00\",\"Value\":1},{\"Key\":\"A201B6FF14D90300C3813A00\",\"Value\":1},{\"Key\":\"F99CB6FF22EA030032D33900\",\"Value\":1},{\"Key\":\"CD20B6FF7DEC03000CB83A00\",\"Value\":1},{\"Key\":\"6015B6FF7FEB0300A8DA3A00\",\"Value\":1},{\"Key\":\"E873B5FF468A0300430E3A00\",\"Value\":1},{\"Key\":\"C1CAB5FF8C9B03008B003A00\",\"Value\":1},{\"Key\":\"6BE1B5FF66A1030060FB3900\",\"Value\":1},{\"Key\":\"EBCFB5FFDE8D030070DA3900\",\"Value\":1},{\"Key\":\"2023B5FF117403006D033A00\",\"Value\":1},{\"Key\":\"2DA1B5FF60BA0300B8AA3A00\",\"Value\":1},{\"Key\":\"41B3B5FF9BBE0300AB903A00\",\"Value\":1},{\"Key\":\"BAE8B5FF79D4030011A73A00\",\"Value\":1},{\"Key\":\"B221B6FFC9FC030017603B00\",\"Value\":1},{\"Key\":\"6A6AB5FFFFAD03003A1B3B00\",\"Value\":1},{\"Key\":\"6180B5FF79B9030085493B00\",\"Value\":1},{\"Key\":\"726DB5FFDDB00300D94F3B00\",\"Value\":1},{\"Key\":\"426FB5FF00B103009D3B3B00\",\"Value\":1},{\"Key\":\"565DB5FF11A9030007373B00\",\"Value\":1},{\"Key\":\"8444B5FFF09F0300D4253B00\",\"Value\":1},{\"Key\":\"0159B5FFF89C0300CA993A00\",\"Value\":1},{\"Key\":\"BD39B5FF519C0300952D3B00\",\"Value\":1},{\"Key\":\"B14CB5FF119903009EA93A00\",\"Value\":1},{\"Key\":\"AA8FB5FF90D603000C043C00\",\"Value\":1},{\"Key\":\"3864B5FFFDDB030001933C00\",\"Value\":1},{\"Key\":\"2E84B5FF78E4030084A43C00\",\"Value\":1},{\"Key\":\"2C86B5FF2005040034C03D00\",\"Value\":1},{\"Key\":\"F477B5FF9F010400DEB23D00\",\"Value\":1},{\"Key\":\"E78FB5FF850804003ECF3D00\",\"Value\":1},{\"Key\":\"2A50B6FF172404009E913D00\",\"Value\":1},{\"Key\":\"5339B6FF171E04004E883D00\",\"Value\":1},{\"Key\":\"3659B6FFD72504002D853D00\",\"Value\":1},{\"Key\":\"CA43B6FF33210400BB9D3D00\",\"Value\":1},{\"Key\":\"6F4AB6FF31200400234E3D00\",\"Value\":1},{\"Key\":\"F15AB6FFD32404001B2A3D00\",\"Value\":1},{\"Key\":\"92ADDBFF25070B0002FA0500\",\"Value\":1},{\"Key\":\"41A3DBFF4E080B00D3F10500\",\"Value\":1},{\"Key\":\"E9D5DBFFCE060B0048F10500\",\"Value\":1},{\"Key\":\"98C1DBFF8A060B003E050600\",\"Value\":1},{\"Key\":\"ABBFDBFF46070B0054F70500\",\"Value\":1},{\"Key\":\"69AEDBFF81050B0095020600\",\"Value\":1},{\"Key\":\"C9BFDBFF43080B00EBE40500\",\"Value\":1},{\"Key\":\"57D4DBFFD1060B00B0E70500\",\"Value\":1},{\"Key\":\"78E7DBFF4E060B0072F20500\",\"Value\":1},{\"Key\":\"8E01DCFF19050B0024F10500\",\"Value\":1},{\"Key\":\"2F0CDCFF5B050B0045F80500\",\"Value\":1},{\"Key\":\"9904DCFF1A040B00CDE50500\",\"Value\":1},{\"Key\":\"6FABD3FFBDCA050095893400\",\"Value\":1},{\"Key\":\"9BB4D3FF6CCA0500DB6C3400\",\"Value\":1},{\"Key\":\"0EA0D3FFC3CA0500729C3400\",\"Value\":1},{\"Key\":\"A38DD3FFF2CA050054923400\",\"Value\":1},{\"Key\":\"658DD3FF99CA0500C2753400\",\"Value\":1},{\"Key\":\"E97FD3FF75CA0500386E3400\",\"Value\":1},{\"Key\":\"1396D3FF3ACA050049613400\",\"Value\":1},{\"Key\":\"28ABD3FFC8CA0500A07E3400\",\"Value\":1},{\"Key\":\"1FEDCFFF776B0400B6473C00\",\"Value\":1},{\"Key\":\"C23EC9FF289205003DE42700\",\"Value\":1},{\"Key\":\"7856C9FF1590050079DD2700\",\"Value\":1},{\"Key\":\"05E6CBFFB19A05002F2C3400\",\"Value\":1},{\"Key\":\"D5E8F2FF83E517005220FDFF\",\"Value\":3},{\"Key\":\"F1ACF3FF5746180094DAFCFF\",\"Value\":3},{\"Key\":\"E14FF4FFDFB818009A9AFCFF\",\"Value\":3},{\"Key\":\"44F0F3FFBE9418005058FCFF\",\"Value\":3},{\"Key\":\"9D02C5FF8A6305009FC03700\",\"Value\":1},{\"Key\":\"1BF0C4FF8A630500F3BE3700\",\"Value\":1},{\"Key\":\"D89AC4FF8A63050062163800\",\"Value\":1},{\"Key\":\"15DEC4FF8A630500BDD93700\",\"Value\":1},{\"Key\":\"4FDEC4FF8A6305004DE33700\",\"Value\":1},{\"Key\":\"572FC4FF8A63050065333800\",\"Value\":1},{\"Key\":\"3DA4C4FF8A630500790A3800\",\"Value\":1},{\"Key\":\"E3A4C4FF8B63050021263800\",\"Value\":1},{\"Key\":\"E2F0C4FF8A6305003DB33700\",\"Value\":1},{\"Key\":\"EF90C4FF8A63050000313800\",\"Value\":1},{\"Key\":\"67EFC4FF8A630500A8D43700\",\"Value\":1},{\"Key\":\"3195C4FFD1640500DF403800\",\"Value\":1},{\"Key\":\"0908C4FF8A63050031543800\",\"Value\":1},{\"Key\":\"26A0C4FF378A050021EA3800\",\"Value\":1},{\"Key\":\"3987C4FFEB8A050031E13800\",\"Value\":1},{\"Key\":\"5B7FC4FF8A630500211C3800\",\"Value\":1},{\"Key\":\"BF84C4FF308D05001E193900\",\"Value\":1},{\"Key\":\"8520C4FF8277050097863800\",\"Value\":1},{\"Key\":\"AC1FC4FF8A6305000C4C3800\",\"Value\":1},{\"Key\":\"0A25C4FF258B050043C63800\",\"Value\":1},{\"Key\":\"7A46C4FF308D05006BF63800\",\"Value\":1},{\"Key\":\"BF5DC4FF308D050086EA3800\",\"Value\":1},{\"Key\":\"3957C4FF308D0500D7E23800\",\"Value\":1},{\"Key\":\"C24EC4FF308D050003013900\",\"Value\":1},{\"Key\":\"5C5AC4FF308D0500A5023900\",\"Value\":1},{\"Key\":\"DC57C4FF8A6305008C0A3800\",\"Value\":1},{\"Key\":\"DF69C4FF8A63050055FA3700\",\"Value\":1},{\"Key\":\"F115C5FFEF6505008CFD3700\",\"Value\":1},{\"Key\":\"71DCC4FF8A630500FF273700\",\"Value\":1},{\"Key\":\"5065C5FF6F67050030DC3700\",\"Value\":1},{\"Key\":\"C203C5FF8A63050028E43700\",\"Value\":1},{\"Key\":\"8203C5FF1A650500EAFE3700\",\"Value\":1},{\"Key\":\"2340C5FF58700500E2073800\",\"Value\":1},{\"Key\":\"723BC5FF2F790500E6253800\",\"Value\":1},{\"Key\":\"6929C5FF017605009E243800\",\"Value\":1},{\"Key\":\"B22DC5FF23800500484E3800\",\"Value\":1},{\"Key\":\"8F15C5FF60800500D25A3800\",\"Value\":1},{\"Key\":\"B4EFC4FF347605008D433800\",\"Value\":1},{\"Key\":\"ABB3C5FF0E7705000E553800\",\"Value\":1},{\"Key\":\"E5C4C4FF2870050053473800\",\"Value\":1},{\"Key\":\"FCDDC4FF91760500204C3800\",\"Value\":1},{\"Key\":\"77EFC4FFAF7C0500AA593800\",\"Value\":1},{\"Key\":\"B1C4C4FF6B770500045C3800\",\"Value\":1},{\"Key\":\"65B6C4FF58720500DD533800\",\"Value\":1},{\"Key\":\"F6AFC4FF9E790500086D3800\",\"Value\":1},{\"Key\":\"A6B1C4FFE9800500F28A3800\",\"Value\":1},{\"Key\":\"B7FCC5FFC6680500E58E3800\",\"Value\":1},{\"Key\":\"1F50C5FFFC7805001CC93800\",\"Value\":1},{\"Key\":\"E93AC5FF687D05002CC13800\",\"Value\":1},{\"Key\":\"2661C5FF197005003E0D3900\",\"Value\":1},{\"Key\":\"9676C5FFFE6D050025EA3800\",\"Value\":1},{\"Key\":\"E686C5FFFC6D0500BDD73800\",\"Value\":1},{\"Key\":\"8E86C5FFBD74050062AD3800\",\"Value\":1},{\"Key\":\"5D75C5FF9A7D0500C0763800\",\"Value\":1},{\"Key\":\"931DC6FF6B670500A3F33700\",\"Value\":1},{\"Key\":\"EA07C6FF9B690500531E3800\",\"Value\":1},{\"Key\":\"091EC6FF3F660500171F3800\",\"Value\":1},{\"Key\":\"9EF2C5FF46690500E3893800\",\"Value\":1},{\"Key\":\"B5DDC5FF626C0500F89F3800\",\"Value\":1},{\"Key\":\"539BC5FF3769050001F23800\",\"Value\":1},{\"Key\":\"8973C5FF536F05004CE13800\",\"Value\":1},{\"Key\":\"AAC6C4FF3C890500D4203900\",\"Value\":1},{\"Key\":\"65DCC4FFEB8805007C2B3900\",\"Value\":1},{\"Key\":\"4E33C5FFE27E0500EC403900\",\"Value\":1},{\"Key\":\"E4C9C4FF8A6305009C133800\",\"Value\":1},{\"Key\":\"92C6C4FF8A630500A6093800\",\"Value\":1},{\"Key\":\"68B2C4FF8A630500F3FE3700\",\"Value\":1},{\"Key\":\"1BB1C4FF8A630500B6DE3700\",\"Value\":1},{\"Key\":\"AE9CC4FF8A63050009F53700\",\"Value\":1},{\"Key\":\"C0B0C4FF638205009F963800\",\"Value\":1},{\"Key\":\"0FC7C4FF7E8305005EA03800\",\"Value\":1},{\"Key\":\"E899C4FF3882050025993800\",\"Value\":1},{\"Key\":\"AF96C4FF697E0500CA873800\",\"Value\":1},{\"Key\":\"EFD7C3FFFC7C050012A03800\",\"Value\":1},{\"Key\":\"10EFC3FF8A6305006F603800\",\"Value\":1},{\"Key\":\"FED2C3FF796F050090853800\",\"Value\":1},{\"Key\":\"10F3C3FF8A6305000C543800\",\"Value\":1},{\"Key\":\"82CAC3FFBC8905005AB73800\",\"Value\":1},{\"Key\":\"237AC3FFEE6E0500E59D3800\",\"Value\":1},{\"Key\":\"C459C3FF8A630500A0803800\",\"Value\":1},{\"Key\":\"A343C3FF9864050057813800\",\"Value\":1},{\"Key\":\"12D7C2FF8A63050027993800\",\"Value\":1},{\"Key\":\"1DE4C2FF8A63050075833800\",\"Value\":1},{\"Key\":\"83EEC2FF8A6305008C803800\",\"Value\":1},{\"Key\":\"3ACEC2FF8A630500F0973800\",\"Value\":1},{\"Key\":\"FFE3C2FFE563050053A13800\",\"Value\":1},{\"Key\":\"D4D6C2FF8A630500726F3800\",\"Value\":1},{\"Key\":\"3FCDC2FF8A630500B7743800\",\"Value\":1},{\"Key\":\"62ECC2FF8A6305006F713800\",\"Value\":1},{\"Key\":\"86B9C2FF8A6305005A9B3800\",\"Value\":1},{\"Key\":\"56C3C2FF8A630500B5AB3800\",\"Value\":1},{\"Key\":\"94A2C2FF8A6305004EAC3800\",\"Value\":1},{\"Key\":\"B8B6C2FF8A63050008AB3800\",\"Value\":1},{\"Key\":\"9281C2FF8A630500A3AD3800\",\"Value\":1},{\"Key\":\"A76BC2FF8A63050033B23800\",\"Value\":1},{\"Key\":\"1559C2FF8A630500D5AA3800\",\"Value\":1},{\"Key\":\"5957C2FFD063050020CA3800\",\"Value\":1},{\"Key\":\"404BC2FF7B640500E0D53800\",\"Value\":1},{\"Key\":\"411FC2FF85670500BEEA3800\",\"Value\":1},{\"Key\":\"C015C2FF30660500F8D93800\",\"Value\":1},{\"Key\":\"1E00C2FFC468050032DB3800\",\"Value\":1},{\"Key\":\"2416C2FF78640500BCC83800\",\"Value\":1},{\"Key\":\"3EF7C1FFE56A050029DF3800\",\"Value\":1},{\"Key\":\"DE61C2FFA98F0500A0823900\",\"Value\":1},{\"Key\":\"D16BC2FFD892050073893900\",\"Value\":1},{\"Key\":\"A362C2FF048805002F6E3900\",\"Value\":1},{\"Key\":\"5274C2FFFF9805002E963900\",\"Value\":1},{\"Key\":\"C2ADC2FFDBA5050072AD3900\",\"Value\":1},{\"Key\":\"F9B0C2FF398F0500C37B3900\",\"Value\":1},{\"Key\":\"7696C2FF748A0500C5703900\",\"Value\":1},{\"Key\":\"5B83C2FFC0880500896C3900\",\"Value\":1},{\"Key\":\"3178C2FF548B050036753900\",\"Value\":1},{\"Key\":\"59A0C2FF437C0500C0403900\",\"Value\":1},{\"Key\":\"D571C3FF988C0500EAFF3800\",\"Value\":1},{\"Key\":\"F673C3FF518C0500CBF73800\",\"Value\":1},{\"Key\":\"6E83C3FF0B8D05000C033900\",\"Value\":1},{\"Key\":\"CC8DC3FF808C0500B4E03800\",\"Value\":1},{\"Key\":\"2B88C3FFB48C05003BEA3800\",\"Value\":1},{\"Key\":\"1D9BC3FFCE8C0500C3D53800\",\"Value\":1},{\"Key\":\"DF9EC3FF108D0500DBCC3800\",\"Value\":1},{\"Key\":\"E8BAC3FF308D05004ADD3800\",\"Value\":1},{\"Key\":\"C2CAC3FF308D050031EA3800\",\"Value\":1},{\"Key\":\"79D9C3FF308D05004DED3800\",\"Value\":1},{\"Key\":\"CCD9C3FF19640500056C3800\",\"Value\":1},{\"Key\":\"6DAFC3FF26660500D6803800\",\"Value\":1},{\"Key\":\"EAA5C4FF8A6305000D423700\",\"Value\":1},{\"Key\":\"EF91C4FF8A630500B04A3700\",\"Value\":1},{\"Key\":\"1951C5FFCA62050059083700\",\"Value\":1},{\"Key\":\"595CC5FF1C810500416C3800\",\"Value\":1},{\"Key\":\"FC53C5FFBD8205008E4F3800\",\"Value\":3},{\"Key\":\"0962C5FF1482050008493800\",\"Value\":1},{\"Key\":\"7A62C5FF2578050026113800\",\"Value\":1},{\"Key\":\"C5A0C5FF926305007A9E3700\",\"Value\":1},{\"Key\":\"FD85C5FF8A630500279B3700\",\"Value\":1},{\"Key\":\"EC9CC5FFAD63050049AA3700\",\"Value\":1},{\"Key\":\"E40FC5FF7E830500A38A3800\",\"Value\":3},{\"Key\":\"C215C5FF4E7D050043493800\",\"Value\":1},{\"Key\":\"D0CEC3FF8A630500D6493800\",\"Value\":1},{\"Key\":\"F5C4C3FF8A6305004E6B3800\",\"Value\":1},{\"Key\":\"6E61C4FF2D6705002F5B3800\",\"Value\":3},{\"Key\":\"FB7CC4FF8A6305005EFC3700\",\"Value\":1},{\"Key\":\"F77DC4FF8A6305007AE43700\",\"Value\":1},{\"Key\":\"4992C4FF8A63050003E33700\",\"Value\":1},{\"Key\":\"D49BC5FF3D620500D7B33600\",\"Value\":1},{\"Key\":\"0AEEC3FFCE86050018AF3800\",\"Value\":1},{\"Key\":\"1DF4C3FF547605006D8C3800\",\"Value\":1},{\"Key\":\"9B0AC4FFA47C0500A1953800\",\"Value\":1},{\"Key\":\"354CC3FF7964050004AC3700\",\"Value\":1},{\"Key\":\"B644C3FF9D63050070B33700\",\"Value\":1},{\"Key\":\"834DC3FF20640500ACA03700\",\"Value\":1},{\"Key\":\"F526C3FF8A63050051B33700\",\"Value\":1},{\"Key\":\"8013C3FFF0620500D0B23700\",\"Value\":1},{\"Key\":\"B007C4FF6BB6050079E33900\",\"Value\":1},{\"Key\":\"6706C4FFFFBA0500E2EC3900\",\"Value\":1},{\"Key\":\"76AEC3FFEADD0500ED763A00\",\"Value\":1},{\"Key\":\"99C1C3FF5FEE050008A33A00\",\"Value\":1},{\"Key\":\"A8C4C3FF1BF50500BCC43A00\",\"Value\":1},{\"Key\":\"F9DAC3FF50F5050099CE3A00\",\"Value\":1},{\"Key\":\"D603C4FF50F50500B9C63A00\",\"Value\":1},{\"Key\":\"8620C4FFB1F3050092BA3A00\",\"Value\":1},{\"Key\":\"4924C4FF50F505004ACE3A00\",\"Value\":1},{\"Key\":\"4624C4FF76EA05005DA33A00\",\"Value\":1},{\"Key\":\"6D3BC4FF65DB0500BF703A00\",\"Value\":1},{\"Key\":\"CB49C4FF78DF05002D7A3A00\",\"Value\":1},{\"Key\":\"D936C4FF4BEC0500F0A43A00\",\"Value\":1},{\"Key\":\"1344C4FFA7EA050067A03A00\",\"Value\":1},{\"Key\":\"DB39C4FFD5F30500B9B83A00\",\"Value\":1},{\"Key\":\"F1ADC3FFD7F2050047B63A00\",\"Value\":1},{\"Key\":\"B0AEC3FF46F4050060C53A00\",\"Value\":1},{\"Key\":\"5AE0C3FF50F5050079E53A00\",\"Value\":1},{\"Key\":\"31FBC3FF50F50500D3723B00\",\"Value\":1},{\"Key\":\"8CFBC3FF50F505004C5F3B00\",\"Value\":1},{\"Key\":\"750FC4FF50F50500E4633B00\",\"Value\":1},{\"Key\":\"D118C4FF50F50500805F3B00\",\"Value\":1},{\"Key\":\"5023C4FF50F50500D84F3B00\",\"Value\":1},{\"Key\":\"454EC4FF50F505003F6F3B00\",\"Value\":1},{\"Key\":\"FD23C4FF50F505004A7A3B00\",\"Value\":1},{\"Key\":\"D50CC4FF50F505002C843B00\",\"Value\":1},{\"Key\":\"3006C4FF50F50500659A3B00\",\"Value\":1},{\"Key\":\"527AC2FF8E61050027EB3700\",\"Value\":1},{\"Key\":\"3332C2FF8A63050083613800\",\"Value\":1},{\"Key\":\"67B9C6FFB15A05007EF73500\",\"Value\":1},{\"Key\":\"0FA7C6FF1A58050032FB3500\",\"Value\":1},{\"Key\":\"B1F1C4FF8A630500701B3700\",\"Value\":1},{\"Key\":\"101CC4FF176D050067733800\",\"Value\":3},{\"Key\":\"E80DC4FFFF6F0500D07A3800\",\"Value\":1},{\"Key\":\"3211C4FFF36C0500B5743800\",\"Value\":1},{\"Key\":\"C4CCC3FF6F77050075983800\",\"Value\":3},{\"Key\":\"C7B3C3FFF7810500B5AD3800\",\"Value\":1},{\"Key\":\"14C8C3FF286E050013873800\",\"Value\":1},{\"Key\":\"1BBEC3FF5D730500B8943800\",\"Value\":1},{\"Key\":\"200BC4FF8A630500541E3800\",\"Value\":1},{\"Key\":\"C50CC4FF8A63050094133800\",\"Value\":1},{\"Key\":\"099EC5FF11680500E5BE3700\",\"Value\":1},{\"Key\":\"EF9BC5FFDC6F0500E1D63700\",\"Value\":1},{\"Key\":\"21B3C5FF50720500A8D43700\",\"Value\":1},{\"Key\":\"1BA1C5FF9C730500C0E23700\",\"Value\":1},{\"Key\":\"FBFACBFF43D90400A2373C00\",\"Value\":1},{\"Key\":\"1FFACAFF7B07050049483C00\",\"Value\":1},{\"Key\":\"5A2FCAFF8032050028343C00\",\"Value\":1},{\"Key\":\"4841CAFFEF2D05000D343C00\",\"Value\":1},{\"Key\":\"947ACAFFAA250500F7203C00\",\"Value\":1},{\"Key\":\"223CCAFF22300500A32C3C00\",\"Value\":1},{\"Key\":\"55DFCBFF2CE90400365D3C00\",\"Value\":1},{\"Key\":\"40F6CBFF12E70400795A3C00\",\"Value\":1},{\"Key\":\"3E06CCFF62D10400AD193C00\",\"Value\":1},{\"Key\":\"C00ECAFFB13B050021723C00\",\"Value\":1},{\"Key\":\"64F9C9FFE24105007B873C00\",\"Value\":1},{\"Key\":\"B7F7C9FFA2490500A40B3D00\",\"Value\":1},{\"Key\":\"2373C4FFB6630500775F3700\",\"Value\":1},{\"Key\":\"CFDCC5FF006F050005493800\",\"Value\":1},{\"Key\":\"E8B0C5FF6E7905006B063800\",\"Value\":1},{\"Key\":\"9C9BC5FF107A05009A023800\",\"Value\":1},{\"Key\":\"1F9DC5FF257C050093153800\",\"Value\":1},{\"Key\":\"29C3C5FF047705009F093800\",\"Value\":1},{\"Key\":\"359FC5FF137C0500102B3800\",\"Value\":1},{\"Key\":\"2373C4FF9D63050020683700\",\"Value\":1},{\"Key\":\"166DC6FF8A630500BDA23700\",\"Value\":1},{\"Key\":\"3C5DC6FF8A630500F6953700\",\"Value\":1},{\"Key\":\"806FC6FF8A630500118E3700\",\"Value\":1},{\"Key\":\"57DCC4FF8A6305001D3D3700\",\"Value\":1},{\"Key\":\"02BCC4FF8A6305004C433700\",\"Value\":1},{\"Key\":\"11BAC4FF8A63050044493700\",\"Value\":1},{\"Key\":\"306EC3FFF98C05001C353900\",\"Value\":1},{\"Key\":\"D66EC3FFBD8E05006A4B3900\",\"Value\":1},{\"Key\":\"FC6FC3FF5C900500B3563900\",\"Value\":1},{\"Key\":\"737BC3FFD490050020593900\",\"Value\":1},{\"Key\":\"BACBC2FF8A63050084603800\",\"Value\":1},{\"Key\":\"A6F1C2FF90650500CEAD3800\",\"Value\":1},{\"Key\":\"12F4C2FF6366050038B33800\",\"Value\":1},{\"Key\":\"F360C1FF58600500F81D3800\",\"Value\":1},{\"Key\":\"7855C1FFA062050079333800\",\"Value\":1},{\"Key\":\"98CBC1FF19630500485F3800\",\"Value\":1},{\"Key\":\"6DCCC1FF77630500AD6C3800\",\"Value\":1},{\"Key\":\"52CEC6FF8A63050096BB3600\",\"Value\":1},{\"Key\":\"88CFC6FF8A6305002DC43600\",\"Value\":1},{\"Key\":\"92DFC6FF8A6305009FDD3600\",\"Value\":1},{\"Key\":\"939BC4FFD3D905003B4D3A00\",\"Value\":1},{\"Key\":\"20AFC4FF66D505001B493A00\",\"Value\":1},{\"Key\":\"B399C4FFAEDF0500EE5E3A00\",\"Value\":1},{\"Key\":\"81B1C4FFD8DB0500B6583A00\",\"Value\":1},{\"Key\":\"D087C4FF47E10500566D3A00\",\"Value\":1},{\"Key\":\"A678C4FFBEE2050078793A00\",\"Value\":1},{\"Key\":\"556FC4FF9EE50500F7853A00\",\"Value\":1},{\"Key\":\"8C63C4FF29E1050044793A00\",\"Value\":1},{\"Key\":\"4F8CC4FF2AE90500908F3A00\",\"Value\":1},{\"Key\":\"2884C4FF61EC0500629E3A00\",\"Value\":1},{\"Key\":\"849BC4FFC2EE050012AF3A00\",\"Value\":1},{\"Key\":\"EFE0C4FFD5DD050005823A00\",\"Value\":1},{\"Key\":\"87CAC4FF18DE05009C6C3A00\",\"Value\":1},{\"Key\":\"F8DFC4FFB4D705009D6C3A00\",\"Value\":1},{\"Key\":\"C2FCC4FFCDB00500A5303A00\",\"Value\":1},{\"Key\":\"D011C5FF56A80500B92F3A00\",\"Value\":1},{\"Key\":\"26FDC4FF35A80500F31C3A00\",\"Value\":1},{\"Key\":\"19E7C4FF32B1050054203A00\",\"Value\":1},{\"Key\":\"01CDC4FF78BF0500562C3A00\",\"Value\":1},{\"Key\":\"CEC7C4FF46BC050055233A00\",\"Value\":1},{\"Key\":\"13CFC4FFD9CF0500374E3A00\",\"Value\":1},{\"Key\":\"B4D1C4FFD3D40500485B3A00\",\"Value\":1},{\"Key\":\"BBDAC4FF51CA0500764B3A00\",\"Value\":1},{\"Key\":\"8EC8C5FF566F050071803800\",\"Value\":1},{\"Key\":\"20B2C5FFE2710500ED963800\",\"Value\":1},{\"Key\":\"A59BC5FF6A66050096193900\",\"Value\":1},{\"Key\":\"3B8AC5FF7C680500A4313900\",\"Value\":1},{\"Key\":\"AA5CC6FF8A630500F6833800\",\"Value\":1},{\"Key\":\"2883C4FF976305009C483700\",\"Value\":1},{\"Key\":\"45C6C7FF8A630500D8013900\",\"Value\":1},{\"Key\":\"0C12C8FFBD6605004B0A3900\",\"Value\":1},{\"Key\":\"615DC8FFC4750500B7B33900\",\"Value\":1},{\"Key\":\"C65EC8FF07760500B19A3900\",\"Value\":1},{\"Key\":\"FF70C8FF247905001FAF3900\",\"Value\":1},{\"Key\":\"9C72C8FF6879050013C03900\",\"Value\":1},{\"Key\":\"5870C8FF64790500B8663900\",\"Value\":1},{\"Key\":\"7450CBFFA9010500F5F43D00\",\"Value\":1},{\"Key\":\"234FCBFF1801050068E43D00\",\"Value\":1},{\"Key\":\"690ECAFF753C0500AE1C3C00\",\"Value\":1},{\"Key\":\"FFB2C6FFC66805000B303A00\",\"Value\":1},{\"Key\":\"C59DC6FF716E050061363A00\",\"Value\":1},{\"Key\":\"E81FC6FF8E8C05005D173A00\",\"Value\":1},{\"Key\":\"DC06C6FF378C0500991B3A00\",\"Value\":1},{\"Key\":\"1FC8C5FF308D05009E6E3A00\",\"Value\":1},{\"Key\":\"6421C6FF308D05000F7A3A00\",\"Value\":1},{\"Key\":\"E409C6FF308D0500B58E3A00\",\"Value\":1},{\"Key\":\"B1F7C5FF308D0500B08F3A00\",\"Value\":1},{\"Key\":\"41B2C5FF158D0500E4173A00\",\"Value\":1},{\"Key\":\"8A9CC5FF308D050082193A00\",\"Value\":1},{\"Key\":\"1C5DC5FF09A40500F28D3A00\",\"Value\":1},{\"Key\":\"5352C5FF3EDB05008C313B00\",\"Value\":1},{\"Key\":\"9F5CC5FF6BD6050000303B00\",\"Value\":1},{\"Key\":\"1F47C5FF72DA0500B3233B00\",\"Value\":1},{\"Key\":\"123DC5FF7EE405002E373B00\",\"Value\":1},{\"Key\":\"5A5FC6FFE1750500FEEC3900\",\"Value\":1},{\"Key\":\"524AC6FF308D050054EE3A00\",\"Value\":1},{\"Key\":\"A833C6FF308D05002D1A3B00\",\"Value\":1},{\"Key\":\"074DC6FF308D050074103B00\",\"Value\":1},{\"Key\":\"2750C6FF3A8D050080503B00\",\"Value\":1},{\"Key\":\"7E48C6FFD28D0500435B3B00\",\"Value\":1},{\"Key\":\"0120C6FFC08F0500E0433B00\",\"Value\":1},{\"Key\":\"BDFEC5FFFE93050072353B00\",\"Value\":1},{\"Key\":\"9F06C6FF7F92050048353B00\",\"Value\":1},{\"Key\":\"F923C6FF3D8E0500DA2D3B00\",\"Value\":1},{\"Key\":\"C6FDC5FF57920500B9223B00\",\"Value\":1},{\"Key\":\"8070C5FFC0E9050003B73B00\",\"Value\":1},{\"Key\":\"C55BC5FFE6F00500F8B13B00\",\"Value\":1},{\"Key\":\"6447C5FF06F50500189B3B00\",\"Value\":1},{\"Key\":\"3D46C5FF50F5050015B23B00\",\"Value\":1},{\"Key\":\"CAE0C4FF50F50500C8A63B00\",\"Value\":1},{\"Key\":\"73E1C4FF50F5050012C43B00\",\"Value\":1},{\"Key\":\"D5DCC4FF50F50500D5DA3B00\",\"Value\":1},{\"Key\":\"15C7C4FF50F5050094C53B00\",\"Value\":1},{\"Key\":\"D6A0C4FF50F505003DBC3B00\",\"Value\":1},{\"Key\":\"ED9BC4FF50F50500FECF3B00\",\"Value\":1},{\"Key\":\"4690C4FF50F5050049A43B00\",\"Value\":1},{\"Key\":\"40B0C4FF50F50500AC863B00\",\"Value\":1},{\"Key\":\"328EC4FF50F505006F843B00\",\"Value\":1},{\"Key\":\"48A7C4FF50F5050071753B00\",\"Value\":1},{\"Key\":\"CB90C4FF50F5050063713B00\",\"Value\":1},{\"Key\":\"BD66C4FF50F5050062A13B00\",\"Value\":1},{\"Key\":\"8647C4FF50F50500D5993B00\",\"Value\":1},{\"Key\":\"0B1CC4FF59F5050038BB3B00\",\"Value\":1},{\"Key\":\"3437C4FF50F505005FC43B00\",\"Value\":1},{\"Key\":\"591BC4FF73F705000ADB3B00\",\"Value\":1},{\"Key\":\"3D32C4FF69F6050026DA3B00\",\"Value\":1},{\"Key\":\"1D66C7FF8A63050035A03600\",\"Value\":1},{\"Key\":\"8E3FC7FF8A63050021C73600\",\"Value\":1},{\"Key\":\"F63EC7FF8A63050072163700\",\"Value\":1},{\"Key\":\"78E7C7FF8A630500C96F3800\",\"Value\":1},{\"Key\":\"F4E6C7FF8A6305000E983800\",\"Value\":1},{\"Key\":\"8592C6FF8A6305004A583700\",\"Value\":1},{\"Key\":\"5F93C6FF8A630500F73A3700\",\"Value\":1},{\"Key\":\"8F55C7FF8A63050078133900\",\"Value\":1},{\"Key\":\"5D25C5FF23C7050051AE3A00\",\"Value\":1},{\"Key\":\"A406C5FF34DF05003FDA3A00\",\"Value\":1},{\"Key\":\"1EF2C4FF16E805001BE43A00\",\"Value\":1},{\"Key\":\"258FC4FF50F50500B7103C00\",\"Value\":1},{\"Key\":\"3F79C4FFD9F605007D263C00\",\"Value\":1},{\"Key\":\"A470C4FF5BF5050080063C00\",\"Value\":1},{\"Key\":\"8486C4FFADF50500EB253C00\",\"Value\":1},{\"Key\":\"DD02ADFFFEE005000FD05700\",\"Value\":1},{\"Key\":\"73A8ACFFEDD305001FE25700\",\"Value\":1},{\"Key\":\"1393ACFFFFD105007F995800\",\"Value\":1},{\"Key\":\"9ABCACFF3DDA0500C6AE5800\",\"Value\":1},{\"Key\":\"EA9BACFF51D3050006BF5800\",\"Value\":1},{\"Key\":\"5B23ADFF95E2050070DE5900\",\"Value\":1},{\"Key\":\"C371AEFF1BD805002C465600\",\"Value\":1},{\"Key\":\"7C5CAEFF6FD60500A92B5600\",\"Value\":1},{\"Key\":\"1318BFFFF30B0600AF694500\",\"Value\":1},{\"Key\":\"0FB9BEFFF40A0600C12D4500\",\"Value\":1},{\"Key\":\"BFCEBEFF050B0600850F4500\",\"Value\":1},{\"Key\":\"7B53C7FF0F630500EEAF3500\",\"Value\":1},{\"Key\":\"E2FACBFFB89B05001ABD3300\",\"Value\":1},{\"Key\":\"2E12CCFFE99A05002AAD3300\",\"Value\":1},{\"Key\":\"F82DCCFF0B9A0500A0C43300\",\"Value\":1},{\"Key\":\"B32ACCFF2D9A0500D4CC3300\",\"Value\":1},{\"Key\":\"A4A6CCFF98930500BA263300\",\"Value\":1},{\"Key\":\"4EA7CCFFC29205003E153300\",\"Value\":1},{\"Key\":\"9BBCCCFF6F9105006BFF3200\",\"Value\":1},{\"Key\":\"F9D6CCFF1F8F050015CB3200\",\"Value\":1},{\"Key\":\"61BDCCFF788F0500BACD3200\",\"Value\":1},{\"Key\":\"C3FDCCFFB58905006A623200\",\"Value\":1},{\"Key\":\"87FECCFF51890500DF553200\",\"Value\":1},{\"Key\":\"BCE8CCFFFF880500EF363200\",\"Value\":1},{\"Key\":\"90E7CCFFD3890500AE633200\",\"Value\":1},{\"Key\":\"ACE9CCFF7B89050066563200\",\"Value\":1},{\"Key\":\"2FD7CCFF158A05003A4A3200\",\"Value\":1},{\"Key\":\"2271CBFF55B1050093763100\",\"Value\":1},{\"Key\":\"A49CCBFF87AB05006F673100\",\"Value\":1},{\"Key\":\"B59BCBFFAFAB0500817E3100\",\"Value\":1},{\"Key\":\"B5BDCAFFDCAB050045653400\",\"Value\":3},{\"Key\":\"2861CAFF1CA50500A3C33400\",\"Value\":1},{\"Key\":\"7B4DCAFF08A3050067C53400\",\"Value\":1},{\"Key\":\"D8A7CBFF47A3050022F73200\",\"Value\":1},{\"Key\":\"C4EECBFF0C9D05001DD83200\",\"Value\":1},{\"Key\":\"B1FCCBFFBD9B050075D63200\",\"Value\":1},{\"Key\":\"E5E7CBFFB29D0500EFE13200\",\"Value\":1},{\"Key\":\"51FECCFF0195050046573300\",\"Value\":1},{\"Key\":\"8C14CDFF1695050080423300\",\"Value\":1},{\"Key\":\"AD19CDFF8A950500CF4B3300\",\"Value\":1},{\"Key\":\"4D2DCDFFA1950500E3433300\",\"Value\":1},{\"Key\":\"D82ACDFF3898050094773300\",\"Value\":1},{\"Key\":\"8A19CDFF32970500D86E3300\",\"Value\":1},{\"Key\":\"CF27CDFF86970500696A3300\",\"Value\":1},{\"Key\":\"6D86CBFFD3A70500CECD3200\",\"Value\":1},{\"Key\":\"808FCBFF48A705009CBC3200\",\"Value\":1},{\"Key\":\"4A91CBFF5DA6050065D63200\",\"Value\":1},{\"Key\":\"4D26CBFFB7B3050059963200\",\"Value\":1},{\"Key\":\"4026CBFF58B30500E9A13200\",\"Value\":1},{\"Key\":\"CAB9CAFF78C5050049613100\",\"Value\":1},{\"Key\":\"6ECFCAFF96C305007D763100\",\"Value\":1},{\"Key\":\"71BBCAFF17C50500BC543100\",\"Value\":1},{\"Key\":\"D528CBFFE2B80500FCF23000\",\"Value\":1},{\"Key\":\"2DF0CAFF3AC00500367E3100\",\"Value\":1},{\"Key\":\"58EBCAFFC9C00500F5883100\",\"Value\":1},{\"Key\":\"C93ACAFFCDCB0500D6493100\",\"Value\":1},{\"Key\":\"534ECAFF84CB0500A8523100\",\"Value\":1},{\"Key\":\"E12BC7FF8A63050001CA3600\",\"Value\":1},{\"Key\":\"C105C7FF8A630500F5033700\",\"Value\":1},{\"Key\":\"DFF3C6FF8A63050011F43600\",\"Value\":1},{\"Key\":\"03CFC6FF8A630500D0413700\",\"Value\":1},{\"Key\":\"A8A9C6FF8A630500A27B3700\",\"Value\":1},{\"Key\":\"1E95C6FF8A630500767A3700\",\"Value\":1},{\"Key\":\"E781C6FF8A63050038973700\",\"Value\":1},{\"Key\":\"8F80C6FF8A63050088AC3700\",\"Value\":1},{\"Key\":\"F68FC6FF8A63050071CC3700\",\"Value\":1},{\"Key\":\"C36CC6FF8A630500B0C73700\",\"Value\":1},{\"Key\":\"6280C6FF8A6305000BEA3700\",\"Value\":1},{\"Key\":\"C86EC6FF8A630500C3093800\",\"Value\":1},{\"Key\":\"316DC6FF8A63050019333800\",\"Value\":1},{\"Key\":\"A64AC6FF8A63050098313800\",\"Value\":1},{\"Key\":\"B64DC6FF8A630500F2483800\",\"Value\":1},{\"Key\":\"D96DC6FF8A630500D74A3800\",\"Value\":1},{\"Key\":\"694AC6FF8A630500BA603800\",\"Value\":1},{\"Key\":\"0A24C6FF7B6705006BED3800\",\"Value\":1},{\"Key\":\"D963C6FF8A63050033DC3800\",\"Value\":3},{\"Key\":\"5173C6FF8A630500F4963800\",\"Value\":1},{\"Key\":\"9299C5FF3A70050033BC3800\",\"Value\":3},{\"Key\":\"375EC5FF357905005BB73800\",\"Value\":3},{\"Key\":\"ECC5C5FF946E05008FAD3800\",\"Value\":1},{\"Key\":\"73C9C5FFDC6C0500DACB3800\",\"Value\":1},{\"Key\":\"9229C6FFC2630500C56D3800\",\"Value\":1},{\"Key\":\"7195C6FF8A630500EC393800\",\"Value\":1},{\"Key\":\"3BB4C6FF8A630500011F3800\",\"Value\":1},{\"Key\":\"6BEBC5FFAA69050007743800\",\"Value\":1},{\"Key\":\"A3FCC5FF5F670500CD683800\",\"Value\":1},{\"Key\":\"2647C6FF8A630500DC6B3800\",\"Value\":1},{\"Key\":\"E8A7C6FF8A63050027433800\",\"Value\":1},{\"Key\":\"E006C6FF3D680500E3F73800\",\"Value\":1},{\"Key\":\"6993C6FF8A6305005DA53800\",\"Value\":1},{\"Key\":\"DE9CC6FF8A63050069853800\",\"Value\":1},{\"Key\":\"6CDEC6FF8A630500F12B3800\",\"Value\":1},{\"Key\":\"AED4C6FF8A63050041083800\",\"Value\":1},{\"Key\":\"4ED8C6FF8A630500E0473800\",\"Value\":1},{\"Key\":\"B406C7FF8A630500C2EB3700\",\"Value\":1},{\"Key\":\"01F3C6FF8A6305001B9E3700\",\"Value\":1},{\"Key\":\"6AF4C6FF8A630500BFD93700\",\"Value\":1},{\"Key\":\"BA7FC7FF8A63050006713600\",\"Value\":1},{\"Key\":\"DD7CC9FF76620500FCC23500\",\"Value\":1},{\"Key\":\"1F91C9FF6164050089DF3500\",\"Value\":1},{\"Key\":\"1903CAFF5F85050095803500\",\"Value\":1},{\"Key\":\"2E14CAFF7288050085863500\",\"Value\":1},{\"Key\":\"953CCAFF2B920500486D3500\",\"Value\":1},{\"Key\":\"1431CAFFF193050087563500\",\"Value\":1},{\"Key\":\"B351CAFFC5950500E55F3500\",\"Value\":1},{\"Key\":\"084FCAFFC19A0500AD343500\",\"Value\":1},{\"Key\":\"9E60CAFFF39A0500A5373500\",\"Value\":1},{\"Key\":\"9973CAFF739F050009143500\",\"Value\":1},{\"Key\":\"EC86CAFFCC9C05000E243500\",\"Value\":1},{\"Key\":\"B186CAFF899E05001D143500\",\"Value\":1},{\"Key\":\"7987CAFF4DA005004D033500\",\"Value\":1},{\"Key\":\"5899CAFF43A305002DDC3400\",\"Value\":1},{\"Key\":\"BF01CBFF9BA605001C703400\",\"Value\":3},{\"Key\":\"13FBCAFF8EA50500D4833400\",\"Value\":1},{\"Key\":\"AB11CBFFA1A6050080603400\",\"Value\":1},{\"Key\":\"1A0DCBFFA8A40500CF7D3400\",\"Value\":1},{\"Key\":\"C5F9CAFF9CA405006A903400\",\"Value\":1},{\"Key\":\"A7BCCAFFA69F0500F5EC3400\",\"Value\":1},{\"Key\":\"BEE7CAFF28A2050031B83400\",\"Value\":1},{\"Key\":\"CDACCAFF5BA005007AED3400\",\"Value\":1},{\"Key\":\"22D4CAFFA29F0500ADDD3400\",\"Value\":1},{\"Key\":\"4CD4CAFFD29E0500BEE83400\",\"Value\":1},{\"Key\":\"ADC2CAFFC89C050089053500\",\"Value\":1},{\"Key\":\"BED4CAFF2C9D050048FB3400\",\"Value\":1},{\"Key\":\"E1AECAFF32990500182B3500\",\"Value\":1},{\"Key\":\"0187CAFF9B93050022703500\",\"Value\":1},{\"Key\":\"0D87CAFF3691050016833500\",\"Value\":1},{\"Key\":\"04AECAFF7E8F050091813500\",\"Value\":1},{\"Key\":\"73C1CAFF568D0500F5893500\",\"Value\":1},{\"Key\":\"2905CBFFBFAF0500CCD43300\",\"Value\":3},{\"Key\":\"B6B1CAFFFFB505000FDB3300\",\"Value\":1},{\"Key\":\"0AC6CAFF3BB50500B8C73300\",\"Value\":1},{\"Key\":\"979CCAFFC2B5050025EF3300\",\"Value\":1},{\"Key\":\"C788CAFF1AB60500BFEF3300\",\"Value\":1},{\"Key\":\"1374CAFFF7B6050000DF3300\",\"Value\":1},{\"Key\":\"AA73CAFF79B5050066F33300\",\"Value\":1},{\"Key\":\"CCC1CAFFB7B80500516B3300\",\"Value\":3},{\"Key\":\"FD9BCAFFD1BA050038903300\",\"Value\":1},{\"Key\":\"A673CAFF93B905003DBA3300\",\"Value\":1},{\"Key\":\"3C8CCAFF25BA050047AF3300\",\"Value\":1},{\"Key\":\"7451CAFF2FB705004AC83300\",\"Value\":1},{\"Key\":\"5EEAC9FF2D9F050052E23300\",\"Value\":1},{\"Key\":\"0415CAFFBDAB050023E53300\",\"Value\":1},{\"Key\":\"2A14CAFF8AAA0500EFF33300\",\"Value\":1},{\"Key\":\"9103CAFF5FA7050013E73300\",\"Value\":1},{\"Key\":\"C6EFC9FFCCA505003A943300\",\"Value\":1},{\"Key\":\"EB61CAFFCDB0050052323400\",\"Value\":1},{\"Key\":\"894FCAFF44B0050001203400\",\"Value\":1},{\"Key\":\"4819CAFF1DAF0500E9C73300\",\"Value\":1},{\"Key\":\"952ACAFFD6A705003D4E3400\",\"Value\":1},{\"Key\":\"5914CAFF09A40500ED423400\",\"Value\":1},{\"Key\":\"5F14CAFF85A2050052523400\",\"Value\":1},{\"Key\":\"6D38C9FF7662050023D03400\",\"Value\":1},{\"Key\":\"04F7C8FF76620500350F3500\",\"Value\":1},{\"Key\":\"BCE4C8FF76620500C6043500\",\"Value\":1},{\"Key\":\"B283C8FF8A630500ADBC3500\",\"Value\":1},{\"Key\":\"E79DC6FF8A630500DC8A3900\",\"Value\":1},{\"Key\":\"DD5EC8FF8A63050087E13600\",\"Value\":1},{\"Key\":\"99BDC8FF686505004CB33600\",\"Value\":1},{\"Key\":\"C22FC9FF766205009C933600\",\"Value\":1},{\"Key\":\"5342C9FF7662050074A23600\",\"Value\":1},{\"Key\":\"2814CAFFD17C0500556B3600\",\"Value\":1},{\"Key\":\"1C14CAFF6D7D050061573600\",\"Value\":1},{\"Key\":\"9A3ACAFF8681050076463600\",\"Value\":1},{\"Key\":\"BD73CAFF48830500D00C3600\",\"Value\":1},{\"Key\":\"F3A3CAFF8C83050049E93500\",\"Value\":1},{\"Key\":\"25C3CAFF758A0500849E3500\",\"Value\":1},{\"Key\":\"F5D4CAFFC0890500819D3500\",\"Value\":1},{\"Key\":\"15E7CAFF848D050022763500\",\"Value\":1},{\"Key\":\"DBFACAFF558C05000E773500\",\"Value\":1},{\"Key\":\"A30DCBFF688F050086503500\",\"Value\":1},{\"Key\":\"5A3BCBFFE78A05005F5A3500\",\"Value\":1},{\"Key\":\"1026CBFF469005009C3B3500\",\"Value\":1},{\"Key\":\"2D4FCBFF1E8A0500EB563500\",\"Value\":1},{\"Key\":\"AF5ACBFFE48B05003D3E3500\",\"Value\":1},{\"Key\":\"3A7CCBFFB58D0500721A3500\",\"Value\":1},{\"Key\":\"1C28CCFF3A7C050070703500\",\"Value\":1},{\"Key\":\"5227CCFFC07A05006D7C3500\",\"Value\":1},{\"Key\":\"EA0CCCFFA17B0500E07C3500\",\"Value\":3},{\"Key\":\"AB10CCFFE377050070983500\",\"Value\":1},{\"Key\":\"C625CCFF9077050016963500\",\"Value\":1},{\"Key\":\"21CBCBFF48920500F9B63400\",\"Value\":3},{\"Key\":\"2125CBFF1B7E0500C7CE3500\",\"Value\":1},{\"Key\":\"E681CBFFDA7D0500789E3500\",\"Value\":1},{\"Key\":\"06A6CBFFAD7905008EAF3500\",\"Value\":1},{\"Key\":\"64BACBFF5A780500FFB03500\",\"Value\":1},{\"Key\":\"B4FBCBFFB07605005DA83500\",\"Value\":1},{\"Key\":\"C212CCFFE9740500F2B03500\",\"Value\":1},{\"Key\":\"4FE0CBFFB4760500C7B03500\",\"Value\":1},{\"Key\":\"8BE5CBFF3E790500C4973500\",\"Value\":1},{\"Key\":\"810FCBFF0C7C0500DAE83500\",\"Value\":1},{\"Key\":\"9345CBFFD57705008BEF3500\",\"Value\":1},{\"Key\":\"3066CBFF4578050011DB3500\",\"Value\":1},{\"Key\":\"C545CBFF5576050027FA3500\",\"Value\":1},{\"Key\":\"0F6BCBFFEF740500DDF13500\",\"Value\":1},{\"Key\":\"7D49CBFFD37205006D113600\",\"Value\":1},{\"Key\":\"651FCBFFEE760500CF093600\",\"Value\":1},{\"Key\":\"85E0CAFFDF7C0500BDFE3500\",\"Value\":1},{\"Key\":\"ADFFCAFFB27605002C243600\",\"Value\":1},{\"Key\":\"13E4CBFF4694050054943400\",\"Value\":1},{\"Key\":\"A5FECBFF95970500134E3400\",\"Value\":1},{\"Key\":\"97F5CBFFE1960500D2603400\",\"Value\":1},{\"Key\":\"0A0ECBFFDD7405008E2C3600\",\"Value\":1},{\"Key\":\"CF1FCBFF617105000B473600\",\"Value\":1},{\"Key\":\"4699CAFF077C0500AA453600\",\"Value\":1},{\"Key\":\"6434CBFF8C6E050088523600\",\"Value\":1},{\"Key\":\"9274CAFF7A7D050039523600\",\"Value\":1},{\"Key\":\"0321CBFF526F0500EC653600\",\"Value\":1},{\"Key\":\"8BE7CAFF64730500DC6E3600\",\"Value\":1},{\"Key\":\"FB58CBFF1F6805001F7B3600\",\"Value\":1},{\"Key\":\"F280CCFF0295050013383400\",\"Value\":1},{\"Key\":\"248CCBFF4CA00500B6353400\",\"Value\":3},{\"Key\":\"157ACBFF54A205002A2A3400\",\"Value\":1},{\"Key\":\"9484CBFF3F9F0500574D3400\",\"Value\":1},{\"Key\":\"D47ECBFF55A0050086423400\",\"Value\":1},{\"Key\":\"3051CBFFF7A20500464F3400\",\"Value\":1},{\"Key\":\"4281CBFF2F9D0500AE6C3400\",\"Value\":1},{\"Key\":\"7536CBFFCD9F0500CA933400\",\"Value\":1},{\"Key\":\"5433CBFF6A9E050016A43400\",\"Value\":1},{\"Key\":\"4923CBFFBDA00500C0933400\",\"Value\":1},{\"Key\":\"8A46CBFF569D05004AA43400\",\"Value\":1},{\"Key\":\"C845CBFF279C050077B13400\",\"Value\":1},{\"Key\":\"FB6DCBFFE88F0500CD0D3500\",\"Value\":1},{\"Key\":\"9C6FCBFF6497050069C03400\",\"Value\":1},{\"Key\":\"197CCBFFC19405001CD03400\",\"Value\":1},{\"Key\":\"1C91CBFF9195050021BB3400\",\"Value\":1},{\"Key\":\"0059CBFF9190050092153500\",\"Value\":1},{\"Key\":\"1551CBFF49930500C7043500\",\"Value\":1},{\"Key\":\"0283CBFFDC95050046C03400\",\"Value\":1},{\"Key\":\"1B36CBFFD09405001E063500\",\"Value\":1},{\"Key\":\"FE46CBFFDE95050040F13400\",\"Value\":1},{\"Key\":\"A233CBFF27980500D9E83400\",\"Value\":1},{\"Key\":\"0121CBFFD59705005CFB3400\",\"Value\":1},{\"Key\":\"E534CBFF059A05006AD43400\",\"Value\":1},{\"Key\":\"0E0DCBFF359B050082E93400\",\"Value\":1},{\"Key\":\"9C0ECBFFD79C050084D43400\",\"Value\":1},{\"Key\":\"BEFACAFF909B050058F13400\",\"Value\":1},{\"Key\":\"2189CBFF85910500E4EE3400\",\"Value\":1},{\"Key\":\"AEE9CAFF449F0500ABD33400\",\"Value\":1},{\"Key\":\"6C88CAFF85A5050062CB3400\",\"Value\":1},{\"Key\":\"E24ECAFF5AA005009BFB3400\",\"Value\":1},{\"Key\":\"073BCAFFCA9B05002D163500\",\"Value\":1},{\"Key\":\"5F29CAFF29990500FB0D3500\",\"Value\":1},{\"Key\":\"4D3ACAFF019A050086253500\",\"Value\":1},{\"Key\":\"4B29CAFF77960500172B3500\",\"Value\":1},{\"Key\":\"24CAC9FFB67605007F513500\",\"Value\":1},{\"Key\":\"1C8FC9FF7662050039753500\",\"Value\":1},{\"Key\":\"AE8EC9FF766205001A843500\",\"Value\":1},{\"Key\":\"F169C9FF76620500F0893500\",\"Value\":1},{\"Key\":\"5057C9FF76620500B0C33500\",\"Value\":1},{\"Key\":\"4244C9FF76620500EDCC3500\",\"Value\":1},{\"Key\":\"1257C9FF7662050084D63500\",\"Value\":1},{\"Key\":\"94D1C8FF82640500B1523600\",\"Value\":1},{\"Key\":\"A0BCC8FF8A630500296A3600\",\"Value\":1},{\"Key\":\"6A8BC8FFCB6B05007D153700\",\"Value\":1},{\"Key\":\"59BDC8FF9472050097723700\",\"Value\":1},{\"Key\":\"9DD1C8FF9B740500FC833700\",\"Value\":1},{\"Key\":\"6170C8FF11750500D1AD3700\",\"Value\":1},{\"Key\":\"B51CC9FF79720500EAB13700\",\"Value\":1},{\"Key\":\"55B5C9FFF06E050049003700\",\"Value\":1},{\"Key\":\"F2A6C9FF576A0500AABA3600\",\"Value\":1},{\"Key\":\"C377C9FF287A050051A33200\",\"Value\":1},{\"Key\":\"6978C9FFDE6B0500E7503300\",\"Value\":3},{\"Key\":\"CC0AC9FF7662050066213500\",\"Value\":1},{\"Key\":\"AD96C8FF897805009A9D3700\",\"Value\":1},{\"Key\":\"A75EC8FF8F700500B1AA3700\",\"Value\":1},{\"Key\":\"6826C8FF8A6305003A4A3700\",\"Value\":1},{\"Key\":\"345DC8FF606605006B4F3700\",\"Value\":1},{\"Key\":\"3CD1C8FF9B7A050095AA3700\",\"Value\":1},{\"Key\":\"A9D1C8FFF477050004973700\",\"Value\":1},{\"Key\":\"CC5EC8FF02660500DE403700\",\"Value\":1},{\"Key\":\"2874C7FF8A6305005D003700\",\"Value\":1}],\"SerializedName\":\"WorldObjectLocatorManager\",\"UniqueFile\":true}"}}