{"Version":"0.0.0","Data":{"StructureDestruction":"{\"Version\":\"0.0.0\",\"Data\":[{\"TypeID\":9,\"InstanceID\":15,\"Info\":{\"Health\":375.0,\"MaxHealth\":1200.0,\"ElementCount\":2,\"MaxElements\":5,\"BreakCount\":3.75}},{\"TypeID\":9,\"InstanceID\":16,\"Info\":{\"Health\":225.0,\"MaxHealth\":1200.0,\"ElementCount\":1,\"MaxElements\":5,\"BreakCount\":3.75}},{\"TypeID\":9,\"InstanceID\":12,\"Info\":{\"Health\":1170.0,\"MaxHealth\":1200.0,\"ElementCount\":5,\"MaxElements\":5,\"BreakCount\":3.75,\"CanBreakTopElement\":true}},{\"TypeID\":37,\"InstanceID\":3,\"Info\":{\"Health\":950.0,\"MaxHealth\":1200.0,\"ElementCount\":5,\"MaxElements\":5,\"BreakCount\":3.75,\"CanBreakTopElement\":true}},{\"TypeID\":18,\"InstanceID\":60,\"Info\":{\"Health\":30.0,\"MaxHealth\":60.0,\"ElementCount\":1,\"MaxElements\":1,\"BreakCount\":0.75,\"CanBreakTopElement\":true}},{\"TypeID\":9,\"InstanceID\":40,\"Info\":{\"Health\":928.75,\"MaxHealth\":1200.0,\"ElementCount\":4,\"MaxElements\":5,\"BreakCount\":3.75,\"CanBreakTopElement\":true}},{\"TypeID\":20,\"InstanceID\":36,\"Info\":{\"Health\":1085.0,\"MaxHealth\":1200.0,\"ElementCount\":1,\"MaxElements\":1,\"BreakCount\":0.75,\"CanBreakTopElement\":true}},{\"TypeID\":20,\"InstanceID\":30,\"Info\":{\"Health\":450.0,\"MaxHealth\":480.0,\"ElementCount\":1,\"MaxElements\":1,\"BreakCount\":0.75,\"CanBreakTopElement\":true}},{\"TypeID\":9,\"InstanceID\":21,\"Info\":{\"Health\":1168.75,\"MaxHealth\":1200.0,\"ElementCount\":5,\"MaxElements\":5,\"BreakCount\":3.75,\"CanBreakTopElement\":true}},{\"TypeID\":9,\"InstanceID\":61,\"Info\":{\"Health\":225.0,\"MaxHealth\":1200.0,\"ElementCount\":1,\"MaxElements\":5,\"BreakCount\":3.75}},{\"TypeID\":20,\"InstanceID\":31,\"Info\":{\"Health\":450.0,\"MaxHealth\":480.0,\"ElementCount\":1,\"MaxElements\":1,\"BreakCount\":0.75,\"CanBreakTopElement\":true}},{\"TypeID\":2,\"InstanceID\":144,\"Info\":{\"Health\":252.121216,\"MaxHealth\":314.621216,\"ElementCount\":1,\"MaxElements\":1,\"BreakCount\":0.75,\"CanBreakTopElement\":true}},{\"TypeID\":9,\"InstanceID\":24,\"Info\":{\"Health\":1185.0,\"MaxHealth\":1200.0,\"ElementCount\":5,\"MaxElements\":5,\"BreakCount\":3.75,\"CanBreakTopElement\":true}},{\"TypeID\":2,\"InstanceID\":184,\"Info\":{\"Health\":156.0,\"MaxHealth\":216.0,\"ElementCount\":1,\"MaxElements\":1,\"BreakCount\":0.75,\"CanBreakTopElement\":true}},{\"TypeID\":9,\"InstanceID\":54,\"Info\":{\"Health\":1125.0,\"MaxHealth\":1200.0,\"ElementCount\":5,\"MaxElements\":5,\"BreakCount\":3.75,\"CanBreakTopElement\":true}},{\"TypeID\":9,\"InstanceID\":56,\"Info\":{\"Health\":1170.0,\"MaxHealth\":1200.0,\"ElementCount\":5,\"MaxElements\":5,\"BreakCount\":3.75,\"CanBreakTopElement\":true}},{\"TypeID\":2,\"InstanceID\":126,\"Info\":{\"Health\":400.109,\"MaxHealth\":490.109,\"ElementCount\":1,\"MaxElements\":1,\"BreakCount\":0.75,\"CanBreakTopElement\":true}},{\"TypeID\":2,\"InstanceID\":172,\"Info\":{\"Health\":108.0,\"MaxHealth\":138.0,\"ElementCount\":1,\"MaxElements\":1,\"BreakCount\":0.75,\"CanBreakTopElement\":true}},{\"TypeID\":9,\"InstanceID\":43,\"Info\":{\"Health\":1043.75,\"MaxHealth\":1200.0,\"ElementCount\":5,\"MaxElements\":5,\"BreakCount\":3.75,\"CanBreakTopElement\":true}},{\"TypeID\":2,\"InstanceID\":140,\"Info\":{\"Health\":2960.19067,\"MaxHealth\":3020.19067,\"ElementCount\":1,\"MaxElements\":1,\"BreakCount\":0.75,\"CanBreakTopElement\":true}},{\"TypeID\":21,\"InstanceID\":16,\"Info\":{\"Health\":3698.0,\"MaxHealth\":3768.0,\"ElementCount\":2,\"MaxElements\":2,\"BreakCount\":1.5,\"CanBreakTopElement\":true}},{\"TypeID\":9,\"InstanceID\":35,\"Info\":{\"Health\":918.75,\"MaxHealth\":1200.0,\"ElementCount\":5,\"MaxElements\":5,\"BreakCount\":3.75,\"CanBreakTopElement\":true}},{\"TypeID\":3,\"InstanceID\":442,\"Info\":{\"Health\":915.1528,\"MaxHealth\":945.1528,\"ElementCount\":1,\"MaxElements\":1,\"BreakCount\":0.75,\"CanBreakTopElement\":true}},{\"TypeID\":8,\"InstanceID\":63,\"Info\":{\"Health\":1346.25,\"MaxHealth\":1436.25,\"ElementCount\":5,\"MaxElements\":5,\"BreakCount\":3.75,\"CanBreakTopElement\":true}},{\"TypeID\":2,\"InstanceID\":249,\"Info\":{\"Health\":563.679932,\"MaxHealth\":1363.67993,\"ElementCount\":1,\"MaxElements\":1,\"BreakCount\":0.75,\"CanBreakTopElement\":true}},{\"TypeID\":8,\"InstanceID\":62,\"Info\":{\"Health\":1200.0,\"MaxHealth\":1230.0,\"ElementCount\":5,\"MaxElements\":5,\"BreakCount\":3.75,\"CanBreakTopElement\":true}},{\"TypeID\":2,\"InstanceID\":107,\"Info\":{\"Health\":57.5,\"MaxHealth\":157.5,\"ElementCount\":1,\"MaxElements\":1,\"BreakCount\":0.75,\"CanBreakTopElement\":true}},{\"TypeID\":2,\"InstanceID\":127,\"Info\":{\"Health\":155.0,\"MaxHealth\":255.0,\"ElementCount\":1,\"MaxElements\":1,\"BreakCount\":0.75,\"CanBreakTopElement\":true}},{\"TypeID\":9,\"InstanceID\":29,\"Info\":{\"Health\":1043.75,\"MaxHealth\":1200.0,\"ElementCount\":5,\"MaxElements\":5,\"BreakCount\":3.75,\"CanBreakTopElement\":true}},{\"TypeID\":8,\"InstanceID\":59,\"Info\":{\"Health\":1587.18738,\"MaxHealth\":1737.18738,\"ElementCount\":5,\"MaxElements\":5,\"BreakCount\":3.75,\"CanBreakTopElement\":true}},{\"TypeID\":9,\"InstanceID\":36,\"Info\":{\"Health\":1106.25,\"MaxHealth\":1200.0,\"ElementCount\":5,\"MaxElements\":5,\"BreakCount\":3.75,\"CanBreakTopElement\":true}},{\"TypeID\":3,\"InstanceID\":380,\"Info\":{\"Health\":87.5,\"MaxHealth\":90.0,\"ElementCount\":1,\"MaxElements\":1,\"BreakCount\":0.75,\"CanBreakTopElement\":true}},{\"TypeID\":2,\"InstanceID\":143,\"Info\":{\"Health\":5395.85547,\"MaxHealth\":5485.85547,\"ElementCount\":1,\"MaxElements\":1,\"BreakCount\":0.75,\"CanBreakTopElement\":true}},{\"TypeID\":2,\"InstanceID\":228,\"Info\":{\"Health\":155.0,\"MaxHealth\":157.5,\"ElementCount\":1,\"MaxElements\":1,\"BreakCount\":0.75,\"CanBreakTopElement\":true}},{\"TypeID\":9,\"InstanceID\":30,\"Info\":{\"Health\":1137.5,\"MaxHealth\":1200.0,\"ElementCount\":5,\"MaxElements\":5,\"BreakCount\":3.75,\"CanBreakTopElement\":true}},{\"TypeID\":2,\"InstanceID\":173,\"Info\":{\"Health\":156.999985,\"MaxHealth\":176.999985,\"ElementCount\":1,\"MaxElements\":1,\"BreakCount\":0.75,\"CanBreakTopElement\":true}},{\"TypeID\":3,\"InstanceID\":417,\"Info\":{\"Health\":2044.78735,\"MaxHealth\":2064.78735,\"ElementCount\":1,\"MaxElements\":1,\"BreakCount\":0.75,\"CanBreakTopElement\":true}},{\"TypeID\":3,\"InstanceID\":339,\"Info\":{\"Health\":30.0,\"MaxHealth\":60.0,\"ElementCount\":1,\"MaxElements\":1,\"BreakCount\":0.75,\"CanBreakTopElement\":true}},{\"TypeID\":21,\"InstanceID\":22,\"Info\":{\"Health\":897.5,\"MaxHealth\":960.0,\"ElementCount\":2,\"MaxElements\":2,\"BreakCount\":1.5,\"CanBreakTopElement\":true}},{\"TypeID\":2,\"InstanceID\":158,\"Info\":{\"Health\":98.49999,\"MaxHealth\":118.499992,\"ElementCount\":1,\"MaxElements\":1,\"BreakCount\":0.75,\"CanBreakTopElement\":true}},{\"TypeID\":2,\"InstanceID\":101,\"Info\":{\"Health\":272.0,\"MaxHealth\":274.5,\"ElementCount\":1,\"MaxElements\":1,\"BreakCount\":0.75,\"CanBreakTopElement\":true}},{\"TypeID\":4,\"InstanceID\":126,\"Info\":{\"Health\":250.0,\"MaxHealth\":300.0,\"ElementCount\":5,\"MaxElements\":5,\"BreakCount\":3.75,\"CanBreakTopElement\":true}}]}"}}