{"Version":"0.0.0","Data":{"GameState":"{\"Version\":\"0.0.0\",\"GameName\":\"Custom 15 Days 10:20:47\",\"SaveTime\":\"2024-02-13T14:44:12.5759474-08:00\",\"GameType\":\"Custom\",\"GameId\":\"4613be30-5483-4984-807a-338f9264a731\",\"GameDays\":15,\"GameHours\":10,\"GameMinutes\":21,\"GameSeconds\":8,\"GameMilliseconds\":503,\"CrashSite\":\"snow\",\"NamedIntDatas\":[{\"SaveObjectNameId\":\"None\"},{\"SaveObjectNameId\":\"LuxuryBunker.HellDoorCaveEntrance\"},{\"SaveObjectNameId\":\"HangingTacticalGpsPickedUp\",\"SaveValue\":1},{\"SaveObjectNameId\":\"BuriedTacticalGpsPickedUp\"},{\"SaveObjectNameId\":\"RaftTacticalGpsPickeUp\",\"SaveValue\":1},{\"SaveObjectNameId\":\"BunkerA.EntranceHatch\"},{\"SaveObjectNameId\":\"BunkerB.EntranceHatch\"},{\"SaveObjectNameId\":\"BunkerC.EntranceHatch\"},{\"SaveObjectNameId\":\"HangingTactical\",\"SaveValue\":1},{\"SaveObjectNameId\":\"HangingTacticalCutDown\",\"SaveValue\":1}]}"}}