{"Version":"0.0.0","Data":{"GameState":"{\"Version\":\"0.0.0\",\"GameName\":\"Custom 14 Days 17:30:59\",\"SaveTime\":\"2024-02-13T14:31:20.6449206-08:00\",\"GameType\":\"Custom\",\"GameId\":\"4613be30-5483-4984-807a-338f9264a731\",\"GameDays\":14,\"GameHours\":17,\"GameMinutes\":31,\"GameSeconds\":15,\"GameMilliseconds\":299,\"CrashSite\":\"snow\",\"NamedIntDatas\":[{\"SaveObjectNameId\":\"None\"},{\"SaveObjectNameId\":\"LuxuryBunker.HellDoorCaveEntrance\"},{\"SaveObjectNameId\":\"HangingTacticalGpsPickedUp\",\"SaveValue\":1},{\"SaveObjectNameId\":\"BuriedTacticalGpsPickedUp\"},{\"SaveObjectNameId\":\"RaftTacticalGpsPickeUp\",\"SaveValue\":1},{\"SaveObjectNameId\":\"BunkerA.EntranceHatch\"},{\"SaveObjectNameId\":\"BunkerB.EntranceHatch\"},{\"SaveObjectNameId\":\"BunkerC.EntranceHatch\"},{\"SaveObjectNameId\":\"HangingTactical\",\"SaveValue\":1},{\"SaveObjectNameId\":\"HangingTacticalCutDown\",\"SaveValue\":1}]}"}}