{"Version":"0.0.0","Data":{"PlayerInventory":"{\"Version\":\"0.0.0\",\"QuickSelect\":{\"Version\":\"0.0.0\",\"Slots\":[{\"ItemId\":379,\"Age\":88.46154},{\"ItemId\":474,\"Age\":88.46154},{\"ItemId\":393,\"Age\":88.46154},{\"ItemId\":355,\"Age\":88.46154},{\"ItemId\":437,\"Age\":88.46154},{\"ItemId\":425,\"Age\":88.46154},{\"ItemId\":381,\"Age\":88.46154},{\"ItemId\":476,\"Age\":88.46154},{\"ItemId\":589,\"Age\":88.46154}]},\"EquippedItems\":[{\"ItemId\":504,\"Modules\":[]},{\"ItemId\":412,\"Modules\":[]}],\"ItemInstanceManagerData\":{\"Version\":\"0.0.0\",\"ItemBlocks\":[{\"ItemId\":402,\"TotalCount\":1,\"UniqueItems\":[{\"Modules\":[{\"Version\":\"0.0.0\"}]}]},{\"ItemId\":380,\"TotalCount\":1,\"UniqueItems\":[{\"Modules\":[{\"Version\":\"0.0.0\"}]}]},{\"ItemId\":351,\"TotalCount\":1,\"UniqueItems\":[]},{\"ItemId\":552,\"TotalCount\":1,\"UniqueItems\":[]},{\"ItemId\":690,\"TotalCount\":1,\"UniqueItems\":[]},{\"ItemId\":486,\"TotalCount\":1,\"UniqueItems\":[]},{\"ItemId\":589,\"TotalCount\":1,\"UniqueItems\":[]},{\"ItemId\":413,\"TotalCount\":1,\"UniqueItems\":[]},{\"ItemId\":419,\"TotalCount\":13,\"UniqueItems\":[]},{\"ItemId\":437,\"TotalCount\":2,\"UniqueItems\":[]},{\"ItemId\":504,\"TotalCount\":1,\"UniqueItems\":[]},{\"ItemId\":364,\"TotalCount\":41,\"UniqueItems\":[]},{\"ItemId\":387,\"TotalCount\":5,\"UniqueItems\":[]},{\"ItemId\":523,\"TotalCount\":8,\"UniqueItems\":[]},{\"ItemId\":362,\"TotalCount\":5,\"UniqueItems\":[]},{\"ItemId\":381,\"TotalCount\":3,\"UniqueItems\":[]},{\"ItemId\":476,\"TotalCount\":24,\"UniqueItems\":[]},{\"ItemId\":446,\"TotalCount\":20,\"UniqueItems\":[]},{\"ItemId\":452,\"TotalCount\":20,\"UniqueItems\":[]},{\"ItemId\":474,\"TotalCount\":2,\"UniqueItems\":[{\"Modules\":[{\"Version\":\"0.0.0\"},{\"AmmoType\":474,\"CurrentAmmo\":1,\"WeaponModIds\":[],\"Version\":\"0.0.0\",\"ModuleId\":4}]},{\"Modules\":[{\"Version\":\"0.0.0\"},{\"AmmoType\":474,\"CurrentAmmo\":1,\"WeaponModIds\":[],\"Version\":\"0.0.0\",\"ModuleId\":4}]}]},{\"ItemId\":465,\"TotalCount\":4,\"UniqueItems\":[]},{\"ItemId\":410,\"TotalCount\":5,\"UniqueItems\":[]},{\"ItemId\":439,\"TotalCount\":3,\"UniqueItems\":[]},{\"ItemId\":445,\"TotalCount\":20,\"UniqueItems\":[]},{\"ItemId\":449,\"TotalCount\":13,\"UniqueItems\":[]},{\"ItemId\":453,\"TotalCount\":1,\"UniqueItems\":[]},{\"ItemId\":448,\"TotalCount\":9,\"UniqueItems\":[]},{\"ItemId\":634,\"TotalCount\":3,\"UniqueItems\":[]},{\"ItemId\":500,\"TotalCount\":1,\"UniqueItems\":[]},{\"ItemId\":425,\"TotalCount\":4,\"UniqueItems\":[]},{\"ItemId\":527,\"TotalCount\":2,\"UniqueItems\":[]},{\"ItemId\":484,\"TotalCount\":1000,\"UniqueItems\":[]},{\"ItemId\":601,\"TotalCount\":1,\"UniqueItems\":[]},{\"ItemId\":403,\"TotalCount\":9,\"UniqueItems\":[]},{\"ItemId\":434,\"TotalCount\":5,\"UniqueItems\":[]},{\"ItemId\":605,\"TotalCount\":2,\"UniqueItems\":[]},{\"ItemId\":420,\"TotalCount\":4,\"UniqueItems\":[]},{\"ItemId\":590,\"TotalCount\":1,\"UniqueItems\":[]},{\"ItemId\":600,\"TotalCount\":3,\"UniqueItems\":[]},{\"ItemId\":432,\"TotalCount\":1,\"UniqueItems\":[]},{\"ItemId\":534,\"TotalCount\":1,\"UniqueItems\":[]},{\"ItemId\":524,\"TotalCount\":5,\"UniqueItems\":[]},{\"ItemId\":414,\"TotalCount\":4,\"UniqueItems\":[]},{\"ItemId\":454,\"TotalCount\":4,\"UniqueItems\":[]},{\"ItemId\":597,\"TotalCount\":1,\"UniqueItems\":[]},{\"ItemId\":397,\"TotalCount\":1,\"UniqueItems\":[]},{\"ItemId\":603,\"TotalCount\":5,\"UniqueItems\":[]},{\"ItemId\":606,\"TotalCount\":3,\"UniqueItems\":[]},{\"ItemId\":379,\"TotalCount\":1,\"UniqueItems\":[{\"Modules\":[{\"Version\":\"0.0.0\"},{\"Version\":\"0.0.0\",\"ModuleId\":8}]}]},{\"ItemId\":390,\"TotalCount\":400,\"UniqueItems\":[]},{\"ItemId\":373,\"TotalCount\":3,\"UniqueItems\":[{\"Modules\":[{\"Version\":\"0.0.0\",\"ModuleId\":9}]},{\"Modules\":[{\"Version\":\"0.0.0\",\"ModuleId\":9}]},{\"Modules\":[{\"Version\":\"0.0.0\",\"ModuleId\":9}]}]},{\"ItemId\":479,\"TotalCount\":11,\"UniqueItems\":[]},{\"ItemId\":443,\"TotalCount\":1,\"UniqueItems\":[{\"Modules\":[{\"AmmoType\":507,\"WeaponModIds\":[],\"Version\":\"0.0.0\",\"ModuleId\":4}]}]},{\"ItemId\":496,\"TotalCount\":172,\"UniqueItems\":[]},{\"ItemId\":599,\"TotalCount\":5,\"UniqueItems\":[]},{\"ItemId\":441,\"TotalCount\":4,\"UniqueItems\":[]},{\"ItemId\":529,\"TotalCount\":1,\"UniqueItems\":[{\"Modules\":[{\"ShowBreadcrumbs\":true,\"Version\":\"0.0.0\",\"ModuleId\":2}]}]},{\"ItemId\":471,\"TotalCount\":1,\"UniqueItems\":[{\"Modules\":[{\"RecipeId\":-1,\"CurrentVolume\":75,\"Version\":\"0.0.0\",\"ModuleId\":7}]}]},{\"ItemId\":450,\"TotalCount\":4,\"UniqueItems\":[]},{\"ItemId\":694,\"TotalCount\":1,\"UniqueItems\":[]},{\"ItemId\":400,\"TotalCount\":1,\"UniqueItems\":[]},{\"ItemId\":440,\"TotalCount\":1,\"UniqueItems\":[]},{\"ItemId\":447,\"TotalCount\":11,\"UniqueItems\":[]},{\"ItemId\":604,\"TotalCount\":3,\"UniqueItems\":[]},{\"ItemId\":438,\"TotalCount\":4,\"UniqueItems\":[]},{\"ItemId\":506,\"TotalCount\":1,\"UniqueItems\":[]},{\"ItemId\":466,\"TotalCount\":5,\"UniqueItems\":[]},{\"ItemId\":355,\"TotalCount\":1,\"UniqueItems\":[{\"Modules\":[{\"Version\":\"0.0.0\"},{\"Version\":\"0.0.0\",\"ModuleId\":8},{\"AmmoType\":362,\"WeaponModIds\":[608885360],\"Version\":\"0.0.0\",\"ModuleId\":4}]}]},{\"ItemId\":451,\"TotalCount\":4,\"UniqueItems\":[]},{\"ItemId\":503,\"TotalCount\":1,\"UniqueItems\":[{\"Modules\":[{\"Version\":\"0.0.0\"}]}]},{\"ItemId\":596,\"TotalCount\":2,\"UniqueItems\":[]},{\"ItemId\":393,\"TotalCount\":10,\"UniqueItems\":[]},{\"ItemId\":422,\"TotalCount\":1,\"UniqueItems\":[{\"Modules\":[{\"Version\":\"0.0.0\"}]}]},{\"ItemId\":356,\"TotalCount\":1,\"UniqueItems\":[{\"Modules\":[{\"Version\":\"0.0.0\"},{\"Version\":\"0.0.0\",\"ModuleId\":8}]}]},{\"ItemId\":363,\"TotalCount\":13,\"UniqueItems\":[]},{\"ItemId\":392,\"TotalCount\":18,\"UniqueItems\":[]},{\"ItemId\":595,\"TotalCount\":1,\"UniqueItems\":[]},{\"ItemId\":593,\"TotalCount\":1,\"UniqueItems\":[]},{\"ItemId\":418,\"TotalCount\":5,\"UniqueItems\":[]},{\"ItemId\":416,\"TotalCount\":1,\"UniqueItems\":[]},{\"ItemId\":661,\"TotalCount\":3,\"UniqueItems\":[]},{\"ItemId\":368,\"TotalCount\":1,\"UniqueItems\":[]},{\"ItemId\":415,\"TotalCount\":8,\"UniqueItems\":[]},{\"ItemId\":491,\"TotalCount\":1,\"UniqueItems\":[]},{\"ItemId\":405,\"TotalCount\":6,\"UniqueItems\":[]},{\"ItemId\":502,\"TotalCount\":18,\"UniqueItems\":[]},{\"ItemId\":480,\"TotalCount\":1,\"UniqueItems\":[{\"Modules\":[{\"SourceActorType\":28,\"Version\":\"0.0.0\",\"ModuleId\":1},{\"CurrentState\":1,\"TimeRemainingInState\":4710.19336,\"Version\":\"0.0.0\",\"ModuleId\":3},{\"Version\":\"0.0.0\"}]}]},{\"ItemId\":430,\"TotalCount\":2,\"UniqueItems\":[]},{\"ItemId\":635,\"TotalCount\":1,\"UniqueItems\":[]},{\"ItemId\":557,\"TotalCount\":1,\"UniqueItems\":[]},{\"ItemId\":376,\"TotalCount\":1,\"UniqueItems\":[]}]}}"}}