{"Version":"0.0.0","Data":{"ScrewStructureInstances":"{\"_structures\":[{\"Pos\":{\"x\":-205.2291,\"y\":376.252258,\"z\":52.4127045},\"Rot\":{\"y\":0.6869613,\"w\":0.7266941},\"Storages\":[{\"Version\":\"0.0.0\",\"ItemBlocks\":[{\"ItemId\":479,\"TotalCount\":5,\"UniqueItems\":[]}]}],\"Modules\":[]},{\"Id\":35,\"Pos\":{\"x\":-214.626419,\"y\":373.8525,\"z\":25.4535255},\"Rot\":{\"x\":-0.0490799472,\"y\":0.7189688,\"z\":0.03399775,\"w\":-0.6924733},\"Storages\":[{\"Version\":\"0.0.0\",\"ItemBlocks\":[{\"ItemId\":436,\"TotalCount\":5,\"UniqueItems\":[{\"Modules\":[{\"CurrentState\":1,\"TimeRemainingInState\":86400.0,\"PauseDecay\":true,\"Version\":\"0.0.0\",\"ModuleId\":3}]},{\"Modules\":[{\"CurrentState\":1,\"TimeRemainingInState\":86400.0,\"PauseDecay\":true,\"Version\":\"0.0.0\",\"ModuleId\":3}]},{\"Modules\":[{\"CurrentState\":1,\"TimeRemainingInState\":86400.0,\"PauseDecay\":true,\"Version\":\"0.0.0\",\"ModuleId\":3}]},{\"Modules\":[{\"CurrentState\":1,\"TimeRemainingInState\":86400.0,\"PauseDecay\":true,\"Version\":\"0.0.0\",\"ModuleId\":3}]},{\"Modules\":[{\"CurrentState\":1,\"TimeRemainingInState\":86400.0,\"PauseDecay\":true,\"Version\":\"0.0.0\",\"ModuleId\":3}]}]}]}],\"Modules\":[]},{\"Id\":62,\"Pos\":{\"x\":-204.995468,\"y\":374.703278,\"z\":40.9390945},\"Rot\":{\"x\":0.04828399,\"y\":0.9972663,\"z\":0.032941483,\"w\":0.04520539},\"Storages\":[{\"Version\":\"0.0.0\",\"ItemBlocks\":[{\"ItemId\":640,\"TotalCount\":14,\"UniqueItems\":[]}]}],\"Modules\":[]},{\"Id\":51,\"Pos\":{\"x\":-205.900528,\"y\":378.362335,\"z\":16.8549824},\"Rot\":{\"y\":0.19900094,\"w\":0.9799993},\"Storages\":[{\"Version\":\"0.0.0\",\"ItemBlocks\":[{\"ItemId\":403,\"TotalCount\":5,\"UniqueItems\":[]}]},{\"Version\":\"0.0.0\",\"ItemBlocks\":[{\"ItemId\":418,\"TotalCount\":6,\"UniqueItems\":[]}]},{\"Version\":\"0.0.0\",\"ItemBlocks\":[{\"ItemId\":504,\"TotalCount\":4,\"UniqueItems\":[]}]},{\"Version\":\"0.0.0\",\"ItemBlocks\":[{\"ItemId\":415,\"TotalCount\":7,\"UniqueItems\":[]}]}],\"Modules\":[]},{\"Id\":67,\"Pos\":{\"x\":-204.247955,\"y\":374.82547,\"z\":38.06833},\"Rot\":{\"x\":-0.0162777528,\"y\":-0.994071841,\"z\":-0.0455198623,\"w\":-0.09738694},\"Storages\":[{\"Version\":\"0.0.0\",\"ItemBlocks\":[{\"ItemId\":78,\"TotalCount\":9,\"UniqueItems\":[]}]}],\"Modules\":[]},{\"Id\":52,\"Pos\":{\"x\":-203.358688,\"y\":376.160919,\"z\":28.14483},\"Rot\":{\"y\":0.8130489,\"w\":0.582195461},\"Storages\":[],\"Modules\":[]},{\"Id\":29,\"Pos\":{\"x\":-201.05304,\"y\":376.8359,\"z\":22.4015675},\"Rot\":{\"y\":0.175369471,\"w\":0.984502733},\"Storages\":[{\"Version\":\"0.0.0\",\"ItemBlocks\":[]}],\"Modules\":[]},{\"Id\":31,\"Pos\":{\"x\":-204.376022,\"y\":374.9549,\"z\":35.71083},\"Rot\":{\"x\":-0.0221686,\"y\":0.997205436,\"z\":0.0128523735,\"w\":0.07017654},\"Storages\":[{\"Version\":\"0.0.0\",\"ItemBlocks\":[{\"ItemId\":393,\"TotalCount\":5,\"UniqueItems\":[]}]}],\"Modules\":[]},{\"Id\":29,\"Pos\":{\"x\":-203.388916,\"y\":376.8359,\"z\":23.4448166},\"Rot\":{\"y\":-0.2233641,\"w\":-0.974735141},\"Storages\":[{\"Version\":\"0.0.0\",\"ItemBlocks\":[]}],\"Modules\":[]},{\"Id\":35,\"Pos\":{\"x\":-211.210724,\"y\":373.265747,\"z\":30.2592373},\"Rot\":{\"x\":0.07216439,\"y\":0.00249921973,\"z\":-0.0114469193,\"w\":0.997324},\"Storages\":[{\"Version\":\"0.0.0\",\"ItemBlocks\":[{\"ItemId\":436,\"TotalCount\":5,\"UniqueItems\":[{\"Modules\":[{\"CurrentState\":1,\"TimeRemainingInState\":86400.0,\"PauseDecay\":true,\"Version\":\"0.0.0\",\"ModuleId\":3}]},{\"Modules\":[{\"CurrentState\":1,\"TimeRemainingInState\":86400.0,\"PauseDecay\":true,\"Version\":\"0.0.0\",\"ModuleId\":3}]},{\"Modules\":[{\"CurrentState\":1,\"TimeRemainingInState\":86400.0,\"PauseDecay\":true,\"Version\":\"0.0.0\",\"ModuleId\":3}]},{\"Modules\":[{\"CurrentState\":1,\"TimeRemainingInState\":86400.0,\"PauseDecay\":true,\"Version\":\"0.0.0\",\"ModuleId\":3}]},{\"Modules\":[{\"CurrentState\":1,\"TimeRemainingInState\":86400.0,\"PauseDecay\":true,\"Version\":\"0.0.0\",\"ModuleId\":3}]}]}]}],\"Modules\":[]},{\"Id\":35,\"Pos\":{\"x\":-217.934464,\"y\":374.2492,\"z\":22.3942261},\"Rot\":{\"x\":0.02749811,\"y\":0.899958849,\"z\":0.07758709,\"w\":-0.4281335},\"Storages\":[{\"Version\":\"0.0.0\",\"ItemBlocks\":[{\"ItemId\":436,\"TotalCount\":5,\"UniqueItems\":[{\"Modules\":[{\"CurrentState\":1,\"TimeRemainingInState\":86400.0,\"PauseDecay\":true,\"Version\":\"0.0.0\",\"ModuleId\":3}]},{\"Modules\":[{\"CurrentState\":1,\"TimeRemainingInState\":86400.0,\"PauseDecay\":true,\"Version\":\"0.0.0\",\"ModuleId\":3}]},{\"Modules\":[{\"CurrentState\":1,\"TimeRemainingInState\":86400.0,\"PauseDecay\":true,\"Version\":\"0.0.0\",\"ModuleId\":3}]},{\"Modules\":[{\"CurrentState\":1,\"TimeRemainingInState\":86400.0,\"PauseDecay\":true,\"Version\":\"0.0.0\",\"ModuleId\":3}]},{\"Modules\":[{\"CurrentState\":1,\"TimeRemainingInState\":86400.0,\"PauseDecay\":true,\"Version\":\"0.0.0\",\"ModuleId\":3}]}]}]}],\"Modules\":[]},{\"Id\":84,\"Pos\":{\"x\":-200.687134,\"y\":376.160919,\"z\":30.7019444},\"Rot\":{\"y\":-0.198787808,\"w\":-0.9800426},\"Storages\":[{\"Version\":\"0.0.0\",\"ItemBlocks\":[{\"ItemId\":576,\"TotalCount\":11,\"UniqueItems\":[]}]}],\"Modules\":[]},{\"Id\":84,\"Pos\":{\"x\":-199.54071,\"y\":376.160919,\"z\":30.2197876},\"Rot\":{\"y\":-0.193160251,\"w\":-0.981167257},\"Storages\":[{\"Version\":\"0.0.0\",\"ItemBlocks\":[{\"ItemId\":576,\"TotalCount\":12,\"UniqueItems\":[]}]}],\"Modules\":[]},{\"Id\":20,\"Pos\":{\"x\":-201.078659,\"y\":376.160919,\"z\":28.4231033},\"Rot\":{\"y\":-0.452228278,\"w\":0.891902268},\"Storages\":[],\"Modules\":[]},{\"Id\":22,\"Pos\":{\"x\":-201.796432,\"y\":376.8359,\"z\":20.885458},\"Rot\":{\"y\":-0.848832846,\"w\":-0.5286613},\"Storages\":[],\"Modules\":[]},{\"Id\":27,\"Pos\":{\"x\":-203.896881,\"y\":376.160919,\"z\":31.9028473},\"Rot\":{\"y\":-0.145953849,\"w\":-0.9892914},\"Storages\":[{\"Version\":\"0.0.0\",\"ItemBlocks\":[{\"ItemId\":436,\"TotalCount\":1,\"UniqueItems\":[{\"Modules\":[{\"CurrentState\":4,\"TimeRemainingInState\":172800.0,\"PauseDecay\":true,\"Version\":\"0.0.0\",\"ModuleId\":3}]}]}]}],\"Modules\":[]},{\"Id\":32,\"Pos\":{\"x\":-188.107086,\"y\":373.645477,\"z\":62.54816},\"Rot\":{\"x\":0.02839519,\"y\":0.09825625,\"z\":0.006214209,\"w\":0.994736552},\"Storages\":[{\"Version\":\"0.0.0\",\"ItemBlocks\":[{\"ItemId\":405,\"TotalCount\":12,\"UniqueItems\":[]}]}],\"Modules\":[]},{\"Id\":58,\"Pos\":{\"x\":-204.299255,\"y\":385.008026,\"z\":1.60550308},\"Rot\":{\"x\":0.02771155,\"y\":0.9959181,\"z\":0.0131934294,\"w\":0.08488317},\"Storages\":[{\"Version\":\"0.0.0\",\"ItemBlocks\":[]},{\"Version\":\"0.0.0\",\"ItemBlocks\":[]},{\"Version\":\"0.0.0\",\"ItemBlocks\":[]},{\"Version\":\"0.0.0\",\"ItemBlocks\":[{\"ItemId\":392,\"TotalCount\":40,\"UniqueItems\":[]}]},{\"Version\":\"0.0.0\",\"ItemBlocks\":[]},{\"Version\":\"0.0.0\",\"ItemBlocks\":[{\"ItemId\":392,\"TotalCount\":14,\"UniqueItems\":[]}]},{\"Version\":\"0.0.0\",\"ItemBlocks\":[]},{\"Version\":\"0.0.0\",\"ItemBlocks\":[{\"ItemId\":392,\"TotalCount\":15,\"UniqueItems\":[]}]},{\"Version\":\"0.0.0\",\"ItemBlocks\":[]},{\"Version\":\"0.0.0\",\"ItemBlocks\":[]},{\"Version\":\"0.0.0\",\"ItemBlocks\":[]}],\"Modules\":[]},{\"Id\":51,\"Pos\":{\"x\":-207.220184,\"y\":378.3598,\"z\":17.4161358},\"Rot\":{\"y\":0.199014142,\"w\":0.9799966},\"Storages\":[{\"Version\":\"0.0.0\",\"ItemBlocks\":[{\"ItemId\":362,\"TotalCount\":1,\"UniqueItems\":[]}]},{\"Version\":\"0.0.0\",\"ItemBlocks\":[{\"ItemId\":414,\"TotalCount\":6,\"UniqueItems\":[]}]},{\"Version\":\"0.0.0\",\"ItemBlocks\":[{\"ItemId\":437,\"TotalCount\":5,\"UniqueItems\":[]}]},{\"Version\":\"0.0.0\",\"ItemBlocks\":[{\"ItemId\":388,\"TotalCount\":3,\"UniqueItems\":[]}]}],\"Modules\":[]},{\"Id\":51,\"Pos\":{\"x\":-208.30629,\"y\":378.378876,\"z\":17.8740482},\"Rot\":{\"y\":0.198992357,\"w\":0.980001032},\"Storages\":[{\"Version\":\"0.0.0\",\"ItemBlocks\":[{\"ItemId\":364,\"TotalCount\":4,\"UniqueItems\":[]}]},{\"Version\":\"0.0.0\",\"ItemBlocks\":[{\"ItemId\":434,\"TotalCount\":1,\"UniqueItems\":[]}]},{\"Version\":\"0.0.0\",\"ItemBlocks\":[{\"ItemId\":369,\"TotalCount\":12,\"UniqueItems\":[]}]},{\"Version\":\"0.0.0\",\"ItemBlocks\":[{\"ItemId\":420,\"TotalCount\":3,\"UniqueItems\":[]}]}],\"Modules\":[]},{\"Id\":49,\"Pos\":{\"x\":-208.119553,\"y\":376.8359,\"z\":18.82778},\"Rot\":{\"y\":-0.834914148,\"w\":-0.55038023},\"Storages\":[{\"Version\":\"0.0.0\",\"ItemBlocks\":[{\"ItemId\":410,\"TotalCount\":6,\"UniqueItems\":[]}]},{\"Version\":\"0.0.0\",\"ItemBlocks\":[{\"ItemId\":440,\"TotalCount\":4,\"UniqueItems\":[]}]},{\"Version\":\"0.0.0\",\"ItemBlocks\":[{\"ItemId\":504,\"TotalCount\":3,\"UniqueItems\":[]}]},{\"Version\":\"0.0.0\",\"ItemBlocks\":[{\"ItemId\":527,\"TotalCount\":2,\"UniqueItems\":[]}]},{\"Version\":\"0.0.0\",\"ItemBlocks\":[{\"ItemId\":420,\"TotalCount\":3,\"UniqueItems\":[]}]},{\"Version\":\"0.0.0\",\"ItemBlocks\":[{\"ItemId\":420,\"TotalCount\":3,\"UniqueItems\":[]}]},{\"Version\":\"0.0.0\",\"ItemBlocks\":[{\"ItemId\":420,\"TotalCount\":3,\"UniqueItems\":[]}]},{\"Version\":\"0.0.0\",\"ItemBlocks\":[{\"ItemId\":496,\"TotalCount\":14,\"UniqueItems\":[]}]},{\"Version\":\"0.0.0\",\"ItemBlocks\":[{\"ItemId\":414,\"TotalCount\":6,\"UniqueItems\":[]}]},{\"Version\":\"0.0.0\",\"ItemBlocks\":[]},{\"Version\":\"0.0.0\",\"ItemBlocks\":[{\"ItemId\":419,\"TotalCount\":1,\"UniqueItems\":[]}]},{\"Version\":\"0.0.0\",\"ItemBlocks\":[{\"ItemId\":479,\"TotalCount\":6,\"UniqueItems\":[]}]}],\"Modules\":[]},{\"Id\":27,\"Pos\":{\"x\":-203.638474,\"y\":374.928436,\"z\":34.76628},\"Rot\":{\"x\":0.0124550713,\"y\":0.0156243527,\"z\":0.04670285,\"w\":-0.998709},\"Storages\":[{\"Version\":\"0.0.0\",\"ItemBlocks\":[{\"ItemId\":433,\"TotalCount\":2,\"UniqueItems\":[{\"Modules\":[{\"CurrentState\":4,\"TimeRemainingInState\":172800.0,\"PauseDecay\":true,\"Version\":\"0.0.0\",\"ModuleId\":3}]},{\"Modules\":[{\"CurrentState\":4,\"TimeRemainingInState\":172800.0,\"PauseDecay\":true,\"Version\":\"0.0.0\",\"ModuleId\":3}]}]}]}],\"Modules\":[]},{\"Id\":48,\"Pos\":{\"x\":-205.063965,\"y\":382.235931,\"z\":21.7609558},\"Rot\":{\"y\":0.929275751,\"w\":-0.3693869},\"Storages\":[],\"Modules\":[]},{\"Id\":23,\"Pos\":{\"x\":-203.6111,\"y\":376.55307,\"z\":25.9101887},\"Rot\":{\"y\":0.1990033,\"w\":0.9799988},\"Storages\":[],\"Modules\":[]},{\"Id\":84,\"Pos\":{\"x\":-200.061172,\"y\":376.8359,\"z\":20.2795143},\"Rot\":{\"y\":-0.8294048,\"w\":-0.5586481},\"Storages\":[{\"Version\":\"0.0.0\",\"ItemBlocks\":[{\"ItemId\":576,\"TotalCount\":12,\"UniqueItems\":[]}]}],\"Modules\":[]},{\"Id\":84,\"Pos\":{\"x\":-200.532776,\"y\":376.8359,\"z\":19.2167},\"Rot\":{\"y\":-0.8325203,\"w\":-0.5539945},\"Storages\":[{\"Version\":\"0.0.0\",\"ItemBlocks\":[{\"ItemId\":576,\"TotalCount\":11,\"UniqueItems\":[]}]}],\"Modules\":[]},{\"Id\":56,\"Pos\":{\"x\":-206.280975,\"y\":376.160919,\"z\":28.8867722},\"Rot\":{\"y\":0.56411463,\"w\":-0.825696468},\"Storages\":[],\"Modules\":[]},{\"Id\":23,\"Pos\":{\"x\":-204.689758,\"y\":376.580658,\"z\":26.37544},\"Rot\":{\"y\":0.1990033,\"w\":0.9799988},\"Storages\":[],\"Modules\":[]},{\"Id\":23,\"Pos\":{\"x\":-202.554428,\"y\":376.530548,\"z\":25.45846},\"Rot\":{\"y\":0.199003652,\"w\":0.979998767},\"Storages\":[],\"Modules\":[]},{\"Id\":23,\"Pos\":{\"x\":-201.487473,\"y\":376.522034,\"z\":25.0077629},\"Rot\":{\"y\":0.199003652,\"w\":0.979998767},\"Storages\":[],\"Modules\":[]},{\"Id\":49,\"Pos\":{\"x\":-201.940155,\"y\":376.8359,\"z\":18.5885715},\"Rot\":{\"y\":0.5612062,\"w\":-0.827676},\"Storages\":[{\"Version\":\"0.0.0\",\"ItemBlocks\":[]},{\"Version\":\"0.0.0\",\"ItemBlocks\":[]},{\"Version\":\"0.0.0\",\"ItemBlocks\":[]},{\"Version\":\"0.0.0\",\"ItemBlocks\":[]},{\"Version\":\"0.0.0\",\"ItemBlocks\":[]},{\"Version\":\"0.0.0\",\"ItemBlocks\":[]},{\"Version\":\"0.0.0\",\"ItemBlocks\":[]},{\"Version\":\"0.0.0\",\"ItemBlocks\":[]},{\"Version\":\"0.0.0\",\"ItemBlocks\":[]},{\"Version\":\"0.0.0\",\"ItemBlocks\":[]},{\"Version\":\"0.0.0\",\"ItemBlocks\":[]},{\"Version\":\"0.0.0\",\"ItemBlocks\":[]}],\"Modules\":[]}]}"}}