{"Version":"0.0.0","Data":{"ScrewStructureInstances":"{\"_structures\":[{\"Pos\":{\"x\":-205.2291,\"y\":376.252258,\"z\":52.4127045},\"Rot\":{\"y\":0.6869613,\"w\":0.7266941},\"Storages\":[{\"Version\":\"0.0.0\",\"ItemBlocks\":[{\"ItemId\":479,\"TotalCount\":5,\"UniqueItems\":[]}]}],\"Modules\":[]},{\"Id\":35,\"Pos\":{\"x\":-214.626419,\"y\":373.8525,\"z\":25.4535255},\"Rot\":{\"x\":-0.0490799472,\"y\":0.7189688,\"z\":0.03399775,\"w\":-0.6924733},\"Storages\":[{\"Version\":\"0.0.0\",\"ItemBlocks\":[]}],\"Modules\":[]},{\"Id\":62,\"Pos\":{\"x\":-204.995468,\"y\":374.703278,\"z\":40.9390945},\"Rot\":{\"x\":0.04828399,\"y\":0.9972663,\"z\":0.032941483,\"w\":0.04520539},\"Storages\":[{\"Version\":\"0.0.0\",\"ItemBlocks\":[]}],\"Modules\":[]},{\"Id\":51,\"Pos\":{\"x\":-205.900528,\"y\":378.362335,\"z\":16.8549824},\"Rot\":{\"y\":0.19900094,\"w\":0.9799993},\"Storages\":[{\"Version\":\"0.0.0\",\"ItemBlocks\":[]},{\"Version\":\"0.0.0\",\"ItemBlocks\":[]},{\"Version\":\"0.0.0\",\"ItemBlocks\":[]},{\"Version\":\"0.0.0\",\"ItemBlocks\":[]}],\"Modules\":[]},{\"Id\":67,\"Pos\":{\"x\":-204.247955,\"y\":374.82547,\"z\":38.06833},\"Rot\":{\"x\":-0.0162777528,\"y\":-0.994071841,\"z\":-0.0455198623,\"w\":-0.09738694},\"Storages\":[{\"Version\":\"0.0.0\",\"ItemBlocks\":[]}],\"Modules\":[]},{\"Id\":52,\"Pos\":{\"x\":-203.358688,\"y\":376.160919,\"z\":28.14483},\"Rot\":{\"y\":0.8130489,\"w\":0.582195461},\"Storages\":[],\"Modules\":[]},{\"Id\":29,\"Pos\":{\"x\":-201.05304,\"y\":376.8359,\"z\":22.4015675},\"Rot\":{\"y\":0.175369471,\"w\":0.984502733},\"Storages\":[{\"Version\":\"0.0.0\",\"ItemBlocks\":[{\"ItemId\":392,\"TotalCount\":27,\"UniqueItems\":[]}]}],\"Modules\":[]},{\"Id\":31,\"Pos\":{\"x\":-204.376022,\"y\":374.9549,\"z\":35.71083},\"Rot\":{\"x\":-0.0221686,\"y\":0.997205436,\"z\":0.0128523735,\"w\":0.07017654},\"Storages\":[{\"Version\":\"0.0.0\",\"ItemBlocks\":[{\"ItemId\":393,\"TotalCount\":11,\"UniqueItems\":[]}]}],\"Modules\":[]},{\"Id\":59,\"Pos\":{\"x\":-202.6012,\"y\":385.0448,\"z\":-0.584593236},\"Rot\":{\"x\":0.0452662073,\"y\":0.6235835,\"z\":0.01370259,\"w\":0.780324936},\"Storages\":[{\"Version\":\"0.0.0\",\"ItemBlocks\":[{\"ItemId\":78,\"TotalCount\":6,\"UniqueItems\":[]}]}],\"Modules\":[]},{\"Id\":29,\"Pos\":{\"x\":-203.388916,\"y\":376.8359,\"z\":23.4448166},\"Rot\":{\"y\":-0.2233641,\"w\":-0.974735141},\"Storages\":[{\"Version\":\"0.0.0\",\"ItemBlocks\":[]}],\"Modules\":[]},{\"Id\":35,\"Pos\":{\"x\":-211.210724,\"y\":373.265747,\"z\":30.2592373},\"Rot\":{\"x\":0.07216439,\"y\":0.00249921973,\"z\":-0.0114469193,\"w\":0.997324},\"Storages\":[{\"Version\":\"0.0.0\",\"ItemBlocks\":[]}],\"Modules\":[]},{\"Id\":35,\"Pos\":{\"x\":-217.934464,\"y\":374.2492,\"z\":22.3942261},\"Rot\":{\"x\":0.02749811,\"y\":0.899958849,\"z\":0.07758709,\"w\":-0.4281335},\"Storages\":[{\"Version\":\"0.0.0\",\"ItemBlocks\":[]}],\"Modules\":[]},{\"Id\":27,\"Pos\":{\"x\":-204.134628,\"y\":376.160919,\"z\":31.99283},\"Rot\":{\"y\":0.208857253,\"w\":0.977946162},\"Storages\":[{\"Version\":\"0.0.0\",\"ItemBlocks\":[{\"ItemId\":433,\"TotalCount\":1,\"UniqueItems\":[{\"Modules\":[{\"CurrentState\":1,\"TimeRemainingInState\":81460.22,\"PauseDecay\":true,\"Version\":\"0.0.0\",\"ModuleId\":3}]}]}]}],\"Modules\":[]},{\"Id\":84,\"Pos\":{\"x\":-200.687134,\"y\":376.160919,\"z\":30.7019444},\"Rot\":{\"y\":-0.198787808,\"w\":-0.9800426},\"Storages\":[{\"Version\":\"0.0.0\",\"ItemBlocks\":[{\"ItemId\":576,\"TotalCount\":9,\"UniqueItems\":[]}]}],\"Modules\":[]},{\"Id\":84,\"Pos\":{\"x\":-199.54071,\"y\":376.160919,\"z\":30.2197876},\"Rot\":{\"y\":-0.193160251,\"w\":-0.981167257},\"Storages\":[{\"Version\":\"0.0.0\",\"ItemBlocks\":[{\"ItemId\":576,\"TotalCount\":12,\"UniqueItems\":[]}]}],\"Modules\":[]},{\"Id\":20,\"Pos\":{\"x\":-201.078659,\"y\":376.160919,\"z\":28.4231033},\"Rot\":{\"y\":-0.452228278,\"w\":0.891902268},\"Storages\":[],\"Modules\":[]},{\"Id\":22,\"Pos\":{\"x\":-201.796432,\"y\":376.8359,\"z\":20.885458},\"Rot\":{\"y\":-0.848832846,\"w\":-0.5286613},\"Storages\":[],\"Modules\":[]},{\"Id\":48,\"Pos\":{\"x\":-201.3984,\"y\":379.535919,\"z\":20.5545654},\"Rot\":{\"y\":-0.9786547,\"w\":0.205511764},\"Storages\":[],\"Modules\":[]}]}"}}